sport,date,game_id,status,missing_expected_markets,expected_markets,priority_score,market_weight,final_priority
ncaa_baseball,2026-03-26,6549385,NO_PRICE,"f5,full_game,q1_yrfi,spread,total","f5,full_game,q1_yrfi,spread,total",57,24,81
ncaa_baseball,2026-03-26,6551737,NO_PRICE,"f5,full_game,q1_yrfi,spread,total","f5,full_game,q1_yrfi,spread,total",57,24,81
ncaa_baseball,2026-03-26,6552187,NO_PRICE,"f5,full_game,q1_yrfi,spread,total","f5,full_game,q1_yrfi,spread,total",57,24,81
ncaa_baseball,2026-03-27,6540367,NO_PRICE,"f5,full_game,q1_yrfi,spread,total","f5,full_game,q1_yrfi,spread,total",57,24,81
ncaa_baseball,2026-03-27,6540418,NO_PRICE,"f5,full_game,q1_yrfi,spread,total","f5,full_game,q1_yrfi,spread,total",57,24,81
ncaa_baseball,2026-03-27,6540471,NO_PRICE,"f5,full_game,q1_yrfi,spread,total","f5,full_game,q1_yrfi,spread,total",57,24,81
ncaa_baseball,2026-03-27,6540524,NO_PRICE,"f5,full_game,q1_yrfi,spread,total","f5,full_game,q1_yrfi,spread,total",57,24,81
ncaa_baseball,2026-03-27,6540587,NO_PRICE,"f5,full_game,q1_yrfi,spread,total","f5,full_game,q1_yrfi,spread,total",57,24,81
ncaa_baseball,2026-03-27,6540633,NO_PRICE,"f5,full_game,q1_yrfi,spread,total","f5,full_game,q1_yrfi,spread,total",57,24,81
ncaa_baseball,2026-03-27,6540688,NO_PRICE,"f5,full_game,q1_yrfi,spread,total","f5,full_game,q1_yrfi,spread,total",57,24,81
ncaa_baseball,2026-03-27,6540743,NO_PRICE,"f5,full_game,q1_yrfi,spread,total","f5,full_game,q1_yrfi,spread,total",57,24,81
ncaa_baseball,2026-03-27,6540797,NO_PRICE,"f5,full_game,q1_yrfi,spread,total","f5,full_game,q1_yrfi,spread,total",57,24,81
ncaa_baseball,2026-03-27,6540847,NO_PRICE,"f5,full_game,q1_yrfi,spread,total","f5,full_game,q1_yrfi,spread,total",57,24,81
ncaa_baseball,2026-03-27,6540903,NO_PRICE,"f5,full_game,q1_yrfi,spread,total","f5,full_game,q1_yrfi,spread,total",57,24,81
ncaa_baseball,2026-03-27,6541068,NO_PRICE,"f5,full_game,q1_yrfi,spread,total","f5,full_game,q1_yrfi,spread,total",57,24,81
ncaa_baseball,2026-03-27,6541093,NO_PRICE,"f5,full_game,q1_yrfi,spread,total","f5,full_game,q1_yrfi,spread,total",57,24,81
ncaa_baseball,2026-03-27,6541107,NO_PRICE,"f5,full_game,q1_yrfi,spread,total","f5,full_game,q1_yrfi,spread,total",57,24,81
ncaa_baseball,2026-03-27,6541213,NO_PRICE,"f5,full_game,q1_yrfi,spread,total","f5,full_game,q1_yrfi,spread,total",57,24,81
ncaa_baseball,2026-03-27,6541247,NO_PRICE,"f5,full_game,q1_yrfi,spread,total","f5,full_game,q1_yrfi,spread,total",57,24,81
ncaa_baseball,2026-03-27,6541290,NO_PRICE,"f5,full_game,q1_yrfi,spread,total","f5,full_game,q1_yrfi,spread,total",57,24,81
ncaa_baseball,2026-03-27,6541291,NO_PRICE,"f5,full_game,q1_yrfi,spread,total","f5,full_game,q1_yrfi,spread,total",57,24,81
ncaa_baseball,2026-03-27,6541454,NO_PRICE,"f5,full_game,q1_yrfi,spread,total","f5,full_game,q1_yrfi,spread,total",57,24,81
ncaa_baseball,2026-03-27,6541490,NO_PRICE,"f5,full_game,q1_yrfi,spread,total","f5,full_game,q1_yrfi,spread,total",57,24,81
ncaa_baseball,2026-03-27,6541543,NO_PRICE,"f5,full_game,q1_yrfi,spread,total","f5,full_game,q1_yrfi,spread,total",57,24,81
ncaa_baseball,2026-03-27,6541599,NO_PRICE,"f5,full_game,q1_yrfi,spread,total","f5,full_game,q1_yrfi,spread,total",57,24,81
ncaa_baseball,2026-03-27,6541689,NO_PRICE,"f5,full_game,q1_yrfi,spread,total","f5,full_game,q1_yrfi,spread,total",57,24,81
ncaa_baseball,2026-03-27,6541736,NO_PRICE,"f5,full_game,q1_yrfi,spread,total","f5,full_game,q1_yrfi,spread,total",57,24,81
ncaa_baseball,2026-03-27,6541759,NO_PRICE,"f5,full_game,q1_yrfi,spread,total","f5,full_game,q1_yrfi,spread,total",57,24,81
ncaa_baseball,2026-03-27,6541821,NO_PRICE,"f5,full_game,q1_yrfi,spread,total","f5,full_game,q1_yrfi,spread,total",57,24,81
ncaa_baseball,2026-03-27,6541878,NO_PRICE,"f5,full_game,q1_yrfi,spread,total","f5,full_game,q1_yrfi,spread,total",57,24,81
ncaa_baseball,2026-03-27,6541913,NO_PRICE,"f5,full_game,q1_yrfi,spread,total","f5,full_game,q1_yrfi,spread,total",57,24,81
ncaa_baseball,2026-03-27,6541952,NO_PRICE,"f5,full_game,q1_yrfi,spread,total","f5,full_game,q1_yrfi,spread,total",57,24,81
ncaa_baseball,2026-03-27,6542050,NO_PRICE,"f5,full_game,q1_yrfi,spread,total","f5,full_game,q1_yrfi,spread,total",57,24,81
ncaa_baseball,2026-03-27,6542051,NO_PRICE,"f5,full_game,q1_yrfi,spread,total","f5,full_game,q1_yrfi,spread,total",57,24,81
ncaa_baseball,2026-03-27,6542133,NO_PRICE,"f5,full_game,q1_yrfi,spread,total","f5,full_game,q1_yrfi,spread,total",57,24,81
ncaa_baseball,2026-03-27,6542177,NO_PRICE,"f5,full_game,q1_yrfi,spread,total","f5,full_game,q1_yrfi,spread,total",57,24,81
ncaa_baseball,2026-03-27,6542240,NO_PRICE,"f5,full_game,q1_yrfi,spread,total","f5,full_game,q1_yrfi,spread,total",57,24,81
ncaa_baseball,2026-03-27,6542309,NO_PRICE,"f5,full_game,q1_yrfi,spread,total","f5,full_game,q1_yrfi,spread,total",57,24,81
ncaa_baseball,2026-03-27,6542357,NO_PRICE,"f5,full_game,q1_yrfi,spread,total","f5,full_game,q1_yrfi,spread,total",57,24,81
ncaa_baseball,2026-03-27,6542450,NO_PRICE,"f5,full_game,q1_yrfi,spread,total","f5,full_game,q1_yrfi,spread,total",57,24,81
ncaa_baseball,2026-03-27,6542508,NO_PRICE,"f5,full_game,q1_yrfi,spread,total","f5,full_game,q1_yrfi,spread,total",57,24,81
ncaa_baseball,2026-03-27,6542538,NO_PRICE,"f5,full_game,q1_yrfi,spread,total","f5,full_game,q1_yrfi,spread,total",57,24,81
ncaa_baseball,2026-03-27,6542651,NO_PRICE,"f5,full_game,q1_yrfi,spread,total","f5,full_game,q1_yrfi,spread,total",57,24,81
ncaa_baseball,2026-03-27,6542767,NO_PRICE,"f5,full_game,q1_yrfi,spread,total","f5,full_game,q1_yrfi,spread,total",57,24,81
ncaa_baseball,2026-03-27,6542931,NO_PRICE,"f5,full_game,q1_yrfi,spread,total","f5,full_game,q1_yrfi,spread,total",57,24,81
ncaa_baseball,2026-03-27,6543017,NO_PRICE,"f5,full_game,q1_yrfi,spread,total","f5,full_game,q1_yrfi,spread,total",57,24,81
ncaa_baseball,2026-03-27,6543117,NO_PRICE,"f5,full_game,q1_yrfi,spread,total","f5,full_game,q1_yrfi,spread,total",57,24,81
ncaa_baseball,2026-03-27,6543205,NO_PRICE,"f5,full_game,q1_yrfi,spread,total","f5,full_game,q1_yrfi,spread,total",57,24,81
ncaa_baseball,2026-03-27,6543408,NO_PRICE,"f5,full_game,q1_yrfi,spread,total","f5,full_game,q1_yrfi,spread,total",57,24,81
ncaa_baseball,2026-03-27,6543495,NO_PRICE,"f5,full_game,q1_yrfi,spread,total","f5,full_game,q1_yrfi,spread,total",57,24,81
ncaa_baseball,2026-03-27,6543618,NO_PRICE,"f5,full_game,q1_yrfi,spread,total","f5,full_game,q1_yrfi,spread,total",57,24,81
ncaa_baseball,2026-03-27,6543754,NO_PRICE,"f5,full_game,q1_yrfi,spread,total","f5,full_game,q1_yrfi,spread,total",57,24,81
ncaa_baseball,2026-03-27,6543850,NO_PRICE,"f5,full_game,q1_yrfi,spread,total","f5,full_game,q1_yrfi,spread,total",57,24,81
ncaa_baseball,2026-03-27,6544002,NO_PRICE,"f5,full_game,q1_yrfi,spread,total","f5,full_game,q1_yrfi,spread,total",57,24,81
ncaa_baseball,2026-03-27,6544219,NO_PRICE,"f5,full_game,q1_yrfi,spread,total","f5,full_game,q1_yrfi,spread,total",57,24,81
ncaa_baseball,2026-03-27,6544368,NO_PRICE,"f5,full_game,q1_yrfi,spread,total","f5,full_game,q1_yrfi,spread,total",57,24,81
ncaa_baseball,2026-03-27,6544453,NO_PRICE,"f5,full_game,q1_yrfi,spread,total","f5,full_game,q1_yrfi,spread,total",57,24,81
ncaa_baseball,2026-03-27,6544507,NO_PRICE,"f5,full_game,q1_yrfi,spread,total","f5,full_game,q1_yrfi,spread,total",57,24,81
ncaa_baseball,2026-03-27,6544743,NO_PRICE,"f5,full_game,q1_yrfi,spread,total","f5,full_game,q1_yrfi,spread,total",57,24,81
ncaa_baseball,2026-03-27,6544973,NO_PRICE,"f5,full_game,q1_yrfi,spread,total","f5,full_game,q1_yrfi,spread,total",57,24,81
ncaa_baseball,2026-03-27,6545065,NO_PRICE,"f5,full_game,q1_yrfi,spread,total","f5,full_game,q1_yrfi,spread,total",57,24,81
ncaa_baseball,2026-03-27,6545401,NO_PRICE,"f5,full_game,q1_yrfi,spread,total","f5,full_game,q1_yrfi,spread,total",57,24,81
ncaa_baseball,2026-03-27,6545482,NO_PRICE,"f5,full_game,q1_yrfi,spread,total","f5,full_game,q1_yrfi,spread,total",57,24,81
ncaa_baseball,2026-03-27,6545693,NO_PRICE,"f5,full_game,q1_yrfi,spread,total","f5,full_game,q1_yrfi,spread,total",57,24,81
ncaa_baseball,2026-03-27,6545948,NO_PRICE,"f5,full_game,q1_yrfi,spread,total","f5,full_game,q1_yrfi,spread,total",57,24,81
ncaa_baseball,2026-03-27,6546083,NO_PRICE,"f5,full_game,q1_yrfi,spread,total","f5,full_game,q1_yrfi,spread,total",57,24,81
ncaa_baseball,2026-03-27,6546169,NO_PRICE,"f5,full_game,q1_yrfi,spread,total","f5,full_game,q1_yrfi,spread,total",57,24,81
ncaa_baseball,2026-03-27,6546245,NO_PRICE,"f5,full_game,q1_yrfi,spread,total","f5,full_game,q1_yrfi,spread,total",57,24,81
ncaa_baseball,2026-03-27,6546327,NO_PRICE,"f5,full_game,q1_yrfi,spread,total","f5,full_game,q1_yrfi,spread,total",57,24,81
ncaa_baseball,2026-03-27,6546421,NO_PRICE,"f5,full_game,q1_yrfi,spread,total","f5,full_game,q1_yrfi,spread,total",57,24,81
ncaa_baseball,2026-03-27,6546624,NO_PRICE,"f5,full_game,q1_yrfi,spread,total","f5,full_game,q1_yrfi,spread,total",57,24,81
ncaa_baseball,2026-03-27,6546682,NO_PRICE,"f5,full_game,q1_yrfi,spread,total","f5,full_game,q1_yrfi,spread,total",57,24,81
ncaa_baseball,2026-03-27,6546860,NO_PRICE,"f5,full_game,q1_yrfi,spread,total","f5,full_game,q1_yrfi,spread,total",57,24,81
ncaa_baseball,2026-03-27,6546953,NO_PRICE,"f5,full_game,q1_yrfi,spread,total","f5,full_game,q1_yrfi,spread,total",57,24,81
ncaa_baseball,2026-03-27,6546992,NO_PRICE,"f5,full_game,q1_yrfi,spread,total","f5,full_game,q1_yrfi,spread,total",57,24,81
ncaa_baseball,2026-03-27,6547124,NO_PRICE,"f5,full_game,q1_yrfi,spread,total","f5,full_game,q1_yrfi,spread,total",57,24,81
ncaa_baseball,2026-03-27,6547249,NO_PRICE,"f5,full_game,q1_yrfi,spread,total","f5,full_game,q1_yrfi,spread,total",57,24,81
ncaa_baseball,2026-03-27,6547331,NO_PRICE,"f5,full_game,q1_yrfi,spread,total","f5,full_game,q1_yrfi,spread,total",57,24,81
ncaa_baseball,2026-03-27,6547470,NO_PRICE,"f5,full_game,q1_yrfi,spread,total","f5,full_game,q1_yrfi,spread,total",57,24,81
ncaa_baseball,2026-03-27,6547512,NO_PRICE,"f5,full_game,q1_yrfi,spread,total","f5,full_game,q1_yrfi,spread,total",57,24,81
ncaa_baseball,2026-03-27,6547593,NO_PRICE,"f5,full_game,q1_yrfi,spread,total","f5,full_game,q1_yrfi,spread,total",57,24,81
ncaa_baseball,2026-03-27,6547651,NO_PRICE,"f5,full_game,q1_yrfi,spread,total","f5,full_game,q1_yrfi,spread,total",57,24,81
ncaa_baseball,2026-03-27,6547743,NO_PRICE,"f5,full_game,q1_yrfi,spread,total","f5,full_game,q1_yrfi,spread,total",57,24,81
ncaa_baseball,2026-03-27,6547799,NO_PRICE,"f5,full_game,q1_yrfi,spread,total","f5,full_game,q1_yrfi,spread,total",57,24,81
ncaa_baseball,2026-03-27,6547872,NO_PRICE,"f5,full_game,q1_yrfi,spread,total","f5,full_game,q1_yrfi,spread,total",57,24,81
ncaa_baseball,2026-03-27,6547925,NO_PRICE,"f5,full_game,q1_yrfi,spread,total","f5,full_game,q1_yrfi,spread,total",57,24,81
ncaa_baseball,2026-03-27,6548027,NO_PRICE,"f5,full_game,q1_yrfi,spread,total","f5,full_game,q1_yrfi,spread,total",57,24,81
ncaa_baseball,2026-03-27,6548145,NO_PRICE,"f5,full_game,q1_yrfi,spread,total","f5,full_game,q1_yrfi,spread,total",57,24,81
ncaa_baseball,2026-03-27,6548328,NO_PRICE,"f5,full_game,q1_yrfi,spread,total","f5,full_game,q1_yrfi,spread,total",57,24,81
ncaa_baseball,2026-03-27,6548334,NO_PRICE,"f5,full_game,q1_yrfi,spread,total","f5,full_game,q1_yrfi,spread,total",57,24,81
ncaa_baseball,2026-03-27,6548404,NO_PRICE,"f5,full_game,q1_yrfi,spread,total","f5,full_game,q1_yrfi,spread,total",57,24,81
ncaa_baseball,2026-03-27,6548449,NO_PRICE,"f5,full_game,q1_yrfi,spread,total","f5,full_game,q1_yrfi,spread,total",57,24,81
ncaa_baseball,2026-03-27,6548537,NO_PRICE,"f5,full_game,q1_yrfi,spread,total","f5,full_game,q1_yrfi,spread,total",57,24,81
ncaa_baseball,2026-03-27,6548622,NO_PRICE,"f5,full_game,q1_yrfi,spread,total","f5,full_game,q1_yrfi,spread,total",57,24,81
ncaa_baseball,2026-03-27,6548633,NO_PRICE,"f5,full_game,q1_yrfi,spread,total","f5,full_game,q1_yrfi,spread,total",57,24,81
ncaa_baseball,2026-03-27,6548758,NO_PRICE,"f5,full_game,q1_yrfi,spread,total","f5,full_game,q1_yrfi,spread,total",57,24,81
ncaa_baseball,2026-03-27,6548768,NO_PRICE,"f5,full_game,q1_yrfi,spread,total","f5,full_game,q1_yrfi,spread,total",57,24,81
ncaa_baseball,2026-03-27,6548815,NO_PRICE,"f5,full_game,q1_yrfi,spread,total","f5,full_game,q1_yrfi,spread,total",57,24,81
ncaa_baseball,2026-03-27,6549030,NO_PRICE,"f5,full_game,q1_yrfi,spread,total","f5,full_game,q1_yrfi,spread,total",57,24,81
ncaa_baseball,2026-03-27,6549070,NO_PRICE,"f5,full_game,q1_yrfi,spread,total","f5,full_game,q1_yrfi,spread,total",57,24,81
ncaa_baseball,2026-03-27,6549149,NO_PRICE,"f5,full_game,q1_yrfi,spread,total","f5,full_game,q1_yrfi,spread,total",57,24,81
ncaa_baseball,2026-03-27,6549254,NO_PRICE,"f5,full_game,q1_yrfi,spread,total","f5,full_game,q1_yrfi,spread,total",57,24,81
ncaa_baseball,2026-03-27,6549389,NO_PRICE,"f5,full_game,q1_yrfi,spread,total","f5,full_game,q1_yrfi,spread,total",57,24,81
ncaa_baseball,2026-03-27,6549484,NO_PRICE,"f5,full_game,q1_yrfi,spread,total","f5,full_game,q1_yrfi,spread,total",57,24,81
ncaa_baseball,2026-03-27,6549549,NO_PRICE,"f5,full_game,q1_yrfi,spread,total","f5,full_game,q1_yrfi,spread,total",57,24,81
ncaa_baseball,2026-03-27,6549574,NO_PRICE,"f5,full_game,q1_yrfi,spread,total","f5,full_game,q1_yrfi,spread,total",57,24,81
ncaa_baseball,2026-03-27,6549633,NO_PRICE,"f5,full_game,q1_yrfi,spread,total","f5,full_game,q1_yrfi,spread,total",57,24,81
ncaa_baseball,2026-03-27,6549778,NO_PRICE,"f5,full_game,q1_yrfi,spread,total","f5,full_game,q1_yrfi,spread,total",57,24,81
ncaa_baseball,2026-03-27,6549831,NO_PRICE,"f5,full_game,q1_yrfi,spread,total","f5,full_game,q1_yrfi,spread,total",57,24,81
ncaa_baseball,2026-03-27,6549903,NO_PRICE,"f5,full_game,q1_yrfi,spread,total","f5,full_game,q1_yrfi,spread,total",57,24,81
ncaa_baseball,2026-03-27,6549943,NO_PRICE,"f5,full_game,q1_yrfi,spread,total","f5,full_game,q1_yrfi,spread,total",57,24,81
ncaa_baseball,2026-03-27,6550227,NO_PRICE,"f5,full_game,q1_yrfi,spread,total","f5,full_game,q1_yrfi,spread,total",57,24,81
ncaa_baseball,2026-03-27,6550378,NO_PRICE,"f5,full_game,q1_yrfi,spread,total","f5,full_game,q1_yrfi,spread,total",57,24,81
ncaa_baseball,2026-03-27,6550443,NO_PRICE,"f5,full_game,q1_yrfi,spread,total","f5,full_game,q1_yrfi,spread,total",57,24,81
ncaa_baseball,2026-03-27,6550547,NO_PRICE,"f5,full_game,q1_yrfi,spread,total","f5,full_game,q1_yrfi,spread,total",57,24,81
ncaa_baseball,2026-03-27,6550610,NO_PRICE,"f5,full_game,q1_yrfi,spread,total","f5,full_game,q1_yrfi,spread,total",57,24,81
ncaa_baseball,2026-03-27,6550694,NO_PRICE,"f5,full_game,q1_yrfi,spread,total","f5,full_game,q1_yrfi,spread,total",57,24,81
ncaa_baseball,2026-03-27,6550782,NO_PRICE,"f5,full_game,q1_yrfi,spread,total","f5,full_game,q1_yrfi,spread,total",57,24,81
ncaa_baseball,2026-03-27,6551142,NO_PRICE,"f5,full_game,q1_yrfi,spread,total","f5,full_game,q1_yrfi,spread,total",57,24,81
ncaa_baseball,2026-03-27,6551170,NO_PRICE,"f5,full_game,q1_yrfi,spread,total","f5,full_game,q1_yrfi,spread,total",57,24,81
ncaa_baseball,2026-03-27,6551322,NO_PRICE,"f5,full_game,q1_yrfi,spread,total","f5,full_game,q1_yrfi,spread,total",57,24,81
ncaa_baseball,2026-03-27,6551371,NO_PRICE,"f5,full_game,q1_yrfi,spread,total","f5,full_game,q1_yrfi,spread,total",57,24,81
ncaa_baseball,2026-03-27,6551701,NO_PRICE,"f5,full_game,q1_yrfi,spread,total","f5,full_game,q1_yrfi,spread,total",57,24,81
ncaa_baseball,2026-03-27,6551739,NO_PRICE,"f5,full_game,q1_yrfi,spread,total","f5,full_game,q1_yrfi,spread,total",57,24,81
ncaa_baseball,2026-03-27,6551836,NO_PRICE,"f5,full_game,q1_yrfi,spread,total","f5,full_game,q1_yrfi,spread,total",57,24,81
ncaa_baseball,2026-03-27,6551926,NO_PRICE,"f5,full_game,q1_yrfi,spread,total","f5,full_game,q1_yrfi,spread,total",57,24,81
ncaa_baseball,2026-03-27,6551965,NO_PRICE,"f5,full_game,q1_yrfi,spread,total","f5,full_game,q1_yrfi,spread,total",57,24,81
ncaa_baseball,2026-03-27,6552127,NO_PRICE,"f5,full_game,q1_yrfi,spread,total","f5,full_game,q1_yrfi,spread,total",57,24,81
ncaa_baseball,2026-03-27,6552193,NO_PRICE,"f5,full_game,q1_yrfi,spread,total","f5,full_game,q1_yrfi,spread,total",57,24,81
ncaa_baseball,2026-03-27,6552232,NO_PRICE,"f5,full_game,q1_yrfi,spread,total","f5,full_game,q1_yrfi,spread,total",57,24,81
ncaa_baseball,2026-03-27,6552562,NO_PRICE,"f5,full_game,q1_yrfi,spread,total","f5,full_game,q1_yrfi,spread,total",57,24,81
ncaa_baseball,2026-03-27,6552637,NO_PRICE,"f5,full_game,q1_yrfi,spread,total","f5,full_game,q1_yrfi,spread,total",57,24,81
ncaa_baseball,2026-03-27,6552776,NO_PRICE,"f5,full_game,q1_yrfi,spread,total","f5,full_game,q1_yrfi,spread,total",57,24,81
ncaa_baseball,2026-03-27,6552855,NO_PRICE,"f5,full_game,q1_yrfi,spread,total","f5,full_game,q1_yrfi,spread,total",57,24,81
ncaa_baseball,2026-03-27,6584438,NO_PRICE,"f5,full_game,q1_yrfi,spread,total","f5,full_game,q1_yrfi,spread,total",57,24,81
ncaa_baseball,2026-03-27,6585665,NO_PRICE,"f5,full_game,q1_yrfi,spread,total","f5,full_game,q1_yrfi,spread,total",57,24,81
ncaa_baseball,2026-03-27,6585697,NO_PRICE,"f5,full_game,q1_yrfi,spread,total","f5,full_game,q1_yrfi,spread,total",57,24,81
ncaa_baseball,2026-03-27,6585753,NO_PRICE,"f5,full_game,q1_yrfi,spread,total","f5,full_game,q1_yrfi,spread,total",57,24,81
ncaa_baseball,2026-03-27,6585806,NO_PRICE,"f5,full_game,q1_yrfi,spread,total","f5,full_game,q1_yrfi,spread,total",57,24,81
ncaa_baseball,2026-03-27,6586635,NO_PRICE,"f5,full_game,q1_yrfi,spread,total","f5,full_game,q1_yrfi,spread,total",57,24,81
ncaa_baseball,2026-03-27,6587605,NO_PRICE,"f5,full_game,q1_yrfi,spread,total","f5,full_game,q1_yrfi,spread,total",57,24,81
ncaa_baseball,2026-03-27,6587654,NO_PRICE,"f5,full_game,q1_yrfi,spread,total","f5,full_game,q1_yrfi,spread,total",57,24,81
ncaa_baseball,2026-03-27,6588158,NO_PRICE,"f5,full_game,q1_yrfi,spread,total","f5,full_game,q1_yrfi,spread,total",57,24,81
ncaa_baseball,2026-03-27,6589153,NO_PRICE,"f5,full_game,q1_yrfi,spread,total","f5,full_game,q1_yrfi,spread,total",57,24,81
ncaa_baseball,2026-03-27,6589178,NO_PRICE,"f5,full_game,q1_yrfi,spread,total","f5,full_game,q1_yrfi,spread,total",57,24,81
ncaa_baseball,2026-03-27,6589510,NO_PRICE,"f5,full_game,q1_yrfi,spread,total","f5,full_game,q1_yrfi,spread,total",57,24,81
ncaa_baseball,2026-03-27,6589535,NO_PRICE,"f5,full_game,q1_yrfi,spread,total","f5,full_game,q1_yrfi,spread,total",57,24,81
ncaa_baseball,2026-03-27,6589687,NO_PRICE,"f5,full_game,q1_yrfi,spread,total","f5,full_game,q1_yrfi,spread,total",57,24,81
ncaa_baseball,2026-03-27,6590082,NO_PRICE,"f5,full_game,q1_yrfi,spread,total","f5,full_game,q1_yrfi,spread,total",57,24,81
kbo,2026-03-28,13247,NO_PRICE,"f5,full_game,q1_yrfi,spread,total","f5,full_game,q1_yrfi,spread,total",57,24,81
kbo,2026-03-28,13248,NO_PRICE,"f5,full_game,q1_yrfi,spread,total","f5,full_game,q1_yrfi,spread,total",57,24,81
kbo,2026-03-28,13249,NO_PRICE,"f5,full_game,q1_yrfi,spread,total","f5,full_game,q1_yrfi,spread,total",57,24,81
kbo,2026-03-28,13250,NO_PRICE,"f5,full_game,q1_yrfi,spread,total","f5,full_game,q1_yrfi,spread,total",57,24,81
kbo,2026-03-28,13251,NO_PRICE,"f5,full_game,q1_yrfi,spread,total","f5,full_game,q1_yrfi,spread,total",57,24,81
mlb,2026-03-28,401814707,NO_PRICE,"f5,full_game,q1_yrfi,spread,total","f5,full_game,q1_yrfi,spread,total",57,24,81
mlb,2026-03-28,401814708,NO_PRICE,"f5,full_game,q1_yrfi,spread,total","f5,full_game,q1_yrfi,spread,total",57,24,81
mlb,2026-03-28,401814709,NO_PRICE,"f5,full_game,q1_yrfi,spread,total","f5,full_game,q1_yrfi,spread,total",57,24,81
mlb,2026-03-28,401814710,NO_PRICE,"f5,full_game,q1_yrfi,spread,total","f5,full_game,q1_yrfi,spread,total",57,24,81
mlb,2026-03-28,401814711,NO_PRICE,"f5,full_game,q1_yrfi,spread,total","f5,full_game,q1_yrfi,spread,total",57,24,81
mlb,2026-03-28,401814712,NO_PRICE,"f5,full_game,q1_yrfi,spread,total","f5,full_game,q1_yrfi,spread,total",57,24,81
mlb,2026-03-28,401814713,NO_PRICE,"f5,full_game,q1_yrfi,spread,total","f5,full_game,q1_yrfi,spread,total",57,24,81
mlb,2026-03-28,401814714,NO_PRICE,"f5,full_game,q1_yrfi,spread,total","f5,full_game,q1_yrfi,spread,total",57,24,81
mlb,2026-03-28,401814715,NO_PRICE,"f5,full_game,q1_yrfi,spread,total","f5,full_game,q1_yrfi,spread,total",57,24,81
mlb,2026-03-28,401814716,NO_PRICE,"f5,full_game,q1_yrfi,spread,total","f5,full_game,q1_yrfi,spread,total",57,24,81
mlb,2026-03-28,401814717,NO_PRICE,"f5,full_game,q1_yrfi,spread,total","f5,full_game,q1_yrfi,spread,total",57,24,81
mlb,2026-03-28,401814718,NO_PRICE,"f5,full_game,q1_yrfi,spread,total","f5,full_game,q1_yrfi,spread,total",57,24,81
mlb,2026-03-28,401814719,NO_PRICE,"f5,full_game,q1_yrfi,spread,total","f5,full_game,q1_yrfi,spread,total",57,24,81
mlb,2026-03-28,401814720,NO_PRICE,"f5,full_game,q1_yrfi,spread,total","f5,full_game,q1_yrfi,spread,total",57,24,81
mlb,2026-03-28,401814734,NO_PRICE,"f5,full_game,q1_yrfi,spread,total","f5,full_game,q1_yrfi,spread,total",57,24,81
ncaa_baseball,2026-03-28,6540368,NO_PRICE,"f5,full_game,q1_yrfi,spread,total","f5,full_game,q1_yrfi,spread,total",57,24,81
ncaa_baseball,2026-03-28,6540419,NO_PRICE,"f5,full_game,q1_yrfi,spread,total","f5,full_game,q1_yrfi,spread,total",57,24,81
ncaa_baseball,2026-03-28,6540472,NO_PRICE,"f5,full_game,q1_yrfi,spread,total","f5,full_game,q1_yrfi,spread,total",57,24,81
ncaa_baseball,2026-03-28,6540525,NO_PRICE,"f5,full_game,q1_yrfi,spread,total","f5,full_game,q1_yrfi,spread,total",57,24,81
ncaa_baseball,2026-03-28,6540588,NO_PRICE,"f5,full_game,q1_yrfi,spread,total","f5,full_game,q1_yrfi,spread,total",57,24,81
ncaa_baseball,2026-03-28,6540634,NO_PRICE,"f5,full_game,q1_yrfi,spread,total","f5,full_game,q1_yrfi,spread,total",57,24,81
ncaa_baseball,2026-03-28,6540689,NO_PRICE,"f5,full_game,q1_yrfi,spread,total","f5,full_game,q1_yrfi,spread,total",57,24,81
ncaa_baseball,2026-03-28,6540744,NO_PRICE,"f5,full_game,q1_yrfi,spread,total","f5,full_game,q1_yrfi,spread,total",57,24,81
ncaa_baseball,2026-03-28,6540798,NO_PRICE,"f5,full_game,q1_yrfi,spread,total","f5,full_game,q1_yrfi,spread,total",57,24,81
ncaa_baseball,2026-03-28,6540848,NO_PRICE,"f5,full_game,q1_yrfi,spread,total","f5,full_game,q1_yrfi,spread,total",57,24,81
ncaa_baseball,2026-03-28,6540904,NO_PRICE,"f5,full_game,q1_yrfi,spread,total","f5,full_game,q1_yrfi,spread,total",57,24,81
ncaa_baseball,2026-03-28,6540947,NO_PRICE,"f5,full_game,q1_yrfi,spread,total","f5,full_game,q1_yrfi,spread,total",57,24,81
ncaa_baseball,2026-03-28,6540948,NO_PRICE,"f5,full_game,q1_yrfi,spread,total","f5,full_game,q1_yrfi,spread,total",57,24,81
ncaa_baseball,2026-03-28,6541070,NO_PRICE,"f5,full_game,q1_yrfi,spread,total","f5,full_game,q1_yrfi,spread,total",57,24,81
ncaa_baseball,2026-03-28,6541101,NO_PRICE,"f5,full_game,q1_yrfi,spread,total","f5,full_game,q1_yrfi,spread,total",57,24,81
ncaa_baseball,2026-03-28,6541110,NO_PRICE,"f5,full_game,q1_yrfi,spread,total","f5,full_game,q1_yrfi,spread,total",57,24,81
ncaa_baseball,2026-03-28,6541217,NO_PRICE,"f5,full_game,q1_yrfi,spread,total","f5,full_game,q1_yrfi,spread,total",57,24,81
ncaa_baseball,2026-03-28,6541248,NO_PRICE,"f5,full_game,q1_yrfi,spread,total","f5,full_game,q1_yrfi,spread,total",57,24,81
ncaa_baseball,2026-03-28,6541292,NO_PRICE,"f5,full_game,q1_yrfi,spread,total","f5,full_game,q1_yrfi,spread,total",57,24,81
ncaa_baseball,2026-03-28,6541293,NO_PRICE,"f5,full_game,q1_yrfi,spread,total","f5,full_game,q1_yrfi,spread,total",57,24,81
ncaa_baseball,2026-03-28,6541455,NO_PRICE,"f5,full_game,q1_yrfi,spread,total","f5,full_game,q1_yrfi,spread,total",57,24,81
ncaa_baseball,2026-03-28,6541491,NO_PRICE,"f5,full_game,q1_yrfi,spread,total","f5,full_game,q1_yrfi,spread,total",57,24,81
ncaa_baseball,2026-03-28,6541544,NO_PRICE,"f5,full_game,q1_yrfi,spread,total","f5,full_game,q1_yrfi,spread,total",57,24,81
ncaa_baseball,2026-03-28,6541600,NO_PRICE,"f5,full_game,q1_yrfi,spread,total","f5,full_game,q1_yrfi,spread,total",57,24,81
ncaa_baseball,2026-03-28,6541690,NO_PRICE,"f5,full_game,q1_yrfi,spread,total","f5,full_game,q1_yrfi,spread,total",57,24,81
ncaa_baseball,2026-03-28,6541737,NO_PRICE,"f5,full_game,q1_yrfi,spread,total","f5,full_game,q1_yrfi,spread,total",57,24,81
ncaa_baseball,2026-03-28,6541761,NO_PRICE,"f5,full_game,q1_yrfi,spread,total","f5,full_game,q1_yrfi,spread,total",57,24,81
ncaa_baseball,2026-03-28,6541822,NO_PRICE,"f5,full_game,q1_yrfi,spread,total","f5,full_game,q1_yrfi,spread,total",57,24,81
ncaa_baseball,2026-03-28,6541880,NO_PRICE,"f5,full_game,q1_yrfi,spread,total","f5,full_game,q1_yrfi,spread,total",57,24,81
ncaa_baseball,2026-03-28,6541914,NO_PRICE,"f5,full_game,q1_yrfi,spread,total","f5,full_game,q1_yrfi,spread,total",57,24,81
ncaa_baseball,2026-03-28,6541953,NO_PRICE,"f5,full_game,q1_yrfi,spread,total","f5,full_game,q1_yrfi,spread,total",57,24,81
ncaa_baseball,2026-03-28,6542052,NO_PRICE,"f5,full_game,q1_yrfi,spread,total","f5,full_game,q1_yrfi,spread,total",57,24,81
ncaa_baseball,2026-03-28,6542053,NO_PRICE,"f5,full_game,q1_yrfi,spread,total","f5,full_game,q1_yrfi,spread,total",57,24,81
ncaa_baseball,2026-03-28,6542134,NO_PRICE,"f5,full_game,q1_yrfi,spread,total","f5,full_game,q1_yrfi,spread,total",57,24,81
ncaa_baseball,2026-03-28,6542178,NO_PRICE,"f5,full_game,q1_yrfi,spread,total","f5,full_game,q1_yrfi,spread,total",57,24,81
ncaa_baseball,2026-03-28,6542241,NO_PRICE,"f5,full_game,q1_yrfi,spread,total","f5,full_game,q1_yrfi,spread,total",57,24,81
ncaa_baseball,2026-03-28,6542310,NO_PRICE,"f5,full_game,q1_yrfi,spread,total","f5,full_game,q1_yrfi,spread,total",57,24,81
ncaa_baseball,2026-03-28,6542358,NO_PRICE,"f5,full_game,q1_yrfi,spread,total","f5,full_game,q1_yrfi,spread,total",57,24,81
ncaa_baseball,2026-03-28,6542451,NO_PRICE,"f5,full_game,q1_yrfi,spread,total","f5,full_game,q1_yrfi,spread,total",57,24,81
ncaa_baseball,2026-03-28,6542509,NO_PRICE,"f5,full_game,q1_yrfi,spread,total","f5,full_game,q1_yrfi,spread,total",57,24,81
ncaa_baseball,2026-03-28,6542539,NO_PRICE,"f5,full_game,q1_yrfi,spread,total","f5,full_game,q1_yrfi,spread,total",57,24,81
ncaa_baseball,2026-03-28,6542652,NO_PRICE,"f5,full_game,q1_yrfi,spread,total","f5,full_game,q1_yrfi,spread,total",57,24,81
ncaa_baseball,2026-03-28,6542726,NO_PRICE,"f5,full_game,q1_yrfi,spread,total","f5,full_game,q1_yrfi,spread,total",57,24,81
ncaa_baseball,2026-03-28,6542727,NO_PRICE,"f5,full_game,q1_yrfi,spread,total","f5,full_game,q1_yrfi,spread,total",57,24,81
ncaa_baseball,2026-03-28,6542768,NO_PRICE,"f5,full_game,q1_yrfi,spread,total","f5,full_game,q1_yrfi,spread,total",57,24,81
ncaa_baseball,2026-03-28,6542933,NO_PRICE,"f5,full_game,q1_yrfi,spread,total","f5,full_game,q1_yrfi,spread,total",57,24,81
ncaa_baseball,2026-03-28,6543019,NO_PRICE,"f5,full_game,q1_yrfi,spread,total","f5,full_game,q1_yrfi,spread,total",57,24,81
ncaa_baseball,2026-03-28,6543119,NO_PRICE,"f5,full_game,q1_yrfi,spread,total","f5,full_game,q1_yrfi,spread,total",57,24,81
ncaa_baseball,2026-03-28,6543208,NO_PRICE,"f5,full_game,q1_yrfi,spread,total","f5,full_game,q1_yrfi,spread,total",57,24,81
ncaa_baseball,2026-03-28,6543410,NO_PRICE,"f5,full_game,q1_yrfi,spread,total","f5,full_game,q1_yrfi,spread,total",57,24,81
ncaa_baseball,2026-03-28,6543497,NO_PRICE,"f5,full_game,q1_yrfi,spread,total","f5,full_game,q1_yrfi,spread,total",57,24,81
ncaa_baseball,2026-03-28,6543622,NO_PRICE,"f5,full_game,q1_yrfi,spread,total","f5,full_game,q1_yrfi,spread,total",57,24,81
ncaa_baseball,2026-03-28,6543756,NO_PRICE,"f5,full_game,q1_yrfi,spread,total","f5,full_game,q1_yrfi,spread,total",57,24,81
ncaa_baseball,2026-03-28,6543852,NO_PRICE,"f5,full_game,q1_yrfi,spread,total","f5,full_game,q1_yrfi,spread,total",57,24,81
ncaa_baseball,2026-03-28,6544004,NO_PRICE,"f5,full_game,q1_yrfi,spread,total","f5,full_game,q1_yrfi,spread,total",57,24,81
ncaa_baseball,2026-03-28,6544223,NO_PRICE,"f5,full_game,q1_yrfi,spread,total","f5,full_game,q1_yrfi,spread,total",57,24,81
ncaa_baseball,2026-03-28,6544370,NO_PRICE,"f5,full_game,q1_yrfi,spread,total","f5,full_game,q1_yrfi,spread,total",57,24,81
ncaa_baseball,2026-03-28,6544457,NO_PRICE,"f5,full_game,q1_yrfi,spread,total","f5,full_game,q1_yrfi,spread,total",57,24,81
ncaa_baseball,2026-03-28,6544510,NO_PRICE,"f5,full_game,q1_yrfi,spread,total","f5,full_game,q1_yrfi,spread,total",57,24,81
ncaa_baseball,2026-03-28,6544745,NO_PRICE,"f5,full_game,q1_yrfi,spread,total","f5,full_game,q1_yrfi,spread,total",57,24,81
ncaa_baseball,2026-03-28,6544975,NO_PRICE,"f5,full_game,q1_yrfi,spread,total","f5,full_game,q1_yrfi,spread,total",57,24,81
ncaa_baseball,2026-03-28,6545067,NO_PRICE,"f5,full_game,q1_yrfi,spread,total","f5,full_game,q1_yrfi,spread,total",57,24,81
ncaa_baseball,2026-03-28,6545403,NO_PRICE,"f5,full_game,q1_yrfi,spread,total","f5,full_game,q1_yrfi,spread,total",57,24,81
ncaa_baseball,2026-03-28,6545484,NO_PRICE,"f5,full_game,q1_yrfi,spread,total","f5,full_game,q1_yrfi,spread,total",57,24,81
ncaa_baseball,2026-03-28,6545695,NO_PRICE,"f5,full_game,q1_yrfi,spread,total","f5,full_game,q1_yrfi,spread,total",57,24,81
ncaa_baseball,2026-03-28,6545950,NO_PRICE,"f5,full_game,q1_yrfi,spread,total","f5,full_game,q1_yrfi,spread,total",57,24,81
ncaa_baseball,2026-03-28,6546085,NO_PRICE,"f5,full_game,q1_yrfi,spread,total","f5,full_game,q1_yrfi,spread,total",57,24,81
ncaa_baseball,2026-03-28,6546170,NO_PRICE,"f5,full_game,q1_yrfi,spread,total","f5,full_game,q1_yrfi,spread,total",57,24,81
ncaa_baseball,2026-03-28,6546247,NO_PRICE,"f5,full_game,q1_yrfi,spread,total","f5,full_game,q1_yrfi,spread,total",57,24,81
ncaa_baseball,2026-03-28,6546329,NO_PRICE,"f5,full_game,q1_yrfi,spread,total","f5,full_game,q1_yrfi,spread,total",57,24,81
ncaa_baseball,2026-03-28,6546423,NO_PRICE,"f5,full_game,q1_yrfi,spread,total","f5,full_game,q1_yrfi,spread,total",57,24,81
ncaa_baseball,2026-03-28,6546626,NO_PRICE,"f5,full_game,q1_yrfi,spread,total","f5,full_game,q1_yrfi,spread,total",57,24,81
ncaa_baseball,2026-03-28,6546684,NO_PRICE,"f5,full_game,q1_yrfi,spread,total","f5,full_game,q1_yrfi,spread,total",57,24,81
ncaa_baseball,2026-03-28,6546862,NO_PRICE,"f5,full_game,q1_yrfi,spread,total","f5,full_game,q1_yrfi,spread,total",57,24,81
ncaa_baseball,2026-03-28,6546954,NO_PRICE,"f5,full_game,q1_yrfi,spread,total","f5,full_game,q1_yrfi,spread,total",57,24,81
ncaa_baseball,2026-03-28,6546994,NO_PRICE,"f5,full_game,q1_yrfi,spread,total","f5,full_game,q1_yrfi,spread,total",57,24,81
ncaa_baseball,2026-03-28,6547126,NO_PRICE,"f5,full_game,q1_yrfi,spread,total","f5,full_game,q1_yrfi,spread,total",57,24,81
ncaa_baseball,2026-03-28,6547190,NO_PRICE,"f5,full_game,q1_yrfi,spread,total","f5,full_game,q1_yrfi,spread,total",57,24,81
ncaa_baseball,2026-03-28,6547251,NO_PRICE,"f5,full_game,q1_yrfi,spread,total","f5,full_game,q1_yrfi,spread,total",57,24,81
ncaa_baseball,2026-03-28,6547333,NO_PRICE,"f5,full_game,q1_yrfi,spread,total","f5,full_game,q1_yrfi,spread,total",57,24,81
ncaa_baseball,2026-03-28,6547472,NO_PRICE,"f5,full_game,q1_yrfi,spread,total","f5,full_game,q1_yrfi,spread,total",57,24,81
ncaa_baseball,2026-03-28,6547514,NO_PRICE,"f5,full_game,q1_yrfi,spread,total","f5,full_game,q1_yrfi,spread,total",57,24,81
ncaa_baseball,2026-03-28,6547595,NO_PRICE,"f5,full_game,q1_yrfi,spread,total","f5,full_game,q1_yrfi,spread,total",57,24,81
ncaa_baseball,2026-03-28,6547655,NO_PRICE,"f5,full_game,q1_yrfi,spread,total","f5,full_game,q1_yrfi,spread,total",57,24,81
ncaa_baseball,2026-03-28,6547745,NO_PRICE,"f5,full_game,q1_yrfi,spread,total","f5,full_game,q1_yrfi,spread,total",57,24,81
ncaa_baseball,2026-03-28,6547801,NO_PRICE,"f5,full_game,q1_yrfi,spread,total","f5,full_game,q1_yrfi,spread,total",57,24,81
ncaa_baseball,2026-03-28,6547874,NO_PRICE,"f5,full_game,q1_yrfi,spread,total","f5,full_game,q1_yrfi,spread,total",57,24,81
ncaa_baseball,2026-03-28,6547927,NO_PRICE,"f5,full_game,q1_yrfi,spread,total","f5,full_game,q1_yrfi,spread,total",57,24,81
ncaa_baseball,2026-03-28,6548029,NO_PRICE,"f5,full_game,q1_yrfi,spread,total","f5,full_game,q1_yrfi,spread,total",57,24,81
ncaa_baseball,2026-03-28,6548147,NO_PRICE,"f5,full_game,q1_yrfi,spread,total","f5,full_game,q1_yrfi,spread,total",57,24,81
ncaa_baseball,2026-03-28,6548237,NO_PRICE,"f5,full_game,q1_yrfi,spread,total","f5,full_game,q1_yrfi,spread,total",57,24,81
ncaa_baseball,2026-03-28,6548239,NO_PRICE,"f5,full_game,q1_yrfi,spread,total","f5,full_game,q1_yrfi,spread,total",57,24,81
ncaa_baseball,2026-03-28,6548332,NO_PRICE,"f5,full_game,q1_yrfi,spread,total","f5,full_game,q1_yrfi,spread,total",57,24,81
ncaa_baseball,2026-03-28,6548338,NO_PRICE,"f5,full_game,q1_yrfi,spread,total","f5,full_game,q1_yrfi,spread,total",57,24,81
ncaa_baseball,2026-03-28,6548406,NO_PRICE,"f5,full_game,q1_yrfi,spread,total","f5,full_game,q1_yrfi,spread,total",57,24,81
ncaa_baseball,2026-03-28,6548453,NO_PRICE,"f5,full_game,q1_yrfi,spread,total","f5,full_game,q1_yrfi,spread,total",57,24,81
ncaa_baseball,2026-03-28,6548539,NO_PRICE,"f5,full_game,q1_yrfi,spread,total","f5,full_game,q1_yrfi,spread,total",57,24,81
ncaa_baseball,2026-03-28,6548635,NO_PRICE,"f5,full_game,q1_yrfi,spread,total","f5,full_game,q1_yrfi,spread,total",57,24,81
ncaa_baseball,2026-03-28,6548639,NO_PRICE,"f5,full_game,q1_yrfi,spread,total","f5,full_game,q1_yrfi,spread,total",57,24,81
ncaa_baseball,2026-03-28,6548760,NO_PRICE,"f5,full_game,q1_yrfi,spread,total","f5,full_game,q1_yrfi,spread,total",57,24,81
ncaa_baseball,2026-03-28,6548778,NO_PRICE,"f5,full_game,q1_yrfi,spread,total","f5,full_game,q1_yrfi,spread,total",57,24,81
ncaa_baseball,2026-03-28,6548819,NO_PRICE,"f5,full_game,q1_yrfi,spread,total","f5,full_game,q1_yrfi,spread,total",57,24,81
ncaa_baseball,2026-03-28,6549034,NO_PRICE,"f5,full_game,q1_yrfi,spread,total","f5,full_game,q1_yrfi,spread,total",57,24,81
ncaa_baseball,2026-03-28,6549074,NO_PRICE,"f5,full_game,q1_yrfi,spread,total","f5,full_game,q1_yrfi,spread,total",57,24,81
ncaa_baseball,2026-03-28,6549151,NO_PRICE,"f5,full_game,q1_yrfi,spread,total","f5,full_game,q1_yrfi,spread,total",57,24,81
ncaa_baseball,2026-03-28,6549256,NO_PRICE,"f5,full_game,q1_yrfi,spread,total","f5,full_game,q1_yrfi,spread,total",57,24,81
ncaa_baseball,2026-03-28,6549391,NO_PRICE,"f5,full_game,q1_yrfi,spread,total","f5,full_game,q1_yrfi,spread,total",57,24,81
ncaa_baseball,2026-03-28,6549486,NO_PRICE,"f5,full_game,q1_yrfi,spread,total","f5,full_game,q1_yrfi,spread,total",57,24,81
ncaa_baseball,2026-03-28,6549551,NO_PRICE,"f5,full_game,q1_yrfi,spread,total","f5,full_game,q1_yrfi,spread,total",57,24,81
ncaa_baseball,2026-03-28,6549576,NO_PRICE,"f5,full_game,q1_yrfi,spread,total","f5,full_game,q1_yrfi,spread,total",57,24,81
ncaa_baseball,2026-03-28,6549635,NO_PRICE,"f5,full_game,q1_yrfi,spread,total","f5,full_game,q1_yrfi,spread,total",57,24,81
ncaa_baseball,2026-03-28,6549772,NO_PRICE,"f5,full_game,q1_yrfi,spread,total","f5,full_game,q1_yrfi,spread,total",57,24,81
ncaa_baseball,2026-03-28,6549833,NO_PRICE,"f5,full_game,q1_yrfi,spread,total","f5,full_game,q1_yrfi,spread,total",57,24,81
ncaa_baseball,2026-03-28,6549907,NO_PRICE,"f5,full_game,q1_yrfi,spread,total","f5,full_game,q1_yrfi,spread,total",57,24,81
ncaa_baseball,2026-03-28,6549947,NO_PRICE,"f5,full_game,q1_yrfi,spread,total","f5,full_game,q1_yrfi,spread,total",57,24,81
ncaa_baseball,2026-03-28,6550229,NO_PRICE,"f5,full_game,q1_yrfi,spread,total","f5,full_game,q1_yrfi,spread,total",57,24,81
ncaa_baseball,2026-03-28,6550380,NO_PRICE,"f5,full_game,q1_yrfi,spread,total","f5,full_game,q1_yrfi,spread,total",57,24,81
ncaa_baseball,2026-03-28,6550445,NO_PRICE,"f5,full_game,q1_yrfi,spread,total","f5,full_game,q1_yrfi,spread,total",57,24,81
ncaa_baseball,2026-03-28,6550548,NO_PRICE,"f5,full_game,q1_yrfi,spread,total","f5,full_game,q1_yrfi,spread,total",57,24,81
ncaa_baseball,2026-03-28,6550612,NO_PRICE,"f5,full_game,q1_yrfi,spread,total","f5,full_game,q1_yrfi,spread,total",57,24,81
ncaa_baseball,2026-03-28,6550696,NO_PRICE,"f5,full_game,q1_yrfi,spread,total","f5,full_game,q1_yrfi,spread,total",57,24,81
ncaa_baseball,2026-03-28,6550788,NO_PRICE,"f5,full_game,q1_yrfi,spread,total","f5,full_game,q1_yrfi,spread,total",57,24,81
ncaa_baseball,2026-03-28,6551144,NO_PRICE,"f5,full_game,q1_yrfi,spread,total","f5,full_game,q1_yrfi,spread,total",57,24,81
ncaa_baseball,2026-03-28,6551172,NO_PRICE,"f5,full_game,q1_yrfi,spread,total","f5,full_game,q1_yrfi,spread,total",57,24,81
ncaa_baseball,2026-03-28,6551324,NO_PRICE,"f5,full_game,q1_yrfi,spread,total","f5,full_game,q1_yrfi,spread,total",57,24,81
ncaa_baseball,2026-03-28,6551375,NO_PRICE,"f5,full_game,q1_yrfi,spread,total","f5,full_game,q1_yrfi,spread,total",57,24,81
ncaa_baseball,2026-03-28,6551703,NO_PRICE,"f5,full_game,q1_yrfi,spread,total","f5,full_game,q1_yrfi,spread,total",57,24,81
ncaa_baseball,2026-03-28,6551741,NO_PRICE,"f5,full_game,q1_yrfi,spread,total","f5,full_game,q1_yrfi,spread,total",57,24,81
ncaa_baseball,2026-03-28,6551846,NO_PRICE,"f5,full_game,q1_yrfi,spread,total","f5,full_game,q1_yrfi,spread,total",57,24,81
ncaa_baseball,2026-03-28,6551928,NO_PRICE,"f5,full_game,q1_yrfi,spread,total","f5,full_game,q1_yrfi,spread,total",57,24,81
ncaa_baseball,2026-03-28,6551967,NO_PRICE,"f5,full_game,q1_yrfi,spread,total","f5,full_game,q1_yrfi,spread,total",57,24,81
ncaa_baseball,2026-03-28,6551998,NO_PRICE,"f5,full_game,q1_yrfi,spread,total","f5,full_game,q1_yrfi,spread,total",57,24,81
ncaa_baseball,2026-03-28,6552000,NO_PRICE,"f5,full_game,q1_yrfi,spread,total","f5,full_game,q1_yrfi,spread,total",57,24,81
ncaa_baseball,2026-03-28,6552129,NO_PRICE,"f5,full_game,q1_yrfi,spread,total","f5,full_game,q1_yrfi,spread,total",57,24,81
ncaa_baseball,2026-03-28,6552195,NO_PRICE,"f5,full_game,q1_yrfi,spread,total","f5,full_game,q1_yrfi,spread,total",57,24,81
ncaa_baseball,2026-03-28,6552234,NO_PRICE,"f5,full_game,q1_yrfi,spread,total","f5,full_game,q1_yrfi,spread,total",57,24,81
ncaa_baseball,2026-03-28,6552564,NO_PRICE,"f5,full_game,q1_yrfi,spread,total","f5,full_game,q1_yrfi,spread,total",57,24,81
ncaa_baseball,2026-03-28,6552641,NO_PRICE,"f5,full_game,q1_yrfi,spread,total","f5,full_game,q1_yrfi,spread,total",57,24,81
ncaa_baseball,2026-03-28,6552778,NO_PRICE,"f5,full_game,q1_yrfi,spread,total","f5,full_game,q1_yrfi,spread,total",57,24,81
ncaa_baseball,2026-03-28,6584147,NO_PRICE,"f5,full_game,q1_yrfi,spread,total","f5,full_game,q1_yrfi,spread,total",57,24,81
ncaa_baseball,2026-03-28,6584439,NO_PRICE,"f5,full_game,q1_yrfi,spread,total","f5,full_game,q1_yrfi,spread,total",57,24,81
ncaa_baseball,2026-03-28,6585666,NO_PRICE,"f5,full_game,q1_yrfi,spread,total","f5,full_game,q1_yrfi,spread,total",57,24,81
ncaa_baseball,2026-03-28,6585698,NO_PRICE,"f5,full_game,q1_yrfi,spread,total","f5,full_game,q1_yrfi,spread,total",57,24,81
ncaa_baseball,2026-03-28,6585754,NO_PRICE,"f5,full_game,q1_yrfi,spread,total","f5,full_game,q1_yrfi,spread,total",57,24,81
ncaa_baseball,2026-03-28,6585807,NO_PRICE,"f5,full_game,q1_yrfi,spread,total","f5,full_game,q1_yrfi,spread,total",57,24,81
ncaa_baseball,2026-03-28,6586636,NO_PRICE,"f5,full_game,q1_yrfi,spread,total","f5,full_game,q1_yrfi,spread,total",57,24,81
ncaa_baseball,2026-03-28,6587606,NO_PRICE,"f5,full_game,q1_yrfi,spread,total","f5,full_game,q1_yrfi,spread,total",57,24,81
ncaa_baseball,2026-03-28,6587655,NO_PRICE,"f5,full_game,q1_yrfi,spread,total","f5,full_game,q1_yrfi,spread,total",57,24,81
ncaa_baseball,2026-03-28,6588159,NO_PRICE,"f5,full_game,q1_yrfi,spread,total","f5,full_game,q1_yrfi,spread,total",57,24,81
ncaa_baseball,2026-03-28,6589154,NO_PRICE,"f5,full_game,q1_yrfi,spread,total","f5,full_game,q1_yrfi,spread,total",57,24,81
ncaa_baseball,2026-03-28,6589179,NO_PRICE,"f5,full_game,q1_yrfi,spread,total","f5,full_game,q1_yrfi,spread,total",57,24,81
ncaa_baseball,2026-03-28,6589511,NO_PRICE,"f5,full_game,q1_yrfi,spread,total","f5,full_game,q1_yrfi,spread,total",57,24,81
ncaa_baseball,2026-03-28,6589536,NO_PRICE,"f5,full_game,q1_yrfi,spread,total","f5,full_game,q1_yrfi,spread,total",57,24,81
ncaa_baseball,2026-03-28,6589688,NO_PRICE,"f5,full_game,q1_yrfi,spread,total","f5,full_game,q1_yrfi,spread,total",57,24,81
ncaa_baseball,2026-03-28,6590005,NO_PRICE,"f5,full_game,q1_yrfi,spread,total","f5,full_game,q1_yrfi,spread,total",57,24,81
ncaa_baseball,2026-03-28,6590083,NO_PRICE,"f5,full_game,q1_yrfi,spread,total","f5,full_game,q1_yrfi,spread,total",57,24,81
kbo,2026-03-29,13252,NO_PRICE,"f5,full_game,q1_yrfi,spread,total","f5,full_game,q1_yrfi,spread,total",57,24,81
kbo,2026-03-29,13253,NO_PRICE,"f5,full_game,q1_yrfi,spread,total","f5,full_game,q1_yrfi,spread,total",57,24,81
kbo,2026-03-29,13254,NO_PRICE,"f5,full_game,q1_yrfi,spread,total","f5,full_game,q1_yrfi,spread,total",57,24,81
kbo,2026-03-29,13255,NO_PRICE,"f5,full_game,q1_yrfi,spread,total","f5,full_game,q1_yrfi,spread,total",57,24,81
kbo,2026-03-29,13256,NO_PRICE,"f5,full_game,q1_yrfi,spread,total","f5,full_game,q1_yrfi,spread,total",57,24,81
mlb,2026-03-29,401814722,NO_PRICE,"f5,full_game,q1_yrfi,spread,total","f5,full_game,q1_yrfi,spread,total",57,24,81
mlb,2026-03-29,401814723,NO_PRICE,"f5,full_game,q1_yrfi,spread,total","f5,full_game,q1_yrfi,spread,total",57,24,81
mlb,2026-03-29,401814724,NO_PRICE,"f5,full_game,q1_yrfi,spread,total","f5,full_game,q1_yrfi,spread,total",57,24,81
mlb,2026-03-29,401814725,NO_PRICE,"f5,full_game,q1_yrfi,spread,total","f5,full_game,q1_yrfi,spread,total",57,24,81
mlb,2026-03-29,401814726,NO_PRICE,"f5,full_game,q1_yrfi,spread,total","f5,full_game,q1_yrfi,spread,total",57,24,81
mlb,2026-03-29,401814727,NO_PRICE,"f5,full_game,q1_yrfi,spread,total","f5,full_game,q1_yrfi,spread,total",57,24,81
mlb,2026-03-29,401814728,NO_PRICE,"f5,full_game,q1_yrfi,spread,total","f5,full_game,q1_yrfi,spread,total",57,24,81
mlb,2026-03-29,401814729,NO_PRICE,"f5,full_game,q1_yrfi,spread,total","f5,full_game,q1_yrfi,spread,total",57,24,81
mlb,2026-03-29,401814730,NO_PRICE,"f5,full_game,q1_yrfi,spread,total","f5,full_game,q1_yrfi,spread,total",57,24,81
mlb,2026-03-29,401814731,NO_PRICE,"f5,full_game,q1_yrfi,spread,total","f5,full_game,q1_yrfi,spread,total",57,24,81
mlb,2026-03-29,401814732,NO_PRICE,"f5,full_game,q1_yrfi,spread,total","f5,full_game,q1_yrfi,spread,total",57,24,81
mlb,2026-03-29,401814733,NO_PRICE,"f5,full_game,q1_yrfi,spread,total","f5,full_game,q1_yrfi,spread,total",57,24,81
ncaa_baseball,2026-03-29,6540369,NO_PRICE,"f5,full_game,q1_yrfi,spread,total","f5,full_game,q1_yrfi,spread,total",57,24,81
ncaa_baseball,2026-03-29,6540420,NO_PRICE,"f5,full_game,q1_yrfi,spread,total","f5,full_game,q1_yrfi,spread,total",57,24,81
ncaa_baseball,2026-03-29,6540473,NO_PRICE,"f5,full_game,q1_yrfi,spread,total","f5,full_game,q1_yrfi,spread,total",57,24,81
ncaa_baseball,2026-03-29,6540526,NO_PRICE,"f5,full_game,q1_yrfi,spread,total","f5,full_game,q1_yrfi,spread,total",57,24,81
ncaa_baseball,2026-03-29,6540589,NO_PRICE,"f5,full_game,q1_yrfi,spread,total","f5,full_game,q1_yrfi,spread,total",57,24,81
ncaa_baseball,2026-03-29,6540635,NO_PRICE,"f5,full_game,q1_yrfi,spread,total","f5,full_game,q1_yrfi,spread,total",57,24,81
ncaa_baseball,2026-03-29,6540690,NO_PRICE,"f5,full_game,q1_yrfi,spread,total","f5,full_game,q1_yrfi,spread,total",57,24,81
ncaa_baseball,2026-03-29,6540745,NO_PRICE,"f5,full_game,q1_yrfi,spread,total","f5,full_game,q1_yrfi,spread,total",57,24,81
ncaa_baseball,2026-03-29,6540799,NO_PRICE,"f5,full_game,q1_yrfi,spread,total","f5,full_game,q1_yrfi,spread,total",57,24,81
ncaa_baseball,2026-03-29,6540849,NO_PRICE,"f5,full_game,q1_yrfi,spread,total","f5,full_game,q1_yrfi,spread,total",57,24,81
ncaa_baseball,2026-03-29,6540905,NO_PRICE,"f5,full_game,q1_yrfi,spread,total","f5,full_game,q1_yrfi,spread,total",57,24,81
ncaa_baseball,2026-03-29,6540949,NO_PRICE,"f5,full_game,q1_yrfi,spread,total","f5,full_game,q1_yrfi,spread,total",57,24,81
ncaa_baseball,2026-03-29,6541071,NO_PRICE,"f5,full_game,q1_yrfi,spread,total","f5,full_game,q1_yrfi,spread,total",57,24,81
ncaa_baseball,2026-03-29,6541102,NO_PRICE,"f5,full_game,q1_yrfi,spread,total","f5,full_game,q1_yrfi,spread,total",57,24,81
ncaa_baseball,2026-03-29,6541113,NO_PRICE,"f5,full_game,q1_yrfi,spread,total","f5,full_game,q1_yrfi,spread,total",57,24,81
ncaa_baseball,2026-03-29,6541222,NO_PRICE,"f5,full_game,q1_yrfi,spread,total","f5,full_game,q1_yrfi,spread,total",57,24,81
ncaa_baseball,2026-03-29,6541249,NO_PRICE,"f5,full_game,q1_yrfi,spread,total","f5,full_game,q1_yrfi,spread,total",57,24,81
ncaa_baseball,2026-03-29,6541295,NO_PRICE,"f5,full_game,q1_yrfi,spread,total","f5,full_game,q1_yrfi,spread,total",57,24,81
ncaa_baseball,2026-03-29,6541296,NO_PRICE,"f5,full_game,q1_yrfi,spread,total","f5,full_game,q1_yrfi,spread,total",57,24,81
ncaa_baseball,2026-03-29,6541456,NO_PRICE,"f5,full_game,q1_yrfi,spread,total","f5,full_game,q1_yrfi,spread,total",57,24,81
ncaa_baseball,2026-03-29,6541492,NO_PRICE,"f5,full_game,q1_yrfi,spread,total","f5,full_game,q1_yrfi,spread,total",57,24,81
ncaa_baseball,2026-03-29,6541545,NO_PRICE,"f5,full_game,q1_yrfi,spread,total","f5,full_game,q1_yrfi,spread,total",57,24,81
ncaa_baseball,2026-03-29,6541602,NO_PRICE,"f5,full_game,q1_yrfi,spread,total","f5,full_game,q1_yrfi,spread,total",57,24,81
ncaa_baseball,2026-03-29,6541691,NO_PRICE,"f5,full_game,q1_yrfi,spread,total","f5,full_game,q1_yrfi,spread,total",57,24,81
ncaa_baseball,2026-03-29,6541738,NO_PRICE,"f5,full_game,q1_yrfi,spread,total","f5,full_game,q1_yrfi,spread,total",57,24,81
ncaa_baseball,2026-03-29,6541763,NO_PRICE,"f5,full_game,q1_yrfi,spread,total","f5,full_game,q1_yrfi,spread,total",57,24,81
ncaa_baseball,2026-03-29,6541823,NO_PRICE,"f5,full_game,q1_yrfi,spread,total","f5,full_game,q1_yrfi,spread,total",57,24,81
ncaa_baseball,2026-03-29,6541881,NO_PRICE,"f5,full_game,q1_yrfi,spread,total","f5,full_game,q1_yrfi,spread,total",57,24,81
ncaa_baseball,2026-03-29,6541915,NO_PRICE,"f5,full_game,q1_yrfi,spread,total","f5,full_game,q1_yrfi,spread,total",57,24,81
ncaa_baseball,2026-03-29,6541954,NO_PRICE,"f5,full_game,q1_yrfi,spread,total","f5,full_game,q1_yrfi,spread,total",57,24,81
ncaa_baseball,2026-03-29,6542054,NO_PRICE,"f5,full_game,q1_yrfi,spread,total","f5,full_game,q1_yrfi,spread,total",57,24,81
ncaa_baseball,2026-03-29,6542055,NO_PRICE,"f5,full_game,q1_yrfi,spread,total","f5,full_game,q1_yrfi,spread,total",57,24,81
ncaa_baseball,2026-03-29,6542135,NO_PRICE,"f5,full_game,q1_yrfi,spread,total","f5,full_game,q1_yrfi,spread,total",57,24,81
ncaa_baseball,2026-03-29,6542179,NO_PRICE,"f5,full_game,q1_yrfi,spread,total","f5,full_game,q1_yrfi,spread,total",57,24,81
ncaa_baseball,2026-03-29,6542242,NO_PRICE,"f5,full_game,q1_yrfi,spread,total","f5,full_game,q1_yrfi,spread,total",57,24,81
ncaa_baseball,2026-03-29,6542311,NO_PRICE,"f5,full_game,q1_yrfi,spread,total","f5,full_game,q1_yrfi,spread,total",57,24,81
ncaa_baseball,2026-03-29,6542359,NO_PRICE,"f5,full_game,q1_yrfi,spread,total","f5,full_game,q1_yrfi,spread,total",57,24,81
ncaa_baseball,2026-03-29,6542453,NO_PRICE,"f5,full_game,q1_yrfi,spread,total","f5,full_game,q1_yrfi,spread,total",57,24,81
ncaa_baseball,2026-03-29,6542510,NO_PRICE,"f5,full_game,q1_yrfi,spread,total","f5,full_game,q1_yrfi,spread,total",57,24,81
ncaa_baseball,2026-03-29,6542540,NO_PRICE,"f5,full_game,q1_yrfi,spread,total","f5,full_game,q1_yrfi,spread,total",57,24,81
ncaa_baseball,2026-03-29,6542653,NO_PRICE,"f5,full_game,q1_yrfi,spread,total","f5,full_game,q1_yrfi,spread,total",57,24,81
ncaa_baseball,2026-03-29,6542728,NO_PRICE,"f5,full_game,q1_yrfi,spread,total","f5,full_game,q1_yrfi,spread,total",57,24,81
ncaa_baseball,2026-03-29,6542769,NO_PRICE,"f5,full_game,q1_yrfi,spread,total","f5,full_game,q1_yrfi,spread,total",57,24,81
ncaa_baseball,2026-03-29,6542935,NO_PRICE,"f5,full_game,q1_yrfi,spread,total","f5,full_game,q1_yrfi,spread,total",57,24,81
ncaa_baseball,2026-03-29,6543020,NO_PRICE,"f5,full_game,q1_yrfi,spread,total","f5,full_game,q1_yrfi,spread,total",57,24,81
ncaa_baseball,2026-03-29,6543121,NO_PRICE,"f5,full_game,q1_yrfi,spread,total","f5,full_game,q1_yrfi,spread,total",57,24,81
ncaa_baseball,2026-03-29,6543210,NO_PRICE,"f5,full_game,q1_yrfi,spread,total","f5,full_game,q1_yrfi,spread,total",57,24,81
ncaa_baseball,2026-03-29,6543412,NO_PRICE,"f5,full_game,q1_yrfi,spread,total","f5,full_game,q1_yrfi,spread,total",57,24,81
ncaa_baseball,2026-03-29,6543499,NO_PRICE,"f5,full_game,q1_yrfi,spread,total","f5,full_game,q1_yrfi,spread,total",57,24,81
ncaa_baseball,2026-03-29,6543626,NO_PRICE,"f5,full_game,q1_yrfi,spread,total","f5,full_game,q1_yrfi,spread,total",57,24,81
ncaa_baseball,2026-03-29,6543758,NO_PRICE,"f5,full_game,q1_yrfi,spread,total","f5,full_game,q1_yrfi,spread,total",57,24,81
ncaa_baseball,2026-03-29,6543854,NO_PRICE,"f5,full_game,q1_yrfi,spread,total","f5,full_game,q1_yrfi,spread,total",57,24,81
ncaa_baseball,2026-03-29,6544006,NO_PRICE,"f5,full_game,q1_yrfi,spread,total","f5,full_game,q1_yrfi,spread,total",57,24,81
ncaa_baseball,2026-03-29,6544227,NO_PRICE,"f5,full_game,q1_yrfi,spread,total","f5,full_game,q1_yrfi,spread,total",57,24,81
ncaa_baseball,2026-03-29,6544372,NO_PRICE,"f5,full_game,q1_yrfi,spread,total","f5,full_game,q1_yrfi,spread,total",57,24,81
ncaa_baseball,2026-03-29,6544461,NO_PRICE,"f5,full_game,q1_yrfi,spread,total","f5,full_game,q1_yrfi,spread,total",57,24,81
ncaa_baseball,2026-03-29,6544512,NO_PRICE,"f5,full_game,q1_yrfi,spread,total","f5,full_game,q1_yrfi,spread,total",57,24,81
ncaa_baseball,2026-03-29,6544747,NO_PRICE,"f5,full_game,q1_yrfi,spread,total","f5,full_game,q1_yrfi,spread,total",57,24,81
ncaa_baseball,2026-03-29,6544977,NO_PRICE,"f5,full_game,q1_yrfi,spread,total","f5,full_game,q1_yrfi,spread,total",57,24,81
ncaa_baseball,2026-03-29,6545069,NO_PRICE,"f5,full_game,q1_yrfi,spread,total","f5,full_game,q1_yrfi,spread,total",57,24,81
ncaa_baseball,2026-03-29,6545405,NO_PRICE,"f5,full_game,q1_yrfi,spread,total","f5,full_game,q1_yrfi,spread,total",57,24,81
ncaa_baseball,2026-03-29,6545486,NO_PRICE,"f5,full_game,q1_yrfi,spread,total","f5,full_game,q1_yrfi,spread,total",57,24,81
ncaa_baseball,2026-03-29,6545697,NO_PRICE,"f5,full_game,q1_yrfi,spread,total","f5,full_game,q1_yrfi,spread,total",57,24,81
ncaa_baseball,2026-03-29,6545952,NO_PRICE,"f5,full_game,q1_yrfi,spread,total","f5,full_game,q1_yrfi,spread,total",57,24,81
ncaa_baseball,2026-03-29,6546087,NO_PRICE,"f5,full_game,q1_yrfi,spread,total","f5,full_game,q1_yrfi,spread,total",57,24,81
ncaa_baseball,2026-03-29,6546172,NO_PRICE,"f5,full_game,q1_yrfi,spread,total","f5,full_game,q1_yrfi,spread,total",57,24,81
ncaa_baseball,2026-03-29,6546249,NO_PRICE,"f5,full_game,q1_yrfi,spread,total","f5,full_game,q1_yrfi,spread,total",57,24,81
ncaa_baseball,2026-03-29,6546331,NO_PRICE,"f5,full_game,q1_yrfi,spread,total","f5,full_game,q1_yrfi,spread,total",57,24,81
ncaa_baseball,2026-03-29,6546425,NO_PRICE,"f5,full_game,q1_yrfi,spread,total","f5,full_game,q1_yrfi,spread,total",57,24,81
ncaa_baseball,2026-03-29,6546628,NO_PRICE,"f5,full_game,q1_yrfi,spread,total","f5,full_game,q1_yrfi,spread,total",57,24,81
ncaa_baseball,2026-03-29,6546685,NO_PRICE,"f5,full_game,q1_yrfi,spread,total","f5,full_game,q1_yrfi,spread,total",57,24,81
ncaa_baseball,2026-03-29,6546864,NO_PRICE,"f5,full_game,q1_yrfi,spread,total","f5,full_game,q1_yrfi,spread,total",57,24,81
ncaa_baseball,2026-03-29,6546956,NO_PRICE,"f5,full_game,q1_yrfi,spread,total","f5,full_game,q1_yrfi,spread,total",57,24,81
ncaa_baseball,2026-03-29,6546996,NO_PRICE,"f5,full_game,q1_yrfi,spread,total","f5,full_game,q1_yrfi,spread,total",57,24,81
ncaa_baseball,2026-03-29,6547128,NO_PRICE,"f5,full_game,q1_yrfi,spread,total","f5,full_game,q1_yrfi,spread,total",57,24,81
ncaa_baseball,2026-03-29,6547192,NO_PRICE,"f5,full_game,q1_yrfi,spread,total","f5,full_game,q1_yrfi,spread,total",57,24,81
ncaa_baseball,2026-03-29,6547194,NO_PRICE,"f5,full_game,q1_yrfi,spread,total","f5,full_game,q1_yrfi,spread,total",57,24,81
ncaa_baseball,2026-03-29,6547253,NO_PRICE,"f5,full_game,q1_yrfi,spread,total","f5,full_game,q1_yrfi,spread,total",57,24,81
ncaa_baseball,2026-03-29,6547335,NO_PRICE,"f5,full_game,q1_yrfi,spread,total","f5,full_game,q1_yrfi,spread,total",57,24,81
ncaa_baseball,2026-03-29,6547516,NO_PRICE,"f5,full_game,q1_yrfi,spread,total","f5,full_game,q1_yrfi,spread,total",57,24,81
ncaa_baseball,2026-03-29,6547520,NO_PRICE,"f5,full_game,q1_yrfi,spread,total","f5,full_game,q1_yrfi,spread,total",57,24,81
ncaa_baseball,2026-03-29,6547597,NO_PRICE,"f5,full_game,q1_yrfi,spread,total","f5,full_game,q1_yrfi,spread,total",57,24,81
ncaa_baseball,2026-03-29,6547659,NO_PRICE,"f5,full_game,q1_yrfi,spread,total","f5,full_game,q1_yrfi,spread,total",57,24,81
ncaa_baseball,2026-03-29,6547747,NO_PRICE,"f5,full_game,q1_yrfi,spread,total","f5,full_game,q1_yrfi,spread,total",57,24,81
ncaa_baseball,2026-03-29,6547803,NO_PRICE,"f5,full_game,q1_yrfi,spread,total","f5,full_game,q1_yrfi,spread,total",57,24,81
ncaa_baseball,2026-03-29,6547876,NO_PRICE,"f5,full_game,q1_yrfi,spread,total","f5,full_game,q1_yrfi,spread,total",57,24,81
ncaa_baseball,2026-03-29,6547929,NO_PRICE,"f5,full_game,q1_yrfi,spread,total","f5,full_game,q1_yrfi,spread,total",57,24,81
ncaa_baseball,2026-03-29,6548031,NO_PRICE,"f5,full_game,q1_yrfi,spread,total","f5,full_game,q1_yrfi,spread,total",57,24,81
ncaa_baseball,2026-03-29,6548149,NO_PRICE,"f5,full_game,q1_yrfi,spread,total","f5,full_game,q1_yrfi,spread,total",57,24,81
ncaa_baseball,2026-03-29,6548241,NO_PRICE,"f5,full_game,q1_yrfi,spread,total","f5,full_game,q1_yrfi,spread,total",57,24,81
ncaa_baseball,2026-03-29,6548336,NO_PRICE,"f5,full_game,q1_yrfi,spread,total","f5,full_game,q1_yrfi,spread,total",57,24,81
ncaa_baseball,2026-03-29,6548342,NO_PRICE,"f5,full_game,q1_yrfi,spread,total","f5,full_game,q1_yrfi,spread,total",57,24,81
ncaa_baseball,2026-03-29,6548408,NO_PRICE,"f5,full_game,q1_yrfi,spread,total","f5,full_game,q1_yrfi,spread,total",57,24,81
ncaa_baseball,2026-03-29,6548463,NO_PRICE,"f5,full_game,q1_yrfi,spread,total","f5,full_game,q1_yrfi,spread,total",57,24,81
ncaa_baseball,2026-03-29,6548541,NO_PRICE,"f5,full_game,q1_yrfi,spread,total","f5,full_game,q1_yrfi,spread,total",57,24,81
ncaa_baseball,2026-03-29,6548637,NO_PRICE,"f5,full_game,q1_yrfi,spread,total","f5,full_game,q1_yrfi,spread,total",57,24,81
ncaa_baseball,2026-03-29,6548648,NO_PRICE,"f5,full_game,q1_yrfi,spread,total","f5,full_game,q1_yrfi,spread,total",57,24,81
ncaa_baseball,2026-03-29,6548764,NO_PRICE,"f5,full_game,q1_yrfi,spread,total","f5,full_game,q1_yrfi,spread,total",57,24,81
ncaa_baseball,2026-03-29,6548780,NO_PRICE,"f5,full_game,q1_yrfi,spread,total","f5,full_game,q1_yrfi,spread,total",57,24,81
ncaa_baseball,2026-03-29,6548821,NO_PRICE,"f5,full_game,q1_yrfi,spread,total","f5,full_game,q1_yrfi,spread,total",57,24,81
ncaa_baseball,2026-03-29,6549036,NO_PRICE,"f5,full_game,q1_yrfi,spread,total","f5,full_game,q1_yrfi,spread,total",57,24,81
ncaa_baseball,2026-03-29,6549078,NO_PRICE,"f5,full_game,q1_yrfi,spread,total","f5,full_game,q1_yrfi,spread,total",57,24,81
ncaa_baseball,2026-03-29,6549153,NO_PRICE,"f5,full_game,q1_yrfi,spread,total","f5,full_game,q1_yrfi,spread,total",57,24,81
ncaa_baseball,2026-03-29,6549258,NO_PRICE,"f5,full_game,q1_yrfi,spread,total","f5,full_game,q1_yrfi,spread,total",57,24,81
ncaa_baseball,2026-03-29,6549487,NO_PRICE,"f5,full_game,q1_yrfi,spread,total","f5,full_game,q1_yrfi,spread,total",57,24,81
ncaa_baseball,2026-03-29,6549553,NO_PRICE,"f5,full_game,q1_yrfi,spread,total","f5,full_game,q1_yrfi,spread,total",57,24,81
ncaa_baseball,2026-03-29,6549578,NO_PRICE,"f5,full_game,q1_yrfi,spread,total","f5,full_game,q1_yrfi,spread,total",57,24,81
ncaa_baseball,2026-03-29,6549636,NO_PRICE,"f5,full_game,q1_yrfi,spread,total","f5,full_game,q1_yrfi,spread,total",57,24,81
ncaa_baseball,2026-03-29,6549776,NO_PRICE,"f5,full_game,q1_yrfi,spread,total","f5,full_game,q1_yrfi,spread,total",57,24,81
ncaa_baseball,2026-03-29,6549835,NO_PRICE,"f5,full_game,q1_yrfi,spread,total","f5,full_game,q1_yrfi,spread,total",57,24,81
ncaa_baseball,2026-03-29,6549909,NO_PRICE,"f5,full_game,q1_yrfi,spread,total","f5,full_game,q1_yrfi,spread,total",57,24,81
ncaa_baseball,2026-03-29,6549953,NO_PRICE,"f5,full_game,q1_yrfi,spread,total","f5,full_game,q1_yrfi,spread,total",57,24,81
ncaa_baseball,2026-03-29,6550237,NO_PRICE,"f5,full_game,q1_yrfi,spread,total","f5,full_game,q1_yrfi,spread,total",57,24,81
ncaa_baseball,2026-03-29,6550382,NO_PRICE,"f5,full_game,q1_yrfi,spread,total","f5,full_game,q1_yrfi,spread,total",57,24,81
ncaa_baseball,2026-03-29,6550447,NO_PRICE,"f5,full_game,q1_yrfi,spread,total","f5,full_game,q1_yrfi,spread,total",57,24,81
ncaa_baseball,2026-03-29,6550550,NO_PRICE,"f5,full_game,q1_yrfi,spread,total","f5,full_game,q1_yrfi,spread,total",57,24,81
ncaa_baseball,2026-03-29,6550614,NO_PRICE,"f5,full_game,q1_yrfi,spread,total","f5,full_game,q1_yrfi,spread,total",57,24,81
ncaa_baseball,2026-03-29,6550698,NO_PRICE,"f5,full_game,q1_yrfi,spread,total","f5,full_game,q1_yrfi,spread,total",57,24,81
ncaa_baseball,2026-03-29,6550792,NO_PRICE,"f5,full_game,q1_yrfi,spread,total","f5,full_game,q1_yrfi,spread,total",57,24,81
ncaa_baseball,2026-03-29,6551148,NO_PRICE,"f5,full_game,q1_yrfi,spread,total","f5,full_game,q1_yrfi,spread,total",57,24,81
ncaa_baseball,2026-03-29,6551174,NO_PRICE,"f5,full_game,q1_yrfi,spread,total","f5,full_game,q1_yrfi,spread,total",57,24,81
ncaa_baseball,2026-03-29,6551326,NO_PRICE,"f5,full_game,q1_yrfi,spread,total","f5,full_game,q1_yrfi,spread,total",57,24,81
ncaa_baseball,2026-03-29,6551377,NO_PRICE,"f5,full_game,q1_yrfi,spread,total","f5,full_game,q1_yrfi,spread,total",57,24,81
ncaa_baseball,2026-03-29,6551705,NO_PRICE,"f5,full_game,q1_yrfi,spread,total","f5,full_game,q1_yrfi,spread,total",57,24,81
ncaa_baseball,2026-03-29,6551842,NO_PRICE,"f5,full_game,q1_yrfi,spread,total","f5,full_game,q1_yrfi,spread,total",57,24,81
ncaa_baseball,2026-03-29,6551930,NO_PRICE,"f5,full_game,q1_yrfi,spread,total","f5,full_game,q1_yrfi,spread,total",57,24,81
ncaa_baseball,2026-03-29,6551969,NO_PRICE,"f5,full_game,q1_yrfi,spread,total","f5,full_game,q1_yrfi,spread,total",57,24,81
ncaa_baseball,2026-03-29,6552002,NO_PRICE,"f5,full_game,q1_yrfi,spread,total","f5,full_game,q1_yrfi,spread,total",57,24,81
ncaa_baseball,2026-03-29,6552131,NO_PRICE,"f5,full_game,q1_yrfi,spread,total","f5,full_game,q1_yrfi,spread,total",57,24,81
ncaa_baseball,2026-03-29,6552236,NO_PRICE,"f5,full_game,q1_yrfi,spread,total","f5,full_game,q1_yrfi,spread,total",57,24,81
ncaa_baseball,2026-03-29,6552566,NO_PRICE,"f5,full_game,q1_yrfi,spread,total","f5,full_game,q1_yrfi,spread,total",57,24,81
ncaa_baseball,2026-03-29,6552639,NO_PRICE,"f5,full_game,q1_yrfi,spread,total","f5,full_game,q1_yrfi,spread,total",57,24,81
ncaa_baseball,2026-03-29,6552780,NO_PRICE,"f5,full_game,q1_yrfi,spread,total","f5,full_game,q1_yrfi,spread,total",57,24,81
ncaa_baseball,2026-03-29,6584148,NO_PRICE,"f5,full_game,q1_yrfi,spread,total","f5,full_game,q1_yrfi,spread,total",57,24,81
ncaa_baseball,2026-03-29,6584440,NO_PRICE,"f5,full_game,q1_yrfi,spread,total","f5,full_game,q1_yrfi,spread,total",57,24,81
ncaa_baseball,2026-03-29,6585667,NO_PRICE,"f5,full_game,q1_yrfi,spread,total","f5,full_game,q1_yrfi,spread,total",57,24,81
ncaa_baseball,2026-03-29,6585699,NO_PRICE,"f5,full_game,q1_yrfi,spread,total","f5,full_game,q1_yrfi,spread,total",57,24,81
ncaa_baseball,2026-03-29,6585755,NO_PRICE,"f5,full_game,q1_yrfi,spread,total","f5,full_game,q1_yrfi,spread,total",57,24,81
ncaa_baseball,2026-03-29,6585808,NO_PRICE,"f5,full_game,q1_yrfi,spread,total","f5,full_game,q1_yrfi,spread,total",57,24,81
ncaa_baseball,2026-03-29,6586637,NO_PRICE,"f5,full_game,q1_yrfi,spread,total","f5,full_game,q1_yrfi,spread,total",57,24,81
ncaa_baseball,2026-03-29,6587607,NO_PRICE,"f5,full_game,q1_yrfi,spread,total","f5,full_game,q1_yrfi,spread,total",57,24,81
ncaa_baseball,2026-03-29,6587656,NO_PRICE,"f5,full_game,q1_yrfi,spread,total","f5,full_game,q1_yrfi,spread,total",57,24,81
ncaa_baseball,2026-03-29,6588161,NO_PRICE,"f5,full_game,q1_yrfi,spread,total","f5,full_game,q1_yrfi,spread,total",57,24,81
ncaa_baseball,2026-03-29,6589155,NO_PRICE,"f5,full_game,q1_yrfi,spread,total","f5,full_game,q1_yrfi,spread,total",57,24,81
ncaa_baseball,2026-03-29,6589180,NO_PRICE,"f5,full_game,q1_yrfi,spread,total","f5,full_game,q1_yrfi,spread,total",57,24,81
ncaa_baseball,2026-03-29,6589512,NO_PRICE,"f5,full_game,q1_yrfi,spread,total","f5,full_game,q1_yrfi,spread,total",57,24,81
ncaa_baseball,2026-03-29,6589537,NO_PRICE,"f5,full_game,q1_yrfi,spread,total","f5,full_game,q1_yrfi,spread,total",57,24,81
ncaa_baseball,2026-03-29,6589689,NO_PRICE,"f5,full_game,q1_yrfi,spread,total","f5,full_game,q1_yrfi,spread,total",57,24,81
ncaa_baseball,2026-03-29,6590006,NO_PRICE,"f5,full_game,q1_yrfi,spread,total","f5,full_game,q1_yrfi,spread,total",57,24,81
ncaa_baseball,2026-03-29,6590084,NO_PRICE,"f5,full_game,q1_yrfi,spread,total","f5,full_game,q1_yrfi,spread,total",57,24,81
mlb,2026-03-30,401814735,NO_PRICE,"f5,full_game,q1_yrfi,spread,total","f5,full_game,q1_yrfi,spread,total",57,24,81
mlb,2026-03-30,401814736,NO_PRICE,"f5,full_game,q1_yrfi,spread,total","f5,full_game,q1_yrfi,spread,total",57,24,81
mlb,2026-03-30,401814737,NO_PRICE,"f5,full_game,q1_yrfi,spread,total","f5,full_game,q1_yrfi,spread,total",57,24,81
mlb,2026-03-30,401814738,NO_PRICE,"f5,full_game,q1_yrfi,spread,total","f5,full_game,q1_yrfi,spread,total",57,24,81
mlb,2026-03-30,401814739,NO_PRICE,"f5,full_game,q1_yrfi,spread,total","f5,full_game,q1_yrfi,spread,total",57,24,81
mlb,2026-03-30,401814740,NO_PRICE,"f5,full_game,q1_yrfi,spread,total","f5,full_game,q1_yrfi,spread,total",57,24,81
mlb,2026-03-30,401814741,NO_PRICE,"f5,full_game,q1_yrfi,spread,total","f5,full_game,q1_yrfi,spread,total",57,24,81
mlb,2026-03-30,401814742,NO_PRICE,"f5,full_game,q1_yrfi,spread,total","f5,full_game,q1_yrfi,spread,total",57,24,81
mlb,2026-03-30,401814743,NO_PRICE,"f5,full_game,q1_yrfi,spread,total","f5,full_game,q1_yrfi,spread,total",57,24,81
mlb,2026-03-30,401814744,NO_PRICE,"f5,full_game,q1_yrfi,spread,total","f5,full_game,q1_yrfi,spread,total",57,24,81
mlb,2026-03-30,401814745,NO_PRICE,"f5,full_game,q1_yrfi,spread,total","f5,full_game,q1_yrfi,spread,total",57,24,81
mlb,2026-03-30,401814746,NO_PRICE,"f5,full_game,q1_yrfi,spread,total","f5,full_game,q1_yrfi,spread,total",57,24,81
mlb,2026-03-30,401814747,NO_PRICE,"f5,full_game,q1_yrfi,spread,total","f5,full_game,q1_yrfi,spread,total",57,24,81
mlb,2026-03-30,401814748,NO_PRICE,"f5,full_game,q1_yrfi,spread,total","f5,full_game,q1_yrfi,spread,total",57,24,81
mlb,2026-03-30,401814749,NO_PRICE,"f5,full_game,q1_yrfi,spread,total","f5,full_game,q1_yrfi,spread,total",57,24,81
ncaa_baseball,2026-03-30,6541955,NO_PRICE,"f5,full_game,q1_yrfi,spread,total","f5,full_game,q1_yrfi,spread,total",57,24,81
ncaa_baseball,2026-03-30,6542057,NO_PRICE,"f5,full_game,q1_yrfi,spread,total","f5,full_game,q1_yrfi,spread,total",57,24,81
ncaa_baseball,2026-03-30,6549374,NO_PRICE,"f5,full_game,q1_yrfi,spread,total","f5,full_game,q1_yrfi,spread,total",57,24,81
ncaa_baseball,2026-03-30,6550983,NO_PRICE,"f5,full_game,q1_yrfi,spread,total","f5,full_game,q1_yrfi,spread,total",57,24,81
ncaa_baseball,2026-03-30,6551971,NO_PRICE,"f5,full_game,q1_yrfi,spread,total","f5,full_game,q1_yrfi,spread,total",57,24,81
kbo,2026-03-31,13257,NO_PRICE,"f5,full_game,q1_yrfi,spread,total","f5,full_game,q1_yrfi,spread,total",57,24,81
kbo,2026-03-31,13258,NO_PRICE,"f5,full_game,q1_yrfi,spread,total","f5,full_game,q1_yrfi,spread,total",57,24,81
kbo,2026-03-31,13259,NO_PRICE,"f5,full_game,q1_yrfi,spread,total","f5,full_game,q1_yrfi,spread,total",57,24,81
kbo,2026-03-31,13260,NO_PRICE,"f5,full_game,q1_yrfi,spread,total","f5,full_game,q1_yrfi,spread,total",57,24,81
kbo,2026-03-31,13261,NO_PRICE,"f5,full_game,q1_yrfi,spread,total","f5,full_game,q1_yrfi,spread,total",57,24,81
mlb,2026-03-31,401814750,NO_PRICE,"f5,full_game,q1_yrfi,spread,total","f5,full_game,q1_yrfi,spread,total",57,24,81
mlb,2026-03-31,401814751,NO_PRICE,"f5,full_game,q1_yrfi,spread,total","f5,full_game,q1_yrfi,spread,total",57,24,81
mlb,2026-03-31,401814752,NO_PRICE,"f5,full_game,q1_yrfi,spread,total","f5,full_game,q1_yrfi,spread,total",57,24,81
mlb,2026-03-31,401814753,NO_PRICE,"f5,full_game,q1_yrfi,spread,total","f5,full_game,q1_yrfi,spread,total",57,24,81
mlb,2026-03-31,401814754,NO_PRICE,"f5,full_game,q1_yrfi,spread,total","f5,full_game,q1_yrfi,spread,total",57,24,81
mlb,2026-03-31,401814755,NO_PRICE,"f5,full_game,q1_yrfi,spread,total","f5,full_game,q1_yrfi,spread,total",57,24,81
mlb,2026-03-31,401814756,NO_PRICE,"f5,full_game,q1_yrfi,spread,total","f5,full_game,q1_yrfi,spread,total",57,24,81
mlb,2026-03-31,401814757,NO_PRICE,"f5,full_game,q1_yrfi,spread,total","f5,full_game,q1_yrfi,spread,total",57,24,81
mlb,2026-03-31,401814758,NO_PRICE,"f5,full_game,q1_yrfi,spread,total","f5,full_game,q1_yrfi,spread,total",57,24,81
mlb,2026-03-31,401814759,NO_PRICE,"f5,full_game,q1_yrfi,spread,total","f5,full_game,q1_yrfi,spread,total",57,24,81
mlb,2026-03-31,401814760,NO_PRICE,"f5,full_game,q1_yrfi,spread,total","f5,full_game,q1_yrfi,spread,total",57,24,81
mlb,2026-03-31,401814761,NO_PRICE,"f5,full_game,q1_yrfi,spread,total","f5,full_game,q1_yrfi,spread,total",57,24,81
mlb,2026-03-31,401814762,NO_PRICE,"f5,full_game,q1_yrfi,spread,total","f5,full_game,q1_yrfi,spread,total",57,24,81
mlb,2026-03-31,401814763,NO_PRICE,"f5,full_game,q1_yrfi,spread,total","f5,full_game,q1_yrfi,spread,total",57,24,81
ncaa_baseball,2026-03-31,6540370,NO_PRICE,"f5,full_game,q1_yrfi,spread,total","f5,full_game,q1_yrfi,spread,total",57,24,81
ncaa_baseball,2026-03-31,6540474,NO_PRICE,"f5,full_game,q1_yrfi,spread,total","f5,full_game,q1_yrfi,spread,total",57,24,81
ncaa_baseball,2026-03-31,6540527,NO_PRICE,"f5,full_game,q1_yrfi,spread,total","f5,full_game,q1_yrfi,spread,total",57,24,81
ncaa_baseball,2026-03-31,6540577,NO_PRICE,"f5,full_game,q1_yrfi,spread,total","f5,full_game,q1_yrfi,spread,total",57,24,81
ncaa_baseball,2026-03-31,6540636,NO_PRICE,"f5,full_game,q1_yrfi,spread,total","f5,full_game,q1_yrfi,spread,total",57,24,81
ncaa_baseball,2026-03-31,6540691,NO_PRICE,"f5,full_game,q1_yrfi,spread,total","f5,full_game,q1_yrfi,spread,total",57,24,81
ncaa_baseball,2026-03-31,6540746,NO_PRICE,"f5,full_game,q1_yrfi,spread,total","f5,full_game,q1_yrfi,spread,total",57,24,81
ncaa_baseball,2026-03-31,6540850,NO_PRICE,"f5,full_game,q1_yrfi,spread,total","f5,full_game,q1_yrfi,spread,total",57,24,81
ncaa_baseball,2026-03-31,6540906,NO_PRICE,"f5,full_game,q1_yrfi,spread,total","f5,full_game,q1_yrfi,spread,total",57,24,81
ncaa_baseball,2026-03-31,6540950,NO_PRICE,"f5,full_game,q1_yrfi,spread,total","f5,full_game,q1_yrfi,spread,total",57,24,81
ncaa_baseball,2026-03-31,6540994,NO_PRICE,"f5,full_game,q1_yrfi,spread,total","f5,full_game,q1_yrfi,spread,total",57,24,81
ncaa_baseball,2026-03-31,6541075,NO_PRICE,"f5,full_game,q1_yrfi,spread,total","f5,full_game,q1_yrfi,spread,total",57,24,81
ncaa_baseball,2026-03-31,6541105,NO_PRICE,"f5,full_game,q1_yrfi,spread,total","f5,full_game,q1_yrfi,spread,total",57,24,81
ncaa_baseball,2026-03-31,6541123,NO_PRICE,"f5,full_game,q1_yrfi,spread,total","f5,full_game,q1_yrfi,spread,total",57,24,81
ncaa_baseball,2026-03-31,6541297,NO_PRICE,"f5,full_game,q1_yrfi,spread,total","f5,full_game,q1_yrfi,spread,total",57,24,81
ncaa_baseball,2026-03-31,6541372,NO_PRICE,"f5,full_game,q1_yrfi,spread,total","f5,full_game,q1_yrfi,spread,total",57,24,81
ncaa_baseball,2026-03-31,6541605,NO_PRICE,"f5,full_game,q1_yrfi,spread,total","f5,full_game,q1_yrfi,spread,total",57,24,81
ncaa_baseball,2026-03-31,6541628,NO_PRICE,"f5,full_game,q1_yrfi,spread,total","f5,full_game,q1_yrfi,spread,total",57,24,81
ncaa_baseball,2026-03-31,6541692,NO_PRICE,"f5,full_game,q1_yrfi,spread,total","f5,full_game,q1_yrfi,spread,total",57,24,81
ncaa_baseball,2026-03-31,6541739,NO_PRICE,"f5,full_game,q1_yrfi,spread,total","f5,full_game,q1_yrfi,spread,total",57,24,81
ncaa_baseball,2026-03-31,6541765,NO_PRICE,"f5,full_game,q1_yrfi,spread,total","f5,full_game,q1_yrfi,spread,total",57,24,81
ncaa_baseball,2026-03-31,6541883,NO_PRICE,"f5,full_game,q1_yrfi,spread,total","f5,full_game,q1_yrfi,spread,total",57,24,81
ncaa_baseball,2026-03-31,6541916,NO_PRICE,"f5,full_game,q1_yrfi,spread,total","f5,full_game,q1_yrfi,spread,total",57,24,81
ncaa_baseball,2026-03-31,6541989,NO_PRICE,"f5,full_game,q1_yrfi,spread,total","f5,full_game,q1_yrfi,spread,total",57,24,81
ncaa_baseball,2026-03-31,6542136,NO_PRICE,"f5,full_game,q1_yrfi,spread,total","f5,full_game,q1_yrfi,spread,total",57,24,81
ncaa_baseball,2026-03-31,6542180,NO_PRICE,"f5,full_game,q1_yrfi,spread,total","f5,full_game,q1_yrfi,spread,total",57,24,81
ncaa_baseball,2026-03-31,6542243,NO_PRICE,"f5,full_game,q1_yrfi,spread,total","f5,full_game,q1_yrfi,spread,total",57,24,81
ncaa_baseball,2026-03-31,6542253,NO_PRICE,"f5,full_game,q1_yrfi,spread,total","f5,full_game,q1_yrfi,spread,total",57,24,81
ncaa_baseball,2026-03-31,6542312,NO_PRICE,"f5,full_game,q1_yrfi,spread,total","f5,full_game,q1_yrfi,spread,total",57,24,81
ncaa_baseball,2026-03-31,6542360,NO_PRICE,"f5,full_game,q1_yrfi,spread,total","f5,full_game,q1_yrfi,spread,total",57,24,81
ncaa_baseball,2026-03-31,6542511,NO_PRICE,"f5,full_game,q1_yrfi,spread,total","f5,full_game,q1_yrfi,spread,total",57,24,81
ncaa_baseball,2026-03-31,6542654,NO_PRICE,"f5,full_game,q1_yrfi,spread,total","f5,full_game,q1_yrfi,spread,total",57,24,81
ncaa_baseball,2026-03-31,6542689,NO_PRICE,"f5,full_game,q1_yrfi,spread,total","f5,full_game,q1_yrfi,spread,total",57,24,81
