sport,date,game_id,closing_moneyline_odds,home_moneyline_odds,away_moneyline_odds,closing_spread_odds,closing_total_odds,closing_q1_odds,closing_f5_odds,closing_home_over_odds,closing_corners_odds,closing_btts_odds,closing_spread_line,closing_total_line,odds_over_under,odds_source_provider,draw_moneyline_odds
kbo,2026-03-21,13227,,,,,,,,,,,,,,,
kbo,2026-03-21,13228,,,,,,,,,,,,,,,
kbo,2026-03-21,13229,,,,,,,,,,,,,,,
kbo,2026-03-21,13230,,,,,,,,,,,,,,,
kbo,2026-03-21,13231,-182.0,-182.0,130.0,,,,,,,,,,,,
laliga,2026-03-21,748425,140.0,140.0,250.0,125.0,-155.0,,,,,,-0.5,1.5,1.5,DraftKings,
laliga,2026-03-21,748426,120.0,120.0,240.0,110.0,110.0,,,,,,-0.5,2.5,2.5,DraftKings,
laliga,2026-03-21,748427,105.0,105.0,270.0,-105.0,-110.0,,,,,,-0.5,2.5,2.5,DraftKings,
laliga,2026-03-21,748428,130.0,130.0,240.0,120.0,135.0,,,,,,-0.5,2.5,2.5,DraftKings,
laliga,2026-03-21,748430,110.0,110.0,265.0,100.0,105.0,,,,,,-0.5,2.5,2.5,DraftKings,
liga_mx,2026-03-21,401840916,-105.0,-105.0,290.0,-115.0,105.0,,,,,,-0.5,2.5,2.5,DraftKings,
liga_mx,2026-03-21,401840918,100.0,100.0,255.0,-110.0,-145.0,,,,,,-0.5,2.5,2.5,DraftKings,
liga_mx,2026-03-21,401840919,115.0,225.0,115.0,-145.0,-120.0,,,,,,0.5,2.5,2.5,DraftKings,
liga_mx,2026-03-21,401840920,145.0,180.0,145.0,-185.0,-120.0,,,,,,0.5,2.5,2.5,DraftKings,
mlb,2026-03-21,401833291,,,,,,,,,,,,,,,
mlb,2026-03-21,401833292,,,,,,,,,,,,,,,
mlb,2026-03-21,401833293,,,,,,,,,,,,,,,
mlb,2026-03-21,401833294,,,,,,,,,,,,,,,
mlb,2026-03-21,401833295,,,,,,,,,,,,,,,
mlb,2026-03-21,401833296,,,,,,,,,,,,,,,
mlb,2026-03-21,401833297,,,,,,,,,,,,,,,
mlb,2026-03-21,401833298,,,,,,,,,,,,,,,
mlb,2026-03-21,401833299,,,,,,,,,,,,,,,
mlb,2026-03-21,401833300,,,,,,,,,,,,,,,
mlb,2026-03-21,401833301,,,,,,,,,,,,,,,
mlb,2026-03-21,401833302,,,,,,,,,,,,,,,
mlb,2026-03-21,401833303,,,,,,,,,,,,,,,
mlb,2026-03-21,401833304,,,,,,,,,,,,,,,
mlb,2026-03-21,401833305,,,,,,,,,,,,,,,
nba,2026-03-21,401810877,-4202.0,1870.0,-4202.0,-106.0,-110.0,,,,,,20.5,229.5,229.5,Draft Kings,
nba,2026-03-21,401810878,-1467.0,-1467.0,900.0,-106.0,-112.0,,,,,,-16.5,234.5,234.5,Draft Kings,
nba,2026-03-21,401810879,-144.0,127.0,-144.0,-106.0,-115.0,,,,,,2.5,232.5,232.5,Draft Kings,
nba,2026-03-21,401810880,-193.0,168.0,-193.0,-6.0,-108.0,,,,,,4.5,235.5,235.5,Draft Kings,
nba,2026-03-21,401810881,,,,,-105.0,,,,,,-10.5,229.5,229.5,Draft Kings,
nba,2026-03-21,401810882,,,,,-110.0,,,,,,-1.5,229.5,229.5,Draft Kings,
nba,2026-03-21,401810883,,,,,-110.0,,,,,,-18.5,233.5,233.5,Draft Kings,
nba,2026-03-21,401810884,,,,,-110.0,,,,,,6.5,233.5,233.5,Draft Kings,
nba,2026-03-21,401810885,,,,,-110.0,,,,,,5.5,230.5,230.5,Draft Kings,
nba,2026-03-21,401810886,,,,,-110.0,,,,,,-11.5,219.5,219.5,Draft Kings,
ncaa_baseball,2026-03-21,6540364,,,,,,,,,,,,,,,
ncaa_baseball,2026-03-21,6540415,,,,,,,,,,,,,,,
ncaa_baseball,2026-03-21,6540467,,,,,,,,,,,,,,,
ncaa_baseball,2026-03-21,6540521,,,,,,,,,,,,,,,
ncaa_baseball,2026-03-21,6540585,,,,,,,,,,,,,,,
ncaa_baseball,2026-03-21,6540685,,,,,,,,,,,,,,,
ncaa_baseball,2026-03-21,6540740,,,,,,,,,,,,,,,
ncaa_baseball,2026-03-21,6540794,,,,,,,,,,,,,,,
ncaa_baseball,2026-03-21,6540844,,,,,,,,,,,,,,,
ncaa_baseball,2026-03-21,6540900,,,,,,,,,,,,,,,
ncaa_baseball,2026-03-21,6540943,,,,,,,,,,,,,,,
ncaa_baseball,2026-03-21,6540944,,,,,,,,,,,,,,,
ncaa_baseball,2026-03-21,6540991,,,,,,,,,,,,,,,
ncaa_baseball,2026-03-21,6541063,,,,,,,,,,,,,,,
ncaa_baseball,2026-03-21,6541087,,,,,,,,,,,,,,,
ncaa_baseball,2026-03-21,6541098,,,,,,,,,,,,,,,
ncaa_baseball,2026-03-21,6541207,,,,,,,,,,,,,,,
ncaa_baseball,2026-03-21,6541245,,,,,,,,,,,,,,,
ncaa_baseball,2026-03-21,6541281,,,,,,,,,,,,,,,
ncaa_baseball,2026-03-21,6541286,,,,,,,,,,,,,,,
ncaa_baseball,2026-03-21,6541368,,,,,,,,,,,,,,,
ncaa_baseball,2026-03-21,6541452,,,,,,,,,,,,,,,
ncaa_baseball,2026-03-21,6541488,,,,,,,,,,,,,,,
ncaa_baseball,2026-03-21,6541539,,,,,,,,,,,,,,,
ncaa_baseball,2026-03-21,6541592,,,,,,,,,,,,,,,
ncaa_baseball,2026-03-21,6541620,,,,,,,,,,,,,,,
ncaa_baseball,2026-03-21,6541686,,,,,,,,,,,,,,,
ncaa_baseball,2026-03-21,6541723,,,,,,,,,,,,,,,
ncaa_baseball,2026-03-21,6541755,,,,,,,,,,,,,,,
ncaa_baseball,2026-03-21,6541818,,,,,,,,,,,,,,,
ncaa_baseball,2026-03-21,6541873,,,,,,,,,,,,,,,
ncaa_baseball,2026-03-21,6541892,,,,,,,,,,,,,,,
ncaa_baseball,2026-03-21,6541949,,,,,,,,,,,,,,,
ncaa_baseball,2026-03-21,6542042,,,,,,,,,,,,,,,
ncaa_baseball,2026-03-21,6542047,,,,,,,,,,,,,,,
ncaa_baseball,2026-03-21,6542130,,,,,,,,,,,,,,,
ncaa_baseball,2026-03-21,6542175,,,,,,,,,,,,,,,
ncaa_baseball,2026-03-21,6542206,,,,,,,,,,,,,,,
ncaa_baseball,2026-03-21,6542236,,,,,,,,,,,,,,,
ncaa_baseball,2026-03-21,6542307,,,,,,,,,,,,,,,
ncaa_baseball,2026-03-21,6542354,,,,,,,,,,,,,,,
ncaa_baseball,2026-03-21,6542447,,,,,,,,,,,,,,,
ncaa_baseball,2026-03-21,6542506,,,,,,,,,,,,,,,
ncaa_baseball,2026-03-21,6542648,,,,,,,,,,,,,,,
ncaa_baseball,2026-03-21,6542722,,,,,,,,,,,,,,,
ncaa_baseball,2026-03-21,6542723,,,,,,,,,,,,,,,
ncaa_baseball,2026-03-21,6542764,,,,,,,,,,,,,,,
ncaa_baseball,2026-03-21,6542878,,,,,,,,,,,,,,,
ncaa_baseball,2026-03-21,6542925,,,,,,,,,,,,,,,
ncaa_baseball,2026-03-21,6543011,,,,,,,,,,,,,,,
ncaa_baseball,2026-03-21,6543111,,,,,,,,,,,,,,,
ncaa_baseball,2026-03-21,6543197,,,,,,,,,,,,,,,
ncaa_baseball,2026-03-21,6543199,,,,,,,,,,,,,,,
ncaa_baseball,2026-03-21,6543365,,,,,,,,,,,,,,,
ncaa_baseball,2026-03-21,6543489,,,,,,,,,,,,,,,
ncaa_baseball,2026-03-21,6543614,,,,,,,,,,,,,,,
ncaa_baseball,2026-03-21,6543748,,,,,,,,,,,,,,,
ncaa_baseball,2026-03-21,6543844,,,,,,,,,,,,,,,
ncaa_baseball,2026-03-21,6543921,,,,,,,,,,,,,,,
ncaa_baseball,2026-03-21,6543988,,,,,,,,,,,,,,,
ncaa_baseball,2026-03-21,6544073,,,,,,,,,,,,,,,
ncaa_baseball,2026-03-21,6544256,,,,,,,,,,,,,,,
ncaa_baseball,2026-03-21,6544622,,,,,,,,,,,,,,,
ncaa_baseball,2026-03-21,6544737,,,,,,,,,,,,,,,
ncaa_baseball,2026-03-21,6544883,,,,,,,,,,,,,,,
ncaa_baseball,2026-03-21,6544969,,,,,,,,,,,,,,,
ncaa_baseball,2026-03-21,6545060,,,,,,,,,,,,,,,
ncaa_baseball,2026-03-21,6545139,,,,,,,,,,,,,,,
ncaa_baseball,2026-03-21,6545229,,,,,,,,,,,,,,,
ncaa_baseball,2026-03-21,6545320,,,,,,,,,,,,,,,
ncaa_baseball,2026-03-21,6545395,,,,,,,,,,,,,,,
ncaa_baseball,2026-03-21,6545547,,,,,,,,,,,,,,,
ncaa_baseball,2026-03-21,6545616,,,,,,,,,,,,,,,
ncaa_baseball,2026-03-21,6545826,,,,,,,,,,,,,,,
ncaa_baseball,2026-03-21,6546075,,,,,,,,,,,,,,,
ncaa_baseball,2026-03-21,6546165,,,,,,,,,,,,,,,
ncaa_baseball,2026-03-21,6546241,,,,,,,,,,,,,,,
ncaa_baseball,2026-03-21,6546417,,,,,,,,,,,,,,,
ncaa_baseball,2026-03-21,6546526,,,,,,,,,,,,,,,
ncaa_baseball,2026-03-21,6546564,,,,,,,,,,,,,,,
ncaa_baseball,2026-03-21,6546743,,,,,,,,,,,,,,,
ncaa_baseball,2026-03-21,6546813,,,,,,,,,,,,,,,
ncaa_baseball,2026-03-21,6546832,,,,,,,,,,,,,,,
ncaa_baseball,2026-03-21,6546856,,,,,,,,,,,,,,,
ncaa_baseball,2026-03-21,6546947,,,,,,,,,,,,,,,
ncaa_baseball,2026-03-21,6546986,,,,,,,,,,,,,,,
ncaa_baseball,2026-03-21,6547184,,,,,,,,,,,,,,,
ncaa_baseball,2026-03-21,6547243,,,,,,,,,,,,,,,
ncaa_baseball,2026-03-21,6547325,,,,,,,,,,,,,,,
ncaa_baseball,2026-03-21,6547373,,,,,,,,,,,,,,,
ncaa_baseball,2026-03-21,6547507,,,,,,,,,,,,,,,
ncaa_baseball,2026-03-21,6547640,,,,,,,,,,,,,,,
ncaa_baseball,2026-03-21,6547793,,,,,,,,,,,,,,,
ncaa_baseball,2026-03-21,6547921,,,,,,,,,,,,,,,
ncaa_baseball,2026-03-21,6547962,,,,,,,,,,,,,,,
ncaa_baseball,2026-03-21,6548021,,,,,,,,,,,,,,,
ncaa_baseball,2026-03-21,6548023,,,,,,,,,,,,,,,
ncaa_baseball,2026-03-21,6548142,,,,,,,,,,,,,,,
ncaa_baseball,2026-03-21,6548231,,,,,,,,,,,,,,,
ncaa_baseball,2026-03-21,6548233,,,,,,,,,,,,,,,
ncaa_baseball,2026-03-21,6548320,,,,,,,,,,,,,,,
ncaa_baseball,2026-03-21,6548326,,,,,,,,,,,,,,,
ncaa_baseball,2026-03-21,6548400,,,,,,,,,,,,,,,
ncaa_baseball,2026-03-21,6548533,,,,,,,,,,,,,,,
ncaa_baseball,2026-03-21,6548614,,,,,,,,,,,,,,,
ncaa_baseball,2026-03-21,6548882,,,,,,,,,,,,,,,
ncaa_baseball,2026-03-21,6548932,,,,,,,,,,,,,,,
ncaa_baseball,2026-03-21,6549020,,,,,,,,,,,,,,,
ncaa_baseball,2026-03-21,6549145,,,,,,,,,,,,,,,
ncaa_baseball,2026-03-21,6549342,,,,,,,,,,,,,,,
ncaa_baseball,2026-03-21,6549358,,,,,,,,,,,,,,,
ncaa_baseball,2026-03-21,6549366,,,,,,,,,,,,,,,
ncaa_baseball,2026-03-21,6549545,,,,,,,,,,,,,,,
ncaa_baseball,2026-03-21,6549690,,,,,,,,,,,,,,,
ncaa_baseball,2026-03-21,6549692,,,,,,,,,,,,,,,
ncaa_baseball,2026-03-21,6549760,,,,,,,,,,,,,,,
ncaa_baseball,2026-03-21,6550006,,,,,,,,,,,,,,,
ncaa_baseball,2026-03-21,6550058,,,,,,,,,,,,,,,
ncaa_baseball,2026-03-21,6550098,,,,,,,,,,,,,,,
ncaa_baseball,2026-03-21,6550168,,,,,,,,,,,,,,,
ncaa_baseball,2026-03-21,6550183,,,,,,,,,,,,,,,
ncaa_baseball,2026-03-21,6550290,,,,,,,,,,,,,,,
ncaa_baseball,2026-03-21,6550355,,,,,,,,,,,,,,,
ncaa_baseball,2026-03-21,6550439,,,,,,,,,,,,,,,
ncaa_baseball,2026-03-21,6550492,,,,,,,,,,,,,,,
ncaa_baseball,2026-03-21,6550733,,,,,,,,,,,,,,,
ncaa_baseball,2026-03-21,6550774,,,,,,,,,,,,,,,
ncaa_baseball,2026-03-21,6551014,,,,,,,,,,,,,,,
ncaa_baseball,2026-03-21,6551428,,,,,,,,,,,,,,,
ncaa_baseball,2026-03-21,6551449,,,,,,,,,,,,,,,
ncaa_baseball,2026-03-21,6551504,,,,,,,,,,,,,,,
ncaa_baseball,2026-03-21,6551630,,,,,,,,,,,,,,,
ncaa_baseball,2026-03-21,6551654,,,,,,,,,,,,,,,
ncaa_baseball,2026-03-21,6552036,,,,,,,,,,,,,,,
ncaa_baseball,2026-03-21,6552086,,,,,,,,,,,,,,,
ncaa_baseball,2026-03-21,6552121,,,,,,,,,,,,,,,
ncaa_baseball,2026-03-21,6552392,,,,,,,,,,,,,,,
ncaa_baseball,2026-03-21,6552394,,,,,,,,,,,,,,,
ncaa_baseball,2026-03-21,6552484,,,,,,,,,,,,,,,
ncaa_baseball,2026-03-21,6552632,,,,,,,,,,,,,,,
ncaa_baseball,2026-03-21,6552647,,,,,,,,,,,,,,,
ncaa_baseball,2026-03-21,6552651,,,,,,,,,,,,,,,
ncaa_baseball,2026-03-21,6552675,,,,,,,,,,,,,,,
ncaa_baseball,2026-03-21,6552851,,,,,,,,,,,,,,,
ncaa_baseball,2026-03-21,6584248,,,,,,,,,,,,,,,
ncaa_baseball,2026-03-21,6584986,,,,,,,,,,,,,,,
ncaa_baseball,2026-03-21,6585344,,,,,,,,,,,,,,,
ncaa_baseball,2026-03-21,6585662,,,,,,,,,,,,,,,
ncaa_baseball,2026-03-21,6585803,,,,,,,,,,,,,,,
ncaa_baseball,2026-03-21,6585831,,,,,,,,,,,,,,,
ncaa_baseball,2026-03-21,6585901,,,,,,,,,,,,,,,
ncaa_baseball,2026-03-21,6585935,,,,,,,,,,,,,,,
ncaa_baseball,2026-03-21,6586077,,,,,,,,,,,,,,,
ncaa_baseball,2026-03-21,6587298,,,,,,,,,,,,,,,
ncaa_baseball,2026-03-21,6587587,,,,,,,,,,,,,,,
ncaa_baseball,2026-03-21,6588112,,,,,,,,,,,,,,,
ncaa_baseball,2026-03-21,6588282,,,,,,,,,,,,,,,
ncaa_baseball,2026-03-21,6588425,,,,,,,,,,,,,,,
ncaa_baseball,2026-03-21,6588537,,,,,,,,,,,,,,,
ncaa_baseball,2026-03-21,6588572,,,,,,,,,,,,,,,
ncaa_baseball,2026-03-21,6589735,,,,,,,,,,,,,,,
nhl,2026-03-21,401803450,-158.0,-158.0,140.0,-13.5,110.0,,,,,,-1.5,6.5,6.5,Draft Kings,
nhl,2026-03-21,401803451,-133.0,118.0,-133.0,-17.0,110.0,,,,,,1.5,6.5,6.5,Draft Kings,
nhl,2026-03-21,401803452,-119.0,106.0,-119.0,-21.5,-115.0,,,,,,1.5,5.5,5.5,Draft Kings,
nhl,2026-03-21,401803453,-116.0,103.0,-116.0,-20.5,105.0,,,,,,1.5,6.5,6.5,Draft Kings,
nhl,2026-03-21,401803454,-118.0,-118.0,105.0,-20.5,114.0,,,,,,-1.5,6.5,6.5,Draft Kings,
nhl,2026-03-21,401803455,-173.0,-173.0,152.0,-11.5,105.0,,,,,,-1.5,6.5,6.5,Draft Kings,
nhl,2026-03-21,401803456,-126.0,-126.0,112.0,-17.5,-130.0,,,,,,-1.5,5.5,5.5,Draft Kings,
nhl,2026-03-21,401803457,-263.0,-263.0,225.0,-107.0,-142.0,,,,,,-1.5,5.5,5.5,Draft Kings,
nhl,2026-03-21,401803458,-138.0,122.0,-138.0,-16.5,-125.0,,,,,,1.5,5.5,5.5,Draft Kings,
nhl,2026-03-21,401803459,,,,,-130.0,,,,,,-1.5,5.5,5.5,Draft Kings,
nhl,2026-03-21,401803460,,,,,-130.0,,,,,,1.5,6.5,6.5,Draft Kings,
kbo,2026-03-22,13232,,,,,,,,,,,,,,,
kbo,2026-03-22,13233,,,,,,,,,,,,,,,
kbo,2026-03-22,13234,,,,,,,,,,,,,,,
kbo,2026-03-22,13235,,,,,,,,,,,,,,,
kbo,2026-03-22,13236,,,,,,,,,,,,,,,
laliga,2026-03-22,748424,120.0,120.0,230.0,105.0,-110.0,,,,,,-0.5,2.5,2.5,DraftKings,255.0
laliga,2026-03-22,748431,-115.0,-115.0,380.0,-130.0,125.0,,,,,,-0.5,2.5,2.5,DraftKings,225.0
laliga,2026-03-22,748432,-425.0,-425.0,950.0,-160.0,-115.0,,,,,,-1.5,3.5,3.5,DraftKings,580.0
laliga,2026-03-22,748433,-105.0,-105.0,260.0,-115.0,-165.0,,,,,,-0.5,2.5,2.5,DraftKings,280.0
liga_mx,2026-03-22,401840917,-110.0,270.0,-110.0,-125.0,-140.0,,,,,,0.5,2.5,2.5,DraftKings,285.0
liga_mx,2026-03-22,401840921,145.0,145.0,165.0,130.0,-135.0,,,,,,-0.5,2.5,2.5,DraftKings,
liga_mx,2026-03-22,401840922,110.0,225.0,110.0,-150.0,-115.0,,,,,,0.5,2.5,2.5,DraftKings,245.0
mlb,2026-03-22,401833306,-167.0,-167.0,138.0,,,,,,,,,,,,
mlb,2026-03-22,401833307,-208.0,-208.0,175.0,,,,,,,,,,,,
mlb,2026-03-22,401833308,-111.0,-105.0,-111.0,,,,,,,,,,,,
mlb,2026-03-22,401833309,-130.0,-130.0,105.0,,,,,,,,,,,,
mlb,2026-03-22,401833310,-130.0,110.0,-130.0,,,,,,,,,,,,
mlb,2026-03-22,401833311,-137.0,-137.0,115.0,,,,,,,,,,,,
mlb,2026-03-22,401833312,-182.0,150.0,-182.0,,,,,,,,,,,,
mlb,2026-03-22,401833313,-161.0,135.0,-161.0,,,,,,,,,,,,
mlb,2026-03-22,401833314,-137.0,-137.0,115.0,,,,,,,,,,,,
mlb,2026-03-22,401833315,-110.0,-110.0,-110.0,,,,,,,,,,,,
mlb,2026-03-22,401833316,-143.0,-143.0,120.0,,,,,,,,,,,,
mlb,2026-03-22,401833317,-182.0,-182.0,150.0,,,,,,,,,,,,
mlb,2026-03-22,401833318,-133.0,-133.0,110.0,,,,,,,,,,,,
nba,2026-03-22,401810887,-347.0,-347.0,294.0,-105.0,-115.0,,,,,,-8.5,238.5,238.5,,
nba,2026-03-22,401810888,-239.0,-239.0,210.0,-105.5,-110.0,,,,,,-6.5,218.5,218.5,,
nba,2026-03-22,401810889,-3539.0,-3539.0,1871.0,-105.0,-110.0,,,,,,-20.5,228.5,228.5,,
nba,2026-03-22,401810890,-400.0,-400.0,320.0,,-108.0,,,,,,-9.5,221.5,221.5,,
nba,2026-03-22,401810891,-161.0,135.0,-161.0,,-110.0,,,,,,3.5,219.5,219.5,,
ncaa_baseball,2026-03-22,6540365,,,,,,,,,,,,,,,
ncaa_baseball,2026-03-22,6540416,,,,,,,,,,,,,,,
ncaa_baseball,2026-03-22,6540468,,,,,,,,,,,,,,,
ncaa_baseball,2026-03-22,6540522,,,,,,,,,,,,,,,
ncaa_baseball,2026-03-22,6540586,,,,,,,,,,,,,,,
ncaa_baseball,2026-03-22,6540686,,,,,,,,,,,,,,,
ncaa_baseball,2026-03-22,6540741,,,,,,,,,,,,,,,
ncaa_baseball,2026-03-22,6540795,,,,,,,,,,,,,,,
ncaa_baseball,2026-03-22,6540845,,,,,,,,,,,,,,,
ncaa_baseball,2026-03-22,6540901,,,,,,,,,,,,,,,
ncaa_baseball,2026-03-22,6540945,,,,,,,,,,,,,,,
ncaa_baseball,2026-03-22,6540992,,,,,,,,,,,,,,,
ncaa_baseball,2026-03-22,6541064,,,,,,,,,,,,,,,
ncaa_baseball,2026-03-22,6541088,,,,,,,,,,,,,,,
ncaa_baseball,2026-03-22,6541104,,,,,,,,,,,,,,,
ncaa_baseball,2026-03-22,6541208,,,,,,,,,,,,,,,
ncaa_baseball,2026-03-22,6541246,,,,,,,,,,,,,,,
ncaa_baseball,2026-03-22,6541285,,,,,,,,,,,,,,,
ncaa_baseball,2026-03-22,6541288,,,,,,,,,,,,,,,
ncaa_baseball,2026-03-22,6541369,,,,,,,,,,,,,,,
ncaa_baseball,2026-03-22,6541453,,,,,,,,,,,,,,,
ncaa_baseball,2026-03-22,6541489,,,,,,,,,,,,,,,
ncaa_baseball,2026-03-22,6541540,,,,,,,,,,,,,,,
ncaa_baseball,2026-03-22,6541594,,,,,,,,,,,,,,,
ncaa_baseball,2026-03-22,6541622,,,,,,,,,,,,,,,
ncaa_baseball,2026-03-22,6541687,,,,,,,,,,,,,,,
ncaa_baseball,2026-03-22,6541725,,,,,,,,,,,,,,,
ncaa_baseball,2026-03-22,6541756,,,,,,,,,,,,,,,
ncaa_baseball,2026-03-22,6541819,,,,,,,,,,,,,,,
ncaa_baseball,2026-03-22,6541875,,,,,,,,,,,,,,,
ncaa_baseball,2026-03-22,6541894,,,,,,,,,,,,,,,
ncaa_baseball,2026-03-22,6541950,,,,,,,,,,,,,,,
ncaa_baseball,2026-03-22,6542044,,,,,,,,,,,,,,,
ncaa_baseball,2026-03-22,6542048,,,,,,,,,,,,,,,
ncaa_baseball,2026-03-22,6542131,,,,,,,,,,,,,,,
ncaa_baseball,2026-03-22,6542207,,,,,,,,,,,,,,,
ncaa_baseball,2026-03-22,6542237,,,,,,,,,,,,,,,
ncaa_baseball,2026-03-22,6542308,,,,,,,,,,,,,,,
ncaa_baseball,2026-03-22,6542355,,,,,,,,,,,,,,,
ncaa_baseball,2026-03-22,6542449,,,,,,,,,,,,,,,
ncaa_baseball,2026-03-22,6542507,,,,,,,,,,,,,,,
ncaa_baseball,2026-03-22,6542649,,,,,,,,,,,,,,,
ncaa_baseball,2026-03-22,6542724,,,,,,,,,,,,,,,
ncaa_baseball,2026-03-22,6542765,,,,,,,,,,,,,,,
ncaa_baseball,2026-03-22,6542927,,,,,,,,,,,,,,,
ncaa_baseball,2026-03-22,6543013,,,,,,,,,,,,,,,
ncaa_baseball,2026-03-22,6543113,,,,,,,,,,,,,,,
ncaa_baseball,2026-03-22,6543367,,,,,,,,,,,,,,,
ncaa_baseball,2026-03-22,6543491,,,,,,,,,,,,,,,
ncaa_baseball,2026-03-22,6543620,,,,,,,,,,,,,,,
ncaa_baseball,2026-03-22,6543750,,,,,,,,,,,,,,,
ncaa_baseball,2026-03-22,6543846,,,,,,,,,,,,,,,
ncaa_baseball,2026-03-22,6543923,,,,,,,,,,,,,,,
ncaa_baseball,2026-03-22,6543990,,,,,,,,,,,,,,,
ncaa_baseball,2026-03-22,6544258,,,,,,,,,,,,,,,
ncaa_baseball,2026-03-22,6544624,,,,,,,,,,,,,,,
ncaa_baseball,2026-03-22,6544739,,,,,,,,,,,,,,,
ncaa_baseball,2026-03-22,6544885,,,,,,,,,,,,,,,
ncaa_baseball,2026-03-22,6544971,,,,,,,,,,,,,,,
ncaa_baseball,2026-03-22,6545062,,,,,,,,,,,,,,,
ncaa_baseball,2026-03-22,6545141,,,,,,,,,,,,,,,
ncaa_baseball,2026-03-22,6545231,,,,,,,,,,,,,,,
ncaa_baseball,2026-03-22,6545324,,,,,,,,,,,,,,,
ncaa_baseball,2026-03-22,6545397,,,,,,,,,,,,,,,
ncaa_baseball,2026-03-22,6545549,,,,,,,,,,,,,,,
ncaa_baseball,2026-03-22,6545618,,,,,,,,,,,,,,,
ncaa_baseball,2026-03-22,6545620,,,,,,,,,,,,,,,
ncaa_baseball,2026-03-22,6545828,,,,,,,,,,,,,,,
ncaa_baseball,2026-03-22,6546077,,,,,,,,,,,,,,,
ncaa_baseball,2026-03-22,6546167,,,,,,,,,,,,,,,
ncaa_baseball,2026-03-22,6546243,,,,,,,,,,,,,,,
ncaa_baseball,2026-03-22,6546419,,,,,,,,,,,,,,,
ncaa_baseball,2026-03-22,6546530,,,,,,,,,,,,,,,
ncaa_baseball,2026-03-22,6546566,,,,,,,,,,,,,,,
ncaa_baseball,2026-03-22,6546620,,,,,,,,,,,,,,,
ncaa_baseball,2026-03-22,6546745,,,,,,,,,,,,,,,
ncaa_baseball,2026-03-22,6546833,,,,,,,,,,,,,,,
ncaa_baseball,2026-03-22,6546851,,,,,,,,,,,,,,,
ncaa_baseball,2026-03-22,6546858,,,,,,,,,,,,,,,
ncaa_baseball,2026-03-22,6546949,,,,,,,,,,,,,,,
ncaa_baseball,2026-03-22,6546988,,,,,,,,,,,,,,,
ncaa_baseball,2026-03-22,6547186,,,,,,,,,,,,,,,
ncaa_baseball,2026-03-22,6547245,,,,,,,,,,,,,,,
ncaa_baseball,2026-03-22,6547327,,,,,,,,,,,,,,,
ncaa_baseball,2026-03-22,6547375,,,,,,,,,,,,,,,
ncaa_baseball,2026-03-22,6547508,,,,,,,,,,,,,,,
ncaa_baseball,2026-03-22,6547643,,,,,,,,,,,,,,,
ncaa_baseball,2026-03-22,6547795,,,,,,,,,,,,,,,
ncaa_baseball,2026-03-22,6547923,,,,,,,,,,,,,,,
ncaa_baseball,2026-03-22,6547964,,,,,,,,,,,,,,,
ncaa_baseball,2026-03-22,6548025,,,,,,,,,,,,,,,
ncaa_baseball,2026-03-22,6548143,,,,,,,,,,,,,,,
ncaa_baseball,2026-03-22,6548235,,,,,,,,,,,,,,,
ncaa_baseball,2026-03-22,6548322,,,,,,,,,,,,,,,
ncaa_baseball,2026-03-22,6548330,,,,,,,,,,,,,,,
ncaa_baseball,2026-03-22,6548402,,,,,,,,,,,,,,,
ncaa_baseball,2026-03-22,6548443,,,,,,,,,,,,,,,
ncaa_baseball,2026-03-22,6548447,,,,,,,,,,,,,,,
ncaa_baseball,2026-03-22,6548535,,,,,,,,,,,,,,,
ncaa_baseball,2026-03-22,6548618,,,,,,,,,,,,,,,
ncaa_baseball,2026-03-22,6548884,,,,,,,,,,,,,,,
ncaa_baseball,2026-03-22,6548934,,,,,,,,,,,,,,,
ncaa_baseball,2026-03-22,6549024,,,,,,,,,,,,,,,
ncaa_baseball,2026-03-22,6549147,,,,,,,,,,,,,,,
ncaa_baseball,2026-03-22,6549344,,,,,,,,,,,,,,,
ncaa_baseball,2026-03-22,6549370,,,,,,,,,,,,,,,
ncaa_baseball,2026-03-22,6549547,,,,,,,,,,,,,,,
ncaa_baseball,2026-03-22,6549694,,,,,,,,,,,,,,,
ncaa_baseball,2026-03-22,6549764,,,,,,,,,,,,,,,
ncaa_baseball,2026-03-22,6550008,,,,,,,,,,,,,,,
ncaa_baseball,2026-03-22,6550060,,,,,,,,,,,,,,,
ncaa_baseball,2026-03-22,6550102,,,,,,,,,,,,,,,
ncaa_baseball,2026-03-22,6550170,,,,,,,,,,,,,,,
ncaa_baseball,2026-03-22,6550292,,,,,,,,,,,,,,,
ncaa_baseball,2026-03-22,6550357,,,,,,,,,,,,,,,
ncaa_baseball,2026-03-22,6550494,,,,,,,,,,,,,,,
ncaa_baseball,2026-03-22,6550735,,,,,,,,,,,,,,,
ncaa_baseball,2026-03-22,6550778,,,,,,,,,,,,,,,
ncaa_baseball,2026-03-22,6551018,,,,,,,,,,,,,,,
ncaa_baseball,2026-03-22,6551430,,,,,,,,,,,,,,,
ncaa_baseball,2026-03-22,6551451,,,,,,,,,,,,,,,
ncaa_baseball,2026-03-22,6551506,,,,,,,,,,,,,,,
ncaa_baseball,2026-03-22,6551594,,,,,,,,,,,,,,,
ncaa_baseball,2026-03-22,6551632,,,,,,,,,,,,,,,
ncaa_baseball,2026-03-22,6551656,,,,,,,,,,,,,,,
ncaa_baseball,2026-03-22,6552037,,,,,,,,,,,,,,,
ncaa_baseball,2026-03-22,6552088,,,,,,,,,,,,,,,
ncaa_baseball,2026-03-22,6552123,,,,,,,,,,,,,,,
ncaa_baseball,2026-03-22,6552396,,,,,,,,,,,,,,,
ncaa_baseball,2026-03-22,6552486,,,,,,,,,,,,,,,
ncaa_baseball,2026-03-22,6552636,,,,,,,,,,,,,,,
ncaa_baseball,2026-03-22,6552655,,,,,,,,,,,,,,,
ncaa_baseball,2026-03-22,6552677,,,,,,,,,,,,,,,
ncaa_baseball,2026-03-22,6552853,,,,,,,,,,,,,,,
ncaa_baseball,2026-03-22,6584249,,,,,,,,,,,,,,,
ncaa_baseball,2026-03-22,6584987,,,,,,,,,,,,,,,
ncaa_baseball,2026-03-22,6585345,,,,,,,,,,,,,,,
ncaa_baseball,2026-03-22,6585663,,,,,,,,,,,,,,,
ncaa_baseball,2026-03-22,6585804,,,,,,,,,,,,,,,
ncaa_baseball,2026-03-22,6585832,,,,,,,,,,,,,,,
ncaa_baseball,2026-03-22,6585902,,,,,,,,,,,,,,,
ncaa_baseball,2026-03-22,6585936,,,,,,,,,,,,,,,
ncaa_baseball,2026-03-22,6586078,,,,,,,,,,,,,,,
ncaa_baseball,2026-03-22,6587299,,,,,,,,,,,,,,,
ncaa_baseball,2026-03-22,6587588,,,,,,,,,,,,,,,
ncaa_baseball,2026-03-22,6588113,,,,,,,,,,,,,,,
ncaa_baseball,2026-03-22,6588283,,,,,,,,,,,,,,,
ncaa_baseball,2026-03-22,6588426,,,,,,,,,,,,,,,
ncaa_baseball,2026-03-22,6588538,,,,,,,,,,,,,,,
ncaa_baseball,2026-03-22,6588573,,,,,,,,,,,,,,,
ncaa_baseball,2026-03-22,6589736,,,,,,,,,,,,,,,
ncaa_baseball,2026-03-22,6595920,,,,,,,,,,,,,,,
ncaa_baseball,2026-03-22,6595931,,,,,,,,,,,,,,,
nhl,2026-03-22,401803461,-116.0,-116.0,-104.0,-74.0,100.0,,,,,,-1.5,6.5,6.5,,
nhl,2026-03-22,401803462,-229.0,-229.0,192.0,-15.5,135.0,,,,,,-1.5,3.5,3.5,,
nhl,2026-03-22,401803463,-141.0,128.0,-141.0,-13.0,-122.0,,,,,,1.5,6.5,6.5,,
nhl,2026-03-22,401803464,-105.0,-105.0,-105.0,-21.0,-135.0,,,,,,1.5,5.5,5.5,,
nhl,2026-03-22,401803465,-118.0,107.0,-118.0,-17.5,105.0,,,,,,1.5,6.5,6.5,,
nhl,2026-03-22,401803466,-137.0,-137.0,123.0,-13.5,-135.0,,,,,,-1.5,5.5,5.5,,
nhl,2026-03-22,401803467,-111.0,300.0,-111.0,,100.0,,,,,,1.5,6.5,6.5,,
nhl,2026-03-22,401803468,130.0,290.0,130.0,,-130.0,,,,,,-1.5,6.5,6.5,,
nhl,2026-03-22,401803469,200.0,295.0,200.0,,-122.0,,,,,,-1.5,5.5,5.5,,
kbo,2026-03-23,13237,-141.0,-109.0,-141.0,,,,,,,,,,,,
kbo,2026-03-23,13238,,,,,,,,,,,,,,,
kbo,2026-03-23,13239,-208.0,-208.0,138.0,,,,,,,,,,,,
kbo,2026-03-23,13240,,,,,,,,,,,,,,,
kbo,2026-03-23,13241,,,,,,,,,,,,,,,
mlb,2026-03-23,401833319,,,,,,,,,,,,,,,
mlb,2026-03-23,401833320,,,,,,,,,,,,,,,
mlb,2026-03-23,401833321,,,,,,,,,,,,,,,
mlb,2026-03-23,401833322,,,,,,,,,,,,,,,
mlb,2026-03-23,401833323,,,,,,,,,,,,,,,
mlb,2026-03-23,401833324,,,,,,,,,,,,,,,
mlb,2026-03-23,401833325,,,,,,,,,,,,,,,
mlb,2026-03-23,401833326,,,,,,,,,,,,,,,
mlb,2026-03-23,401833327,,,,,,,,,,,,,,,
mlb,2026-03-23,401833328,,,,,,,,,,,,,,,
mlb,2026-03-23,401833329,,,,,,,,,,,,,,,
mlb,2026-03-23,401833337,,,,,,,,,,,,,,,
nba,2026-03-23,401810892,,,,,-110.0,,,,,,-12.5,240.5,240.5,,
nba,2026-03-23,401810893,,,,,-105.0,,,,,,2.5,227.5,227.5,,
nba,2026-03-23,401810894,,,,,-110.0,,,,,,-13.5,233.5,233.5,,
nba,2026-03-23,401810895,,,,,-110.0,,,,,,15.5,222.5,222.5,,
nba,2026-03-23,401810896,,,,,-110.0,,,,,,5.5,240.5,240.5,,
nba,2026-03-23,401810897,,,,,-110.0,,,,,,8.5,227.5,227.5,,
nba,2026-03-23,401810898,,,,,-110.0,,,,,,12.5,231.5,231.5,,
nba,2026-03-23,401810899,,,,,-105.0,,,,,,2.5,229.5,229.5,,
nba,2026-03-23,401810900,,,,,-115.0,,,,,,-13.5,218.5,218.5,,
nba,2026-03-23,401810901,,,,,-110.0,,,,,,-12.5,223.5,223.5,,
ncaa_baseball,2026-03-23,6542406,,,,,,,,,,,,,,,
ncaa_baseball,2026-03-23,6545064,,,,,,,,,,,,,,,
ncaa_baseball,2026-03-23,6545327,,,,,,,,,,,,,,,
ncaa_baseball,2026-03-23,6545622,,,,,,,,,,,,,,,
nhl,2026-03-23,401803470,-192.0,160.0,-192.0,-12.0,-130.0,,,,,,1.5,5.5,5.5,,
kbo,2026-03-24,13242,,,,,,,,,,,,,,,
kbo,2026-03-24,13243,,,,,,,,,,,,,,,
kbo,2026-03-24,13244,,,,,,,,,,,,,,,
kbo,2026-03-24,13245,,,,,,,,,,,,,,,
kbo,2026-03-24,13246,,,,,,,,,,,,,,,
mlb,2026-03-24,401833330,,,,,,,,,,,,,,,
mlb,2026-03-24,401833331,,,,,,,,,,,,,,,
mlb,2026-03-24,401833332,,,,,,,,,,,,,,,
mlb,2026-03-24,401833333,,,,,,,,,,,,,,,
mlb,2026-03-24,401833334,,,,,,,,,,,,,,,
mlb,2026-03-24,401833335,,,,,,,,,,,,,,,
mlb,2026-03-24,401833336,,,,,,,,,,,,,,,
mlb,2026-03-24,401833338,,,,,,,,,,,,,,,
nba,2026-03-24,401810902,,,,,,,,,,,,,,,
nba,2026-03-24,401810903,,,,,,,,,,,,,,,
nba,2026-03-24,401810904,,,,,,,,,,,,,,,
nba,2026-03-24,401810905,,,,,,,,,,,,,,,
ncaa_baseball,2026-03-24,6540366,,,,,,,,,,,,,,,
ncaa_baseball,2026-03-24,6540417,,,,,,,,,,,,,,,
ncaa_baseball,2026-03-24,6540469,,,,,,,,,,,,,,,
ncaa_baseball,2026-03-24,6540576,,,,,,,,,,,,,,,
ncaa_baseball,2026-03-24,6540632,,,,,,,,,,,,,,,
ncaa_baseball,2026-03-24,6540742,,,,,,,,,,,,,,,
ncaa_baseball,2026-03-24,6540796,,,,,,,,,,,,,,,
ncaa_baseball,2026-03-24,6540846,,,,,,,,,,,,,,,
ncaa_baseball,2026-03-24,6540902,,,,,,,,,,,,,,,
ncaa_baseball,2026-03-24,6540946,,,,,,,,,,,,,,,
ncaa_baseball,2026-03-24,6540993,,,,,,,,,,,,,,,
ncaa_baseball,2026-03-24,6541289,,,,,,,,,,,,,,,
ncaa_baseball,2026-03-24,6541370,,,,,,,,,,,,,,,
ncaa_baseball,2026-03-24,6541541,,,,,,,,,,,,,,,
ncaa_baseball,2026-03-24,6541596,,,,,,,,,,,,,,,
ncaa_baseball,2026-03-24,6541688,,,,,,,,,,,,,,,
ncaa_baseball,2026-03-24,6541731,,,,,,,,,,,,,,,
ncaa_baseball,2026-03-24,6541757,,,,,,,,,,,,,,,
ncaa_baseball,2026-03-24,6541820,,,,,,,,,,,,,,,
ncaa_baseball,2026-03-24,6541877,,,,,,,,,,,,,,,
ncaa_baseball,2026-03-24,6541899,,,,,,,,,,,,,,,
ncaa_baseball,2026-03-24,6541951,,,,,,,,,,,,,,,
ncaa_baseball,2026-03-24,6542049,,,,,,,,,,,,,,,
ncaa_baseball,2026-03-24,6542132,,,,,,,,,,,,,,,
ncaa_baseball,2026-03-24,6542239,,,,,,,,,,,,,,,
ncaa_baseball,2026-03-24,6542250,,,,,,,,,,,,,,,
ncaa_baseball,2026-03-24,6542356,,,,,,,,,,,,,,,
ncaa_baseball,2026-03-24,6542448,,,,,,,,,,,,,,,
ncaa_baseball,2026-03-24,6542570,,,,,,,,,,,,,,,
ncaa_baseball,2026-03-24,6542603,,,,,,,,,,,,,,,
ncaa_baseball,2026-03-24,6542650,,,,,,,,,,,,,,,
ncaa_baseball,2026-03-24,6542688,,,,,,,,,,,,,,,
ncaa_baseball,2026-03-24,6542725,,,,,,,,,,,,,,,
ncaa_baseball,2026-03-24,6542766,,,,,,,,,,,,,,,
ncaa_baseball,2026-03-24,6542863,,,,,,,,,,,,,,,
ncaa_baseball,2026-03-24,6542929,,,,,,,,,,,,,,,
ncaa_baseball,2026-03-24,6543015,,,,,,,,,,,,,,,
ncaa_baseball,2026-03-24,6543115,,,,,,,,,,,,,,,
ncaa_baseball,2026-03-24,6543201,,,,,,,,,,,,,,,
ncaa_baseball,2026-03-24,6543203,,,,,,,,,,,,,,,
ncaa_baseball,2026-03-24,6543300,,,,,,,,,,,,,,,
ncaa_baseball,2026-03-24,6543369,,,,,,,,,,,,,,,
ncaa_baseball,2026-03-24,6543493,,,,,,,,,,,,,,,
ncaa_baseball,2026-03-24,6543624,,,,,,,,,,,,,,,
ncaa_baseball,2026-03-24,6543752,,,,,,,,,,,,,,,
ncaa_baseball,2026-03-24,6543848,,,,,,,,,,,,,,,
ncaa_baseball,2026-03-24,6544266,,,,,,,,,,,,,,,
ncaa_baseball,2026-03-24,6544364,,,,,,,,,,,,,,,
ncaa_baseball,2026-03-24,6544501,,,,,,,,,,,,,,,
ncaa_baseball,2026-03-24,6544703,,,,,,,,,,,,,,,
ncaa_baseball,2026-03-24,6544887,,,,,,,,,,,,,,,
ncaa_baseball,2026-03-24,6545143,,,,,,,,,,,,,,,
ncaa_baseball,2026-03-24,6545411,,,,,,,,,,,,,,,
ncaa_baseball,2026-03-24,6545480,,,,,,,,,,,,,,,
ncaa_baseball,2026-03-24,6545765,,,,,,,,,,,,,,,
ncaa_baseball,2026-03-24,6546026,,,,,,,,,,,,,,,
ncaa_baseball,2026-03-24,6546532,,,,,,,,,,,,,,,
ncaa_baseball,2026-03-24,6546568,,,,,,,,,,,,,,,
ncaa_baseball,2026-03-24,6546622,,,,,,,,,,,,,,,
ncaa_baseball,2026-03-24,6546747,,,,,,,,,,,,,,,
ncaa_baseball,2026-03-24,6546852,,,,,,,,,,,,,,,
ncaa_baseball,2026-03-24,6546951,,,,,,,,,,,,,,,
ncaa_baseball,2026-03-24,6546982,,,,,,,,,,,,,,,
ncaa_baseball,2026-03-24,6547078,,,,,,,,,,,,,,,
ncaa_baseball,2026-03-24,6547121,,,,,,,,,,,,,,,
ncaa_baseball,2026-03-24,6547247,,,,,,,,,,,,,,,
ncaa_baseball,2026-03-24,6547377,,,,,,,,,,,,,,,
ncaa_baseball,2026-03-24,6547466,,,,,,,,,,,,,,,
ncaa_baseball,2026-03-24,6547510,,,,,,,,,,,,,,,
ncaa_baseball,2026-03-24,6547647,,,,,,,,,,,,,,,
ncaa_baseball,2026-03-24,6547739,,,,,,,,,,,,,,,
ncaa_baseball,2026-03-24,6547797,,,,,,,,,,,,,,,
ncaa_baseball,2026-03-24,6547966,,,,,,,,,,,,,,,
ncaa_baseball,2026-03-24,6547993,,,,,,,,,,,,,,,
ncaa_baseball,2026-03-24,6548097,,,,,,,,,,,,,,,
ncaa_baseball,2026-03-24,6548631,,,,,,,,,,,,,,,
ncaa_baseball,2026-03-24,6548766,,,,,,,,,,,,,,,
ncaa_baseball,2026-03-24,6548813,,,,,,,,,,,,,,,
ncaa_baseball,2026-03-24,6548936,,,,,,,,,,,,,,,
ncaa_baseball,2026-03-24,6549026,,,,,,,,,,,,,,,
ncaa_baseball,2026-03-24,6549062,,,,,,,,,,,,,,,
ncaa_baseball,2026-03-24,6549250,,,,,,,,,,,,,,,
ncaa_baseball,2026-03-24,6549383,,,,,,,,,,,,,,,
ncaa_baseball,2026-03-24,6549572,,,,,,,,,,,,,,,
ncaa_baseball,2026-03-24,6549629,,,,,,,,,,,,,,,
ncaa_baseball,2026-03-24,6549696,,,,,,,,,,,,,,,
ncaa_baseball,2026-03-24,6549886,,,,,,,,,,,,,,,
ncaa_baseball,2026-03-24,6549937,,,,,,,,,,,,,,,
ncaa_baseball,2026-03-24,6550359,,,,,,,,,,,,,,,
ncaa_baseball,2026-03-24,6550374,,,,,,,,,,,,,,,
ncaa_baseball,2026-03-24,6550441,,,,,,,,,,,,,,,
ncaa_baseball,2026-03-24,6550608,,,,,,,,,,,,,,,
ncaa_baseball,2026-03-24,6550739,,,,,,,,,,,,,,,
ncaa_baseball,2026-03-24,6550981,,,,,,,,,,,,,,,
ncaa_baseball,2026-03-24,6551138,,,,,,,,,,,,,,,
ncaa_baseball,2026-03-24,6551162,,,,,,,,,,,,,,,
ncaa_baseball,2026-03-24,6551634,,,,,,,,,,,,,,,
ncaa_baseball,2026-03-24,6551776,,,,,,,,,,,,,,,
ncaa_baseball,2026-03-24,6551790,,,,,,,,,,,,,,,
ncaa_baseball,2026-03-24,6551924,,,,,,,,,,,,,,,
ncaa_baseball,2026-03-24,6552039,,,,,,,,,,,,,,,
ncaa_baseball,2026-03-24,6552125,,,,,,,,,,,,,,,
ncaa_baseball,2026-03-24,6552148,,,,,,,,,,,,,,,
ncaa_baseball,2026-03-24,6552313,,,,,,,,,,,,,,,
ncaa_baseball,2026-03-24,6584250,,,,,,,,,,,,,,,
ncaa_baseball,2026-03-24,6584360,,,,,,,,,,,,,,,
ncaa_baseball,2026-03-24,6585390,,,,,,,,,,,,,,,
ncaa_baseball,2026-03-24,6585664,,,,,,,,,,,,,,,
ncaa_baseball,2026-03-24,6585805,,,,,,,,,,,,,,,
ncaa_baseball,2026-03-24,6586634,,,,,,,,,,,,,,,
ncaa_baseball,2026-03-24,6587973,,,,,,,,,,,,,,,
ncaa_baseball,2026-03-24,6588284,,,,,,,,,,,,,,,
ncaa_baseball,2026-03-24,6588535,,,,,,,,,,,,,,,
ncaa_baseball,2026-03-24,6589152,,,,,,,,,,,,,,,
ncaa_baseball,2026-03-24,6589193,,,,,,,,,,,,,,,
ncaa_baseball,2026-03-24,6589438,,,,,,,,,,,,,,,
ncaa_baseball,2026-03-24,6589686,,,,,,,,,,,,,,,
ncaa_baseball,2026-03-24,6593669,,,,,,,,,,,,,,,
nhl,2026-03-24,401803471,,,,,,,,,,,,,,,
nhl,2026-03-24,401803472,,,,,,,,,,,,,,,
nhl,2026-03-24,401803473,,,,,,,,,,,,,,,
nhl,2026-03-24,401803474,,,,,,,,,,,,,,,
nhl,2026-03-24,401803475,,,,,,,,,,,,,,,
nhl,2026-03-24,401803476,,,,,,,,,,,,,,,
nhl,2026-03-24,401803477,,,,,,,,,,,,,,,
nhl,2026-03-24,401803478,,,,,,,,,,,,,,,
nhl,2026-03-24,401803479,,,,,,,,,,,,,,,
nhl,2026-03-24,401803480,,,,,,,,,,,,,,,
nhl,2026-03-24,401803481,,,,,,,,,,,,,,,
nhl,2026-03-24,401803482,,,,,,,,,,,,,,,
nhl,2026-03-24,401803483,,,,,,,,,,,,,,,
nhl,2026-03-24,401803484,,,,,,,,,,,,,,,
nhl,2026-03-24,401803485,,,,,,,,,,,,,,,
mlb,2026-03-25,401814702,,,,,0.0,,,,,,0.0,0.0,0.0,DraftKings,
nba,2026-03-25,401810906,,,,,,,,,,,,,,,
nba,2026-03-25,401810907,,,,,,,,,,,,,,,
nba,2026-03-25,401810908,,,,,,,,,,,,,,,
nba,2026-03-25,401810909,,,,,,,,,,,,,,,
nba,2026-03-25,401810910,,,,,,,,,,,,,,,
nba,2026-03-25,401810911,,,,,,,,,,,,,,,
nba,2026-03-25,401810912,,,,,,,,,,,,,,,
nba,2026-03-25,401810913,,,,,,,,,,,,,,,
nba,2026-03-25,401810914,,,,,,,,,,,,,,,
nba,2026-03-25,401810915,,,,,,,,,,,,,,,
nba,2026-03-25,401810916,,,,,,,,,,,,,,,
nba,2026-03-25,401810917,,,,,,,,,,,,,,,
ncaa_baseball,2026-03-25,6540470,,,,,,,,,,,,,,,
ncaa_baseball,2026-03-25,6540687,,,,,,,,,,,,,,,
ncaa_baseball,2026-03-25,6541091,,,,,,,,,,,,,,,
ncaa_baseball,2026-03-25,6541209,,,,,,,,,,,,,,,
ncaa_baseball,2026-03-25,6541371,,,,,,,,,,,,,,,
ncaa_baseball,2026-03-25,6541542,,,,,,,,,,,,,,,
ncaa_baseball,2026-03-25,6541597,,,,,,,,,,,,,,,
ncaa_baseball,2026-03-25,6543616,,,,,,,,,,,,,,,
ncaa_baseball,2026-03-25,6544366,,,,,,,,,,,,,,,
ncaa_baseball,2026-03-25,6544503,,,,,,,,,,,,,,,
ncaa_baseball,2026-03-25,6544626,,,,,,,,,,,,,,,
ncaa_baseball,2026-03-25,6544741,,,,,,,,,,,,,,,
ncaa_baseball,2026-03-25,6545225,,,,,,,,,,,,,,,
ncaa_baseball,2026-03-25,6545399,,,,,,,,,,,,,,,
ncaa_baseball,2026-03-25,6546534,,,,,,,,,,,,,,,
ncaa_baseball,2026-03-25,6546990,,,,,,,,,,,,,,,
ncaa_baseball,2026-03-25,6547123,,,,,,,,,,,,,,,
ncaa_baseball,2026-03-25,6547329,,,,,,,,,,,,,,,
ncaa_baseball,2026-03-25,6547468,,,,,,,,,,,,,,,
ncaa_baseball,2026-03-25,6547741,,,,,,,,,,,,,,,
ncaa_baseball,2026-03-25,6547870,,,,,,,,,,,,,,,
ncaa_baseball,2026-03-25,6549252,,,,,,,,,,,,,,,
ncaa_baseball,2026-03-25,6550174,,,,,,,,,,,,,,,
ncaa_baseball,2026-03-25,6550496,,,,,,,,,,,,,,,
ncaa_baseball,2026-03-25,6551834,,,,,,,,,,,,,,,
ncaa_baseball,2026-03-25,6552835,,,,,,,,,,,,,,,
ncaa_baseball,2026-03-25,6587482,,,,,,,,,,,,,,,
ncaa_baseball,2026-03-25,6588615,,,,,,,,,,,,,,,
ncaa_baseball,2026-03-25,6590004,,,,,,,,,,,,,,,
ncaa_baseball,2026-03-25,6592702,,,,,,,,,,,,,,,
ncaa_baseball,2026-03-25,6595155,,,,,,,,,,,,,,,
nhl,2026-03-25,401803486,,,,,,,,,,,,,,,
nhl,2026-03-25,401803487,,,,,,,,,,,,,,,
mlb,2026-03-26,401814689,-158.0,129.0,-158.0,,0.0,,,,,,0.0,0.0,0.0,DraftKings,
mlb,2026-03-26,401814692,-162.0,-162.0,133.0,,0.0,,,,,,0.0,0.0,0.0,DraftKings,
mlb,2026-03-26,401814693,-128.0,-128.0,105.0,,0.0,,,,,,0.0,0.0,0.0,DraftKings,
mlb,2026-03-26,401814694,-134.0,-134.0,111.0,,0.0,,,,,,0.0,0.0,0.0,DraftKings,
mlb,2026-03-26,401814695,-190.0,-190.0,155.0,,0.0,,,,,,0.0,0.0,0.0,DraftKings,
mlb,2026-03-26,401814696,-197.0,-197.0,160.0,,0.0,,,,,,0.0,0.0,0.0,DraftKings,
mlb,2026-03-26,401814697,-116.0,-105.0,-116.0,,0.0,,,,,,0.0,0.0,0.0,DraftKings,
mlb,2026-03-26,401814698,-201.0,-201.0,163.0,,0.0,,,,,,0.0,0.0,0.0,DraftKings,
mlb,2026-03-26,401814699,,,,,0.0,,,,,,0.0,0.0,0.0,DraftKings,
mlb,2026-03-26,401814700,,,,,0.0,,,,,,0.0,0.0,0.0,DraftKings,
mlb,2026-03-26,401814701,-143.0,118.0,-143.0,,0.0,,,,,,0.0,0.0,0.0,DraftKings,
nba,2026-03-26,401810918,,,,,,,,,,,,,,,
nba,2026-03-26,401810919,,,,,,,,,,,,,,,
nba,2026-03-26,401810920,,,,,,,,,,,,,,,
ncaa_baseball,2026-03-26,6549385,,,,,,,,,,,,,,,
ncaa_baseball,2026-03-26,6551737,,,,,,,,,,,,,,,
ncaa_baseball,2026-03-26,6552187,,,,,,,,,,,,,,,
nhl,2026-03-26,401803488,,,,,,,,,,,,,,,
nhl,2026-03-26,401803489,,,,,,,,,,,,,,,
nhl,2026-03-26,401803490,,,,,,,,,,,,,,,
nhl,2026-03-26,401803491,,,,,,,,,,,,,,,
nhl,2026-03-26,401803492,,,,,,,,,,,,,,,
nhl,2026-03-26,401803493,,,,,,,,,,,,,,,
nhl,2026-03-26,401803494,,,,,,,,,,,,,,,
nhl,2026-03-26,401803495,,,,,,,,,,,,,,,
nhl,2026-03-26,401803496,,,,,,,,,,,,,,,
nhl,2026-03-26,401803497,,,,,,,,,,,,,,,
nhl,2026-03-26,401803498,,,,,,,,,,,,,,,
nhl,2026-03-26,401803499,,,,,,,,,,,,,,,
nhl,2026-03-26,401803500,,,,,,,,,,,,,,,
mlb,2026-03-27,401814688,-190.0,-190.0,160.0,,0.0,,,,,,0.0,0.0,0.0,,
mlb,2026-03-27,401814690,-164.0,-164.0,138.0,,0.0,,,,,,0.0,0.0,0.0,,
mlb,2026-03-27,401814691,-152.0,-152.0,125.0,,0.0,,,,,,0.0,0.0,0.0,,
mlb,2026-03-27,401814703,,,,,,,,,,,,,,,
mlb,2026-03-27,401814704,-212.0,-212.0,172.0,,,,,,,,,,,,
mlb,2026-03-27,401814705,-160.0,-160.0,131.0,,,,,,,,,,,,
mlb,2026-03-27,401814706,,,,,,,,,,,,,,,
mlb,2026-03-27,401814721,,,,,,,,,,,,,,,
nba,2026-03-27,401810921,,,,,,,,,,,,,,,
nba,2026-03-27,401810922,,,,,,,,,,,,,,,
nba,2026-03-27,401810923,,,,,,,,,,,,,,,
nba,2026-03-27,401810924,,,,,,,,,,,,,,,
nba,2026-03-27,401810925,,,,,,,,,,,,,,,
nba,2026-03-27,401810926,,,,,,,,,,,,,,,
nba,2026-03-27,401810927,,,,,,,,,,,,,,,
nba,2026-03-27,401810928,,,,,,,,,,,,,,,
nba,2026-03-27,401810929,,,,,,,,,,,,,,,
nba,2026-03-27,401810930,,,,,,,,,,,,,,,
ncaa_baseball,2026-03-27,6540367,,,,,,,,,,,,,,,
ncaa_baseball,2026-03-27,6540418,,,,,,,,,,,,,,,
ncaa_baseball,2026-03-27,6540471,,,,,,,,,,,,,,,
ncaa_baseball,2026-03-27,6540524,,,,,,,,,,,,,,,
ncaa_baseball,2026-03-27,6540587,,,,,,,,,,,,,,,
ncaa_baseball,2026-03-27,6540633,,,,,,,,,,,,,,,
ncaa_baseball,2026-03-27,6540688,,,,,,,,,,,,,,,
ncaa_baseball,2026-03-27,6540743,,,,,,,,,,,,,,,
ncaa_baseball,2026-03-27,6540797,,,,,,,,,,,,,,,
ncaa_baseball,2026-03-27,6540847,,,,,,,,,,,,,,,
ncaa_baseball,2026-03-27,6540903,,,,,,,,,,,,,,,
ncaa_baseball,2026-03-27,6541068,,,,,,,,,,,,,,,
ncaa_baseball,2026-03-27,6541093,,,,,,,,,,,,,,,
ncaa_baseball,2026-03-27,6541107,,,,,,,,,,,,,,,
ncaa_baseball,2026-03-27,6541213,,,,,,,,,,,,,,,
ncaa_baseball,2026-03-27,6541247,,,,,,,,,,,,,,,
ncaa_baseball,2026-03-27,6541290,,,,,,,,,,,,,,,
ncaa_baseball,2026-03-27,6541291,,,,,,,,,,,,,,,
ncaa_baseball,2026-03-27,6541454,,,,,,,,,,,,,,,
ncaa_baseball,2026-03-27,6541490,,,,,,,,,,,,,,,
ncaa_baseball,2026-03-27,6541543,,,,,,,,,,,,,,,
ncaa_baseball,2026-03-27,6541599,,,,,,,,,,,,,,,
ncaa_baseball,2026-03-27,6541689,,,,,,,,,,,,,,,
ncaa_baseball,2026-03-27,6541736,,,,,,,,,,,,,,,
ncaa_baseball,2026-03-27,6541759,,,,,,,,,,,,,,,
ncaa_baseball,2026-03-27,6541821,,,,,,,,,,,,,,,
ncaa_baseball,2026-03-27,6541878,,,,,,,,,,,,,,,
ncaa_baseball,2026-03-27,6541913,,,,,,,,,,,,,,,
ncaa_baseball,2026-03-27,6541952,,,,,,,,,,,,,,,
ncaa_baseball,2026-03-27,6542050,,,,,,,,,,,,,,,
ncaa_baseball,2026-03-27,6542051,,,,,,,,,,,,,,,
ncaa_baseball,2026-03-27,6542133,,,,,,,,,,,,,,,
ncaa_baseball,2026-03-27,6542177,,,,,,,,,,,,,,,
ncaa_baseball,2026-03-27,6542240,,,,,,,,,,,,,,,
ncaa_baseball,2026-03-27,6542309,,,,,,,,,,,,,,,
ncaa_baseball,2026-03-27,6542357,,,,,,,,,,,,,,,
ncaa_baseball,2026-03-27,6542450,,,,,,,,,,,,,,,
ncaa_baseball,2026-03-27,6542508,,,,,,,,,,,,,,,
ncaa_baseball,2026-03-27,6542538,,,,,,,,,,,,,,,
ncaa_baseball,2026-03-27,6542651,,,,,,,,,,,,,,,
ncaa_baseball,2026-03-27,6542767,,,,,,,,,,,,,,,
ncaa_baseball,2026-03-27,6542931,,,,,,,,,,,,,,,
ncaa_baseball,2026-03-27,6543017,,,,,,,,,,,,,,,
ncaa_baseball,2026-03-27,6543117,,,,,,,,,,,,,,,
ncaa_baseball,2026-03-27,6543205,,,,,,,,,,,,,,,
ncaa_baseball,2026-03-27,6543408,,,,,,,,,,,,,,,
ncaa_baseball,2026-03-27,6543495,,,,,,,,,,,,,,,
ncaa_baseball,2026-03-27,6543618,,,,,,,,,,,,,,,
ncaa_baseball,2026-03-27,6543754,,,,,,,,,,,,,,,
ncaa_baseball,2026-03-27,6543850,,,,,,,,,,,,,,,
ncaa_baseball,2026-03-27,6544002,,,,,,,,,,,,,,,
ncaa_baseball,2026-03-27,6544219,,,,,,,,,,,,,,,
ncaa_baseball,2026-03-27,6544368,,,,,,,,,,,,,,,
ncaa_baseball,2026-03-27,6544453,,,,,,,,,,,,,,,
ncaa_baseball,2026-03-27,6544507,,,,,,,,,,,,,,,
ncaa_baseball,2026-03-27,6544743,,,,,,,,,,,,,,,
ncaa_baseball,2026-03-27,6544973,,,,,,,,,,,,,,,
ncaa_baseball,2026-03-27,6545065,,,,,,,,,,,,,,,
ncaa_baseball,2026-03-27,6545401,,,,,,,,,,,,,,,
ncaa_baseball,2026-03-27,6545482,,,,,,,,,,,,,,,
ncaa_baseball,2026-03-27,6545693,,,,,,,,,,,,,,,
ncaa_baseball,2026-03-27,6545948,,,,,,,,,,,,,,,
ncaa_baseball,2026-03-27,6546083,,,,,,,,,,,,,,,
ncaa_baseball,2026-03-27,6546169,,,,,,,,,,,,,,,
ncaa_baseball,2026-03-27,6546245,,,,,,,,,,,,,,,
ncaa_baseball,2026-03-27,6546327,,,,,,,,,,,,,,,
ncaa_baseball,2026-03-27,6546421,,,,,,,,,,,,,,,
ncaa_baseball,2026-03-27,6546624,,,,,,,,,,,,,,,
ncaa_baseball,2026-03-27,6546682,,,,,,,,,,,,,,,
ncaa_baseball,2026-03-27,6546860,,,,,,,,,,,,,,,
ncaa_baseball,2026-03-27,6546953,,,,,,,,,,,,,,,
ncaa_baseball,2026-03-27,6546992,,,,,,,,,,,,,,,
ncaa_baseball,2026-03-27,6547124,,,,,,,,,,,,,,,
ncaa_baseball,2026-03-27,6547249,,,,,,,,,,,,,,,
ncaa_baseball,2026-03-27,6547331,,,,,,,,,,,,,,,
ncaa_baseball,2026-03-27,6547470,,,,,,,,,,,,,,,
ncaa_baseball,2026-03-27,6547512,,,,,,,,,,,,,,,
ncaa_baseball,2026-03-27,6547593,,,,,,,,,,,,,,,
ncaa_baseball,2026-03-27,6547651,,,,,,,,,,,,,,,
ncaa_baseball,2026-03-27,6547743,,,,,,,,,,,,,,,
ncaa_baseball,2026-03-27,6547799,,,,,,,,,,,,,,,
ncaa_baseball,2026-03-27,6547872,,,,,,,,,,,,,,,
ncaa_baseball,2026-03-27,6547925,,,,,,,,,,,,,,,
ncaa_baseball,2026-03-27,6548027,,,,,,,,,,,,,,,
ncaa_baseball,2026-03-27,6548145,,,,,,,,,,,,,,,
ncaa_baseball,2026-03-27,6548328,,,,,,,,,,,,,,,
ncaa_baseball,2026-03-27,6548334,,,,,,,,,,,,,,,
ncaa_baseball,2026-03-27,6548404,,,,,,,,,,,,,,,
ncaa_baseball,2026-03-27,6548449,,,,,,,,,,,,,,,
ncaa_baseball,2026-03-27,6548537,,,,,,,,,,,,,,,
ncaa_baseball,2026-03-27,6548622,,,,,,,,,,,,,,,
ncaa_baseball,2026-03-27,6548633,,,,,,,,,,,,,,,
ncaa_baseball,2026-03-27,6548758,,,,,,,,,,,,,,,
ncaa_baseball,2026-03-27,6548768,,,,,,,,,,,,,,,
ncaa_baseball,2026-03-27,6548815,,,,,,,,,,,,,,,
ncaa_baseball,2026-03-27,6549030,,,,,,,,,,,,,,,
ncaa_baseball,2026-03-27,6549070,,,,,,,,,,,,,,,
ncaa_baseball,2026-03-27,6549149,,,,,,,,,,,,,,,
ncaa_baseball,2026-03-27,6549254,,,,,,,,,,,,,,,
ncaa_baseball,2026-03-27,6549389,,,,,,,,,,,,,,,
ncaa_baseball,2026-03-27,6549484,,,,,,,,,,,,,,,
ncaa_baseball,2026-03-27,6549549,,,,,,,,,,,,,,,
ncaa_baseball,2026-03-27,6549574,,,,,,,,,,,,,,,
ncaa_baseball,2026-03-27,6549633,,,,,,,,,,,,,,,
ncaa_baseball,2026-03-27,6549778,,,,,,,,,,,,,,,
ncaa_baseball,2026-03-27,6549831,,,,,,,,,,,,,,,
ncaa_baseball,2026-03-27,6549903,,,,,,,,,,,,,,,
ncaa_baseball,2026-03-27,6549943,,,,,,,,,,,,,,,
ncaa_baseball,2026-03-27,6550227,,,,,,,,,,,,,,,
ncaa_baseball,2026-03-27,6550378,,,,,,,,,,,,,,,
ncaa_baseball,2026-03-27,6550443,,,,,,,,,,,,,,,
ncaa_baseball,2026-03-27,6550547,,,,,,,,,,,,,,,
ncaa_baseball,2026-03-27,6550610,,,,,,,,,,,,,,,
ncaa_baseball,2026-03-27,6550694,,,,,,,,,,,,,,,
ncaa_baseball,2026-03-27,6550782,,,,,,,,,,,,,,,
ncaa_baseball,2026-03-27,6551142,,,,,,,,,,,,,,,
ncaa_baseball,2026-03-27,6551170,,,,,,,,,,,,,,,
ncaa_baseball,2026-03-27,6551322,,,,,,,,,,,,,,,
ncaa_baseball,2026-03-27,6551371,,,,,,,,,,,,,,,
ncaa_baseball,2026-03-27,6551701,,,,,,,,,,,,,,,
ncaa_baseball,2026-03-27,6551739,,,,,,,,,,,,,,,
ncaa_baseball,2026-03-27,6551836,,,,,,,,,,,,,,,
ncaa_baseball,2026-03-27,6551926,,,,,,,,,,,,,,,
ncaa_baseball,2026-03-27,6551965,,,,,,,,,,,,,,,
ncaa_baseball,2026-03-27,6552127,,,,,,,,,,,,,,,
ncaa_baseball,2026-03-27,6552193,,,,,,,,,,,,,,,
ncaa_baseball,2026-03-27,6552232,,,,,,,,,,,,,,,
ncaa_baseball,2026-03-27,6552562,,,,,,,,,,,,,,,
ncaa_baseball,2026-03-27,6552637,,,,,,,,,,,,,,,
ncaa_baseball,2026-03-27,6552776,,,,,,,,,,,,,,,
ncaa_baseball,2026-03-27,6552855,,,,,,,,,,,,,,,
ncaa_baseball,2026-03-27,6584438,,,,,,,,,,,,,,,
ncaa_baseball,2026-03-27,6585665,,,,,,,,,,,,,,,
ncaa_baseball,2026-03-27,6585697,,,,,,,,,,,,,,,
ncaa_baseball,2026-03-27,6585753,,,,,,,,,,,,,,,
ncaa_baseball,2026-03-27,6585806,,,,,,,,,,,,,,,
ncaa_baseball,2026-03-27,6586635,,,,,,,,,,,,,,,
ncaa_baseball,2026-03-27,6587605,,,,,,,,,,,,,,,
ncaa_baseball,2026-03-27,6587654,,,,,,,,,,,,,,,
ncaa_baseball,2026-03-27,6588158,,,,,,,,,,,,,,,
ncaa_baseball,2026-03-27,6589153,,,,,,,,,,,,,,,
ncaa_baseball,2026-03-27,6589178,,,,,,,,,,,,,,,
ncaa_baseball,2026-03-27,6589510,,,,,,,,,,,,,,,
ncaa_baseball,2026-03-27,6589535,,,,,,,,,,,,,,,
ncaa_baseball,2026-03-27,6589687,,,,,,,,,,,,,,,
ncaa_baseball,2026-03-27,6590082,,,,,,,,,,,,,,,
nhl,2026-03-27,401803501,,,,,,,,,,,,,,,
nhl,2026-03-27,401803502,,,,,,,,,,,,,,,
kbo,2026-03-28,13247,,,,,,,,,,,,,,,
kbo,2026-03-28,13248,,,,,,,,,,,,,,,
kbo,2026-03-28,13249,,,,,,,,,,,,,,,
kbo,2026-03-28,13250,,,,,,,,,,,,,,,
kbo,2026-03-28,13251,,,,,,,,,,,,,,,
mlb,2026-03-28,401814707,,,,,,,,,,,,,,,
mlb,2026-03-28,401814708,,,,,,,,,,,,,,,
mlb,2026-03-28,401814709,,,,,,,,,,,,,,,
mlb,2026-03-28,401814710,,,,,,,,,,,,,,,
mlb,2026-03-28,401814711,,,,,,,,,,,,,,,
mlb,2026-03-28,401814712,,,,,,,,,,,,,,,
mlb,2026-03-28,401814713,,,,,,,,,,,,,,,
mlb,2026-03-28,401814714,,,,,,,,,,,,,,,
mlb,2026-03-28,401814715,,,,,,,,,,,,,,,
mlb,2026-03-28,401814716,,,,,,,,,,,,,,,
mlb,2026-03-28,401814717,,,,,,,,,,,,,,,
mlb,2026-03-28,401814718,,,,,,,,,,,,,,,
mlb,2026-03-28,401814719,,,,,,,,,,,,,,,
mlb,2026-03-28,401814720,,,,,,,,,,,,,,,
mlb,2026-03-28,401814734,,,,,,,,,,,,,,,
nba,2026-03-28,401810931,,,,,,,,,,,,,,,
nba,2026-03-28,401810932,,,,,,,,,,,,,,,
nba,2026-03-28,401810933,,,,,,,,,,,,,,,
nba,2026-03-28,401810934,,,,,,,,,,,,,,,
nba,2026-03-28,401810935,,,,,,,,,,,,,,,
nba,2026-03-28,401810936,,,,,,,,,,,,,,,
ncaa_baseball,2026-03-28,6540368,,,,,,,,,,,,,,,
ncaa_baseball,2026-03-28,6540419,,,,,,,,,,,,,,,
ncaa_baseball,2026-03-28,6540472,,,,,,,,,,,,,,,
ncaa_baseball,2026-03-28,6540525,,,,,,,,,,,,,,,
ncaa_baseball,2026-03-28,6540588,,,,,,,,,,,,,,,
ncaa_baseball,2026-03-28,6540634,,,,,,,,,,,,,,,
ncaa_baseball,2026-03-28,6540689,,,,,,,,,,,,,,,
ncaa_baseball,2026-03-28,6540744,,,,,,,,,,,,,,,
ncaa_baseball,2026-03-28,6540798,,,,,,,,,,,,,,,
ncaa_baseball,2026-03-28,6540848,,,,,,,,,,,,,,,
ncaa_baseball,2026-03-28,6540904,,,,,,,,,,,,,,,
ncaa_baseball,2026-03-28,6540947,,,,,,,,,,,,,,,
ncaa_baseball,2026-03-28,6540948,,,,,,,,,,,,,,,
ncaa_baseball,2026-03-28,6541070,,,,,,,,,,,,,,,
ncaa_baseball,2026-03-28,6541101,,,,,,,,,,,,,,,
ncaa_baseball,2026-03-28,6541110,,,,,,,,,,,,,,,
ncaa_baseball,2026-03-28,6541217,,,,,,,,,,,,,,,
ncaa_baseball,2026-03-28,6541248,,,,,,,,,,,,,,,
ncaa_baseball,2026-03-28,6541292,,,,,,,,,,,,,,,
ncaa_baseball,2026-03-28,6541293,,,,,,,,,,,,,,,
ncaa_baseball,2026-03-28,6541455,,,,,,,,,,,,,,,
ncaa_baseball,2026-03-28,6541491,,,,,,,,,,,,,,,
ncaa_baseball,2026-03-28,6541544,,,,,,,,,,,,,,,
ncaa_baseball,2026-03-28,6541600,,,,,,,,,,,,,,,
ncaa_baseball,2026-03-28,6541690,,,,,,,,,,,,,,,
ncaa_baseball,2026-03-28,6541737,,,,,,,,,,,,,,,
ncaa_baseball,2026-03-28,6541761,,,,,,,,,,,,,,,
ncaa_baseball,2026-03-28,6541822,,,,,,,,,,,,,,,
ncaa_baseball,2026-03-28,6541880,,,,,,,,,,,,,,,
ncaa_baseball,2026-03-28,6541914,,,,,,,,,,,,,,,
ncaa_baseball,2026-03-28,6541953,,,,,,,,,,,,,,,
ncaa_baseball,2026-03-28,6542052,,,,,,,,,,,,,,,
ncaa_baseball,2026-03-28,6542053,,,,,,,,,,,,,,,
ncaa_baseball,2026-03-28,6542134,,,,,,,,,,,,,,,
ncaa_baseball,2026-03-28,6542178,,,,,,,,,,,,,,,
ncaa_baseball,2026-03-28,6542241,,,,,,,,,,,,,,,
ncaa_baseball,2026-03-28,6542310,,,,,,,,,,,,,,,
ncaa_baseball,2026-03-28,6542358,,,,,,,,,,,,,,,
ncaa_baseball,2026-03-28,6542451,,,,,,,,,,,,,,,
ncaa_baseball,2026-03-28,6542509,,,,,,,,,,,,,,,
ncaa_baseball,2026-03-28,6542539,,,,,,,,,,,,,,,
ncaa_baseball,2026-03-28,6542652,,,,,,,,,,,,,,,
ncaa_baseball,2026-03-28,6542726,,,,,,,,,,,,,,,
ncaa_baseball,2026-03-28,6542727,,,,,,,,,,,,,,,
ncaa_baseball,2026-03-28,6542768,,,,,,,,,,,,,,,
ncaa_baseball,2026-03-28,6542933,,,,,,,,,,,,,,,
ncaa_baseball,2026-03-28,6543019,,,,,,,,,,,,,,,
ncaa_baseball,2026-03-28,6543119,,,,,,,,,,,,,,,
ncaa_baseball,2026-03-28,6543208,,,,,,,,,,,,,,,
ncaa_baseball,2026-03-28,6543410,,,,,,,,,,,,,,,
ncaa_baseball,2026-03-28,6543497,,,,,,,,,,,,,,,
ncaa_baseball,2026-03-28,6543622,,,,,,,,,,,,,,,
ncaa_baseball,2026-03-28,6543756,,,,,,,,,,,,,,,
ncaa_baseball,2026-03-28,6543852,,,,,,,,,,,,,,,
ncaa_baseball,2026-03-28,6544004,,,,,,,,,,,,,,,
ncaa_baseball,2026-03-28,6544223,,,,,,,,,,,,,,,
ncaa_baseball,2026-03-28,6544370,,,,,,,,,,,,,,,
ncaa_baseball,2026-03-28,6544457,,,,,,,,,,,,,,,
ncaa_baseball,2026-03-28,6544510,,,,,,,,,,,,,,,
ncaa_baseball,2026-03-28,6544745,,,,,,,,,,,,,,,
ncaa_baseball,2026-03-28,6544975,,,,,,,,,,,,,,,
ncaa_baseball,2026-03-28,6545067,,,,,,,,,,,,,,,
ncaa_baseball,2026-03-28,6545403,,,,,,,,,,,,,,,
ncaa_baseball,2026-03-28,6545484,,,,,,,,,,,,,,,
ncaa_baseball,2026-03-28,6545695,,,,,,,,,,,,,,,
ncaa_baseball,2026-03-28,6545950,,,,,,,,,,,,,,,
ncaa_baseball,2026-03-28,6546085,,,,,,,,,,,,,,,
ncaa_baseball,2026-03-28,6546170,,,,,,,,,,,,,,,
ncaa_baseball,2026-03-28,6546247,,,,,,,,,,,,,,,
ncaa_baseball,2026-03-28,6546329,,,,,,,,,,,,,,,
ncaa_baseball,2026-03-28,6546423,,,,,,,,,,,,,,,
ncaa_baseball,2026-03-28,6546626,,,,,,,,,,,,,,,
ncaa_baseball,2026-03-28,6546684,,,,,,,,,,,,,,,
ncaa_baseball,2026-03-28,6546862,,,,,,,,,,,,,,,
ncaa_baseball,2026-03-28,6546954,,,,,,,,,,,,,,,
ncaa_baseball,2026-03-28,6546994,,,,,,,,,,,,,,,
ncaa_baseball,2026-03-28,6547126,,,,,,,,,,,,,,,
ncaa_baseball,2026-03-28,6547190,,,,,,,,,,,,,,,
ncaa_baseball,2026-03-28,6547251,,,,,,,,,,,,,,,
ncaa_baseball,2026-03-28,6547333,,,,,,,,,,,,,,,
ncaa_baseball,2026-03-28,6547472,,,,,,,,,,,,,,,
ncaa_baseball,2026-03-28,6547514,,,,,,,,,,,,,,,
ncaa_baseball,2026-03-28,6547595,,,,,,,,,,,,,,,
ncaa_baseball,2026-03-28,6547655,,,,,,,,,,,,,,,
ncaa_baseball,2026-03-28,6547745,,,,,,,,,,,,,,,
ncaa_baseball,2026-03-28,6547801,,,,,,,,,,,,,,,
ncaa_baseball,2026-03-28,6547874,,,,,,,,,,,,,,,
ncaa_baseball,2026-03-28,6547927,,,,,,,,,,,,,,,
ncaa_baseball,2026-03-28,6548029,,,,,,,,,,,,,,,
ncaa_baseball,2026-03-28,6548147,,,,,,,,,,,,,,,
ncaa_baseball,2026-03-28,6548237,,,,,,,,,,,,,,,
ncaa_baseball,2026-03-28,6548239,,,,,,,,,,,,,,,
ncaa_baseball,2026-03-28,6548332,,,,,,,,,,,,,,,
ncaa_baseball,2026-03-28,6548338,,,,,,,,,,,,,,,
ncaa_baseball,2026-03-28,6548406,,,,,,,,,,,,,,,
ncaa_baseball,2026-03-28,6548453,,,,,,,,,,,,,,,
ncaa_baseball,2026-03-28,6548539,,,,,,,,,,,,,,,
ncaa_baseball,2026-03-28,6548635,,,,,,,,,,,,,,,
ncaa_baseball,2026-03-28,6548639,,,,,,,,,,,,,,,
ncaa_baseball,2026-03-28,6548760,,,,,,,,,,,,,,,
ncaa_baseball,2026-03-28,6548778,,,,,,,,,,,,,,,
ncaa_baseball,2026-03-28,6548819,,,,,,,,,,,,,,,
ncaa_baseball,2026-03-28,6549034,,,,,,,,,,,,,,,
ncaa_baseball,2026-03-28,6549074,,,,,,,,,,,,,,,
ncaa_baseball,2026-03-28,6549151,,,,,,,,,,,,,,,
ncaa_baseball,2026-03-28,6549256,,,,,,,,,,,,,,,
ncaa_baseball,2026-03-28,6549391,,,,,,,,,,,,,,,
ncaa_baseball,2026-03-28,6549486,,,,,,,,,,,,,,,
ncaa_baseball,2026-03-28,6549551,,,,,,,,,,,,,,,
ncaa_baseball,2026-03-28,6549576,,,,,,,,,,,,,,,
ncaa_baseball,2026-03-28,6549635,,,,,,,,,,,,,,,
ncaa_baseball,2026-03-28,6549772,,,,,,,,,,,,,,,
ncaa_baseball,2026-03-28,6549833,,,,,,,,,,,,,,,
ncaa_baseball,2026-03-28,6549907,,,,,,,,,,,,,,,
ncaa_baseball,2026-03-28,6549947,,,,,,,,,,,,,,,
ncaa_baseball,2026-03-28,6550229,,,,,,,,,,,,,,,
ncaa_baseball,2026-03-28,6550380,,,,,,,,,,,,,,,
ncaa_baseball,2026-03-28,6550445,,,,,,,,,,,,,,,
ncaa_baseball,2026-03-28,6550548,,,,,,,,,,,,,,,
ncaa_baseball,2026-03-28,6550612,,,,,,,,,,,,,,,
ncaa_baseball,2026-03-28,6550696,,,,,,,,,,,,,,,
ncaa_baseball,2026-03-28,6550788,,,,,,,,,,,,,,,
ncaa_baseball,2026-03-28,6551144,,,,,,,,,,,,,,,
ncaa_baseball,2026-03-28,6551172,,,,,,,,,,,,,,,
ncaa_baseball,2026-03-28,6551324,,,,,,,,,,,,,,,
ncaa_baseball,2026-03-28,6551375,,,,,,,,,,,,,,,
ncaa_baseball,2026-03-28,6551703,,,,,,,,,,,,,,,
ncaa_baseball,2026-03-28,6551741,,,,,,,,,,,,,,,
ncaa_baseball,2026-03-28,6551846,,,,,,,,,,,,,,,
ncaa_baseball,2026-03-28,6551928,,,,,,,,,,,,,,,
ncaa_baseball,2026-03-28,6551967,,,,,,,,,,,,,,,
ncaa_baseball,2026-03-28,6551998,,,,,,,,,,,,,,,
ncaa_baseball,2026-03-28,6552000,,,,,,,,,,,,,,,
ncaa_baseball,2026-03-28,6552129,,,,,,,,,,,,,,,
ncaa_baseball,2026-03-28,6552195,,,,,,,,,,,,,,,
ncaa_baseball,2026-03-28,6552234,,,,,,,,,,,,,,,
ncaa_baseball,2026-03-28,6552564,,,,,,,,,,,,,,,
ncaa_baseball,2026-03-28,6552641,,,,,,,,,,,,,,,
ncaa_baseball,2026-03-28,6552778,,,,,,,,,,,,,,,
ncaa_baseball,2026-03-28,6584147,,,,,,,,,,,,,,,
ncaa_baseball,2026-03-28,6584439,,,,,,,,,,,,,,,
ncaa_baseball,2026-03-28,6585666,,,,,,,,,,,,,,,
ncaa_baseball,2026-03-28,6585698,,,,,,,,,,,,,,,
ncaa_baseball,2026-03-28,6585754,,,,,,,,,,,,,,,
ncaa_baseball,2026-03-28,6585807,,,,,,,,,,,,,,,
ncaa_baseball,2026-03-28,6586636,,,,,,,,,,,,,,,
ncaa_baseball,2026-03-28,6587606,,,,,,,,,,,,,,,
ncaa_baseball,2026-03-28,6587655,,,,,,,,,,,,,,,
ncaa_baseball,2026-03-28,6588159,,,,,,,,,,,,,,,
ncaa_baseball,2026-03-28,6589154,,,,,,,,,,,,,,,
ncaa_baseball,2026-03-28,6589179,,,,,,,,,,,,,,,
ncaa_baseball,2026-03-28,6589511,,,,,,,,,,,,,,,
ncaa_baseball,2026-03-28,6589536,,,,,,,,,,,,,,,
ncaa_baseball,2026-03-28,6589688,,,,,,,,,,,,,,,
ncaa_baseball,2026-03-28,6590005,,,,,,,,,,,,,,,
ncaa_baseball,2026-03-28,6590083,,,,,,,,,,,,,,,
nhl,2026-03-28,401803503,,,,,,,,,,,,,,,
nhl,2026-03-28,401803504,,,,,,,,,,,,,,,
nhl,2026-03-28,401803505,,,,,,,,,,,,,,,
nhl,2026-03-28,401803506,,,,,,,,,,,,,,,
nhl,2026-03-28,401803507,,,,,,,,,,,,,,,
nhl,2026-03-28,401803508,,,,,,,,,,,,,,,
nhl,2026-03-28,401803509,,,,,,,,,,,,,,,
nhl,2026-03-28,401803510,,,,,,,,,,,,,,,
nhl,2026-03-28,401803511,,,,,,,,,,,,,,,
nhl,2026-03-28,401803512,,,,,,,,,,,,,,,
nhl,2026-03-28,401803513,,,,,,,,,,,,,,,
nhl,2026-03-28,401803514,,,,,,,,,,,,,,,
nhl,2026-03-28,401803515,,,,,,,,,,,,,,,
nhl,2026-03-28,401803516,,,,,,,,,,,,,,,
nhl,2026-03-28,401803517,,,,,,,,,,,,,,,
kbo,2026-03-29,13252,,,,,,,,,,,,,,,
kbo,2026-03-29,13253,,,,,,,,,,,,,,,
kbo,2026-03-29,13254,,,,,,,,,,,,,,,
kbo,2026-03-29,13255,,,,,,,,,,,,,,,
kbo,2026-03-29,13256,,,,,,,,,,,,,,,
mlb,2026-03-29,401814722,,,,,,,,,,,,,,,
mlb,2026-03-29,401814723,,,,,,,,,,,,,,,
mlb,2026-03-29,401814724,,,,,,,,,,,,,,,
mlb,2026-03-29,401814725,,,,,,,,,,,,,,,
mlb,2026-03-29,401814726,,,,,,,,,,,,,,,
mlb,2026-03-29,401814727,,,,,,,,,,,,,,,
mlb,2026-03-29,401814728,,,,,,,,,,,,,,,
mlb,2026-03-29,401814729,,,,,,,,,,,,,,,
mlb,2026-03-29,401814730,,,,,,,,,,,,,,,
mlb,2026-03-29,401814731,,,,,,,,,,,,,,,
mlb,2026-03-29,401814732,,,,,,,,,,,,,,,
mlb,2026-03-29,401814733,,,,,,,,,,,,,,,
nba,2026-03-29,401810937,,,,,,,,,,,,,,,
nba,2026-03-29,401810938,,,,,,,,,,,,,,,
nba,2026-03-29,401810939,,,,,,,,,,,,,,,
nba,2026-03-29,401810940,,,,,,,,,,,,,,,
nba,2026-03-29,401810941,,,,,,,,,,,,,,,
nba,2026-03-29,401810942,,,,,,,,,,,,,,,
nba,2026-03-29,401810943,,,,,,,,,,,,,,,
nba,2026-03-29,401810944,,,,,,,,,,,,,,,
nba,2026-03-29,401810945,,,,,,,,,,,,,,,
ncaa_baseball,2026-03-29,6540369,,,,,,,,,,,,,,,
ncaa_baseball,2026-03-29,6540420,,,,,,,,,,,,,,,
ncaa_baseball,2026-03-29,6540473,,,,,,,,,,,,,,,
ncaa_baseball,2026-03-29,6540526,,,,,,,,,,,,,,,
ncaa_baseball,2026-03-29,6540589,,,,,,,,,,,,,,,
ncaa_baseball,2026-03-29,6540635,,,,,,,,,,,,,,,
ncaa_baseball,2026-03-29,6540690,,,,,,,,,,,,,,,
ncaa_baseball,2026-03-29,6540745,,,,,,,,,,,,,,,
ncaa_baseball,2026-03-29,6540799,,,,,,,,,,,,,,,
ncaa_baseball,2026-03-29,6540849,,,,,,,,,,,,,,,
ncaa_baseball,2026-03-29,6540905,,,,,,,,,,,,,,,
ncaa_baseball,2026-03-29,6540949,,,,,,,,,,,,,,,
ncaa_baseball,2026-03-29,6541071,,,,,,,,,,,,,,,
ncaa_baseball,2026-03-29,6541102,,,,,,,,,,,,,,,
ncaa_baseball,2026-03-29,6541113,,,,,,,,,,,,,,,
ncaa_baseball,2026-03-29,6541222,,,,,,,,,,,,,,,
ncaa_baseball,2026-03-29,6541249,,,,,,,,,,,,,,,
ncaa_baseball,2026-03-29,6541295,,,,,,,,,,,,,,,
ncaa_baseball,2026-03-29,6541296,,,,,,,,,,,,,,,
ncaa_baseball,2026-03-29,6541456,,,,,,,,,,,,,,,
ncaa_baseball,2026-03-29,6541492,,,,,,,,,,,,,,,
ncaa_baseball,2026-03-29,6541545,,,,,,,,,,,,,,,
ncaa_baseball,2026-03-29,6541602,,,,,,,,,,,,,,,
ncaa_baseball,2026-03-29,6541691,,,,,,,,,,,,,,,
ncaa_baseball,2026-03-29,6541738,,,,,,,,,,,,,,,
ncaa_baseball,2026-03-29,6541763,,,,,,,,,,,,,,,
ncaa_baseball,2026-03-29,6541823,,,,,,,,,,,,,,,
ncaa_baseball,2026-03-29,6541881,,,,,,,,,,,,,,,
ncaa_baseball,2026-03-29,6541915,,,,,,,,,,,,,,,
ncaa_baseball,2026-03-29,6541954,,,,,,,,,,,,,,,
ncaa_baseball,2026-03-29,6542054,,,,,,,,,,,,,,,
ncaa_baseball,2026-03-29,6542055,,,,,,,,,,,,,,,
ncaa_baseball,2026-03-29,6542135,,,,,,,,,,,,,,,
ncaa_baseball,2026-03-29,6542179,,,,,,,,,,,,,,,
ncaa_baseball,2026-03-29,6542242,,,,,,,,,,,,,,,
ncaa_baseball,2026-03-29,6542311,,,,,,,,,,,,,,,
ncaa_baseball,2026-03-29,6542359,,,,,,,,,,,,,,,
ncaa_baseball,2026-03-29,6542453,,,,,,,,,,,,,,,
ncaa_baseball,2026-03-29,6542510,,,,,,,,,,,,,,,
ncaa_baseball,2026-03-29,6542540,,,,,,,,,,,,,,,
ncaa_baseball,2026-03-29,6542653,,,,,,,,,,,,,,,
ncaa_baseball,2026-03-29,6542728,,,,,,,,,,,,,,,
ncaa_baseball,2026-03-29,6542769,,,,,,,,,,,,,,,
ncaa_baseball,2026-03-29,6542935,,,,,,,,,,,,,,,
ncaa_baseball,2026-03-29,6543020,,,,,,,,,,,,,,,
ncaa_baseball,2026-03-29,6543121,,,,,,,,,,,,,,,
ncaa_baseball,2026-03-29,6543210,,,,,,,,,,,,,,,
ncaa_baseball,2026-03-29,6543412,,,,,,,,,,,,,,,
ncaa_baseball,2026-03-29,6543499,,,,,,,,,,,,,,,
ncaa_baseball,2026-03-29,6543626,,,,,,,,,,,,,,,
ncaa_baseball,2026-03-29,6543758,,,,,,,,,,,,,,,
ncaa_baseball,2026-03-29,6543854,,,,,,,,,,,,,,,
ncaa_baseball,2026-03-29,6544006,,,,,,,,,,,,,,,
ncaa_baseball,2026-03-29,6544227,,,,,,,,,,,,,,,
ncaa_baseball,2026-03-29,6544372,,,,,,,,,,,,,,,
ncaa_baseball,2026-03-29,6544461,,,,,,,,,,,,,,,
ncaa_baseball,2026-03-29,6544512,,,,,,,,,,,,,,,
ncaa_baseball,2026-03-29,6544747,,,,,,,,,,,,,,,
ncaa_baseball,2026-03-29,6544977,,,,,,,,,,,,,,,
ncaa_baseball,2026-03-29,6545069,,,,,,,,,,,,,,,
ncaa_baseball,2026-03-29,6545405,,,,,,,,,,,,,,,
ncaa_baseball,2026-03-29,6545486,,,,,,,,,,,,,,,
ncaa_baseball,2026-03-29,6545697,,,,,,,,,,,,,,,
ncaa_baseball,2026-03-29,6545952,,,,,,,,,,,,,,,
ncaa_baseball,2026-03-29,6546087,,,,,,,,,,,,,,,
ncaa_baseball,2026-03-29,6546172,,,,,,,,,,,,,,,
ncaa_baseball,2026-03-29,6546249,,,,,,,,,,,,,,,
ncaa_baseball,2026-03-29,6546331,,,,,,,,,,,,,,,
ncaa_baseball,2026-03-29,6546425,,,,,,,,,,,,,,,
ncaa_baseball,2026-03-29,6546628,,,,,,,,,,,,,,,
ncaa_baseball,2026-03-29,6546685,,,,,,,,,,,,,,,
ncaa_baseball,2026-03-29,6546864,,,,,,,,,,,,,,,
ncaa_baseball,2026-03-29,6546956,,,,,,,,,,,,,,,
ncaa_baseball,2026-03-29,6546996,,,,,,,,,,,,,,,
ncaa_baseball,2026-03-29,6547128,,,,,,,,,,,,,,,
ncaa_baseball,2026-03-29,6547192,,,,,,,,,,,,,,,
ncaa_baseball,2026-03-29,6547194,,,,,,,,,,,,,,,
ncaa_baseball,2026-03-29,6547253,,,,,,,,,,,,,,,
ncaa_baseball,2026-03-29,6547335,,,,,,,,,,,,,,,
ncaa_baseball,2026-03-29,6547516,,,,,,,,,,,,,,,
ncaa_baseball,2026-03-29,6547520,,,,,,,,,,,,,,,
ncaa_baseball,2026-03-29,6547597,,,,,,,,,,,,,,,
ncaa_baseball,2026-03-29,6547659,,,,,,,,,,,,,,,
ncaa_baseball,2026-03-29,6547747,,,,,,,,,,,,,,,
ncaa_baseball,2026-03-29,6547803,,,,,,,,,,,,,,,
ncaa_baseball,2026-03-29,6547876,,,,,,,,,,,,,,,
ncaa_baseball,2026-03-29,6547929,,,,,,,,,,,,,,,
ncaa_baseball,2026-03-29,6548031,,,,,,,,,,,,,,,
ncaa_baseball,2026-03-29,6548149,,,,,,,,,,,,,,,
ncaa_baseball,2026-03-29,6548241,,,,,,,,,,,,,,,
ncaa_baseball,2026-03-29,6548336,,,,,,,,,,,,,,,
ncaa_baseball,2026-03-29,6548342,,,,,,,,,,,,,,,
ncaa_baseball,2026-03-29,6548408,,,,,,,,,,,,,,,
ncaa_baseball,2026-03-29,6548463,,,,,,,,,,,,,,,
ncaa_baseball,2026-03-29,6548541,,,,,,,,,,,,,,,
ncaa_baseball,2026-03-29,6548637,,,,,,,,,,,,,,,
ncaa_baseball,2026-03-29,6548648,,,,,,,,,,,,,,,
ncaa_baseball,2026-03-29,6548764,,,,,,,,,,,,,,,
ncaa_baseball,2026-03-29,6548780,,,,,,,,,,,,,,,
ncaa_baseball,2026-03-29,6548821,,,,,,,,,,,,,,,
ncaa_baseball,2026-03-29,6549036,,,,,,,,,,,,,,,
ncaa_baseball,2026-03-29,6549078,,,,,,,,,,,,,,,
ncaa_baseball,2026-03-29,6549153,,,,,,,,,,,,,,,
ncaa_baseball,2026-03-29,6549258,,,,,,,,,,,,,,,
ncaa_baseball,2026-03-29,6549487,,,,,,,,,,,,,,,
ncaa_baseball,2026-03-29,6549553,,,,,,,,,,,,,,,
ncaa_baseball,2026-03-29,6549578,,,,,,,,,,,,,,,
ncaa_baseball,2026-03-29,6549636,,,,,,,,,,,,,,,
ncaa_baseball,2026-03-29,6549776,,,,,,,,,,,,,,,
ncaa_baseball,2026-03-29,6549835,,,,,,,,,,,,,,,
ncaa_baseball,2026-03-29,6549909,,,,,,,,,,,,,,,
ncaa_baseball,2026-03-29,6549953,,,,,,,,,,,,,,,
ncaa_baseball,2026-03-29,6550237,,,,,,,,,,,,,,,
ncaa_baseball,2026-03-29,6550382,,,,,,,,,,,,,,,
ncaa_baseball,2026-03-29,6550447,,,,,,,,,,,,,,,
ncaa_baseball,2026-03-29,6550550,,,,,,,,,,,,,,,
ncaa_baseball,2026-03-29,6550614,,,,,,,,,,,,,,,
ncaa_baseball,2026-03-29,6550698,,,,,,,,,,,,,,,
ncaa_baseball,2026-03-29,6550792,,,,,,,,,,,,,,,
ncaa_baseball,2026-03-29,6551148,,,,,,,,,,,,,,,
ncaa_baseball,2026-03-29,6551174,,,,,,,,,,,,,,,
ncaa_baseball,2026-03-29,6551326,,,,,,,,,,,,,,,
ncaa_baseball,2026-03-29,6551377,,,,,,,,,,,,,,,
ncaa_baseball,2026-03-29,6551705,,,,,,,,,,,,,,,
ncaa_baseball,2026-03-29,6551842,,,,,,,,,,,,,,,
ncaa_baseball,2026-03-29,6551930,,,,,,,,,,,,,,,
ncaa_baseball,2026-03-29,6551969,,,,,,,,,,,,,,,
ncaa_baseball,2026-03-29,6552002,,,,,,,,,,,,,,,
ncaa_baseball,2026-03-29,6552131,,,,,,,,,,,,,,,
ncaa_baseball,2026-03-29,6552236,,,,,,,,,,,,,,,
ncaa_baseball,2026-03-29,6552566,,,,,,,,,,,,,,,
ncaa_baseball,2026-03-29,6552639,,,,,,,,,,,,,,,
ncaa_baseball,2026-03-29,6552780,,,,,,,,,,,,,,,
ncaa_baseball,2026-03-29,6584148,,,,,,,,,,,,,,,
ncaa_baseball,2026-03-29,6584440,,,,,,,,,,,,,,,
ncaa_baseball,2026-03-29,6585667,,,,,,,,,,,,,,,
ncaa_baseball,2026-03-29,6585699,,,,,,,,,,,,,,,
ncaa_baseball,2026-03-29,6585755,,,,,,,,,,,,,,,
ncaa_baseball,2026-03-29,6585808,,,,,,,,,,,,,,,
ncaa_baseball,2026-03-29,6586637,,,,,,,,,,,,,,,
ncaa_baseball,2026-03-29,6587607,,,,,,,,,,,,,,,
ncaa_baseball,2026-03-29,6587656,,,,,,,,,,,,,,,
ncaa_baseball,2026-03-29,6588161,,,,,,,,,,,,,,,
ncaa_baseball,2026-03-29,6589155,,,,,,,,,,,,,,,
ncaa_baseball,2026-03-29,6589180,,,,,,,,,,,,,,,
ncaa_baseball,2026-03-29,6589512,,,,,,,,,,,,,,,
ncaa_baseball,2026-03-29,6589537,,,,,,,,,,,,,,,
ncaa_baseball,2026-03-29,6589689,,,,,,,,,,,,,,,
ncaa_baseball,2026-03-29,6590006,,,,,,,,,,,,,,,
ncaa_baseball,2026-03-29,6590084,,,,,,,,,,,,,,,
nhl,2026-03-29,401803518,,,,,,,,,,,,,,,
nhl,2026-03-29,401803519,,,,,,,,,,,,,,,
nhl,2026-03-29,401803520,,,,,,,,,,,,,,,
nhl,2026-03-29,401803521,,,,,,,,,,,,,,,
nhl,2026-03-29,401803522,,,,,,,,,,,,,,,
nhl,2026-03-29,401803523,,,,,,,,,,,,,,,
mlb,2026-03-30,401814735,,,,,,,,,,,,,,,
mlb,2026-03-30,401814736,,,,,,,,,,,,,,,
mlb,2026-03-30,401814737,,,,,,,,,,,,,,,
mlb,2026-03-30,401814738,,,,,,,,,,,,,,,
mlb,2026-03-30,401814739,,,,,,,,,,,,,,,
mlb,2026-03-30,401814740,,,,,,,,,,,,,,,
mlb,2026-03-30,401814741,,,,,,,,,,,,,,,
mlb,2026-03-30,401814742,,,,,,,,,,,,,,,
mlb,2026-03-30,401814743,,,,,,,,,,,,,,,
mlb,2026-03-30,401814744,,,,,,,,,,,,,,,
mlb,2026-03-30,401814745,,,,,,,,,,,,,,,
mlb,2026-03-30,401814746,,,,,,,,,,,,,,,
mlb,2026-03-30,401814747,,,,,,,,,,,,,,,
mlb,2026-03-30,401814748,,,,,,,,,,,,,,,
mlb,2026-03-30,401814749,,,,,,,,,,,,,,,
nba,2026-03-30,401810946,,,,,,,,,,,,,,,
nba,2026-03-30,401810947,,,,,,,,,,,,,,,
nba,2026-03-30,401810948,,,,,,,,,,,,,,,
nba,2026-03-30,401810949,,,,,,,,,,,,,,,
nba,2026-03-30,401810950,,,,,,,,,,,,,,,
nba,2026-03-30,401810951,,,,,,,,,,,,,,,
nba,2026-03-30,401810952,,,,,,,,,,,,,,,
nba,2026-03-30,401810953,,,,,,,,,,,,,,,
ncaa_baseball,2026-03-30,6541955,,,,,,,,,,,,,,,
ncaa_baseball,2026-03-30,6542057,,,,,,,,,,,,,,,
ncaa_baseball,2026-03-30,6549374,,,,,,,,,,,,,,,
ncaa_baseball,2026-03-30,6550983,,,,,,,,,,,,,,,
ncaa_baseball,2026-03-30,6551971,,,,,,,,,,,,,,,
nhl,2026-03-30,401803524,,,,,,,,,,,,,,,
nhl,2026-03-30,401803525,,,,,,,,,,,,,,,
nhl,2026-03-30,401803526,,,,,,,,,,,,,,,
nhl,2026-03-30,401803527,,,,,,,,,,,,,,,
nhl,2026-03-30,401803528,,,,,,,,,,,,,,,
kbo,2026-03-31,13257,,,,,,,,,,,,,,,
kbo,2026-03-31,13258,,,,,,,,,,,,,,,
kbo,2026-03-31,13259,,,,,,,,,,,,,,,
kbo,2026-03-31,13260,,,,,,,,,,,,,,,
kbo,2026-03-31,13261,,,,,,,,,,,,,,,
mlb,2026-03-31,401814750,,,,,,,,,,,,,,,
mlb,2026-03-31,401814751,,,,,,,,,,,,,,,
mlb,2026-03-31,401814752,,,,,,,,,,,,,,,
mlb,2026-03-31,401814753,,,,,,,,,,,,,,,
mlb,2026-03-31,401814754,,,,,,,,,,,,,,,
mlb,2026-03-31,401814755,,,,,,,,,,,,,,,
mlb,2026-03-31,401814756,,,,,,,,,,,,,,,
mlb,2026-03-31,401814757,,,,,,,,,,,,,,,
mlb,2026-03-31,401814758,,,,,,,,,,,,,,,
mlb,2026-03-31,401814759,,,,,,,,,,,,,,,
mlb,2026-03-31,401814760,,,,,,,,,,,,,,,
mlb,2026-03-31,401814761,,,,,,,,,,,,,,,
mlb,2026-03-31,401814762,,,,,,,,,,,,,,,
mlb,2026-03-31,401814763,,,,,,,,,,,,,,,
nba,2026-03-31,401810954,,,,,,,,,,,,,,,
nba,2026-03-31,401810955,,,,,,,,,,,,,,,
nba,2026-03-31,401810956,,,,,,,,,,,,,,,
nba,2026-03-31,401810957,,,,,,,,,,,,,,,
nba,2026-03-31,401810958,,,,,,,,,,,,,,,
nba,2026-03-31,401810959,,,,,,,,,,,,,,,
nba,2026-03-31,401858694,,,,,,,,,,,,,,,
ncaa_baseball,2026-03-31,6540370,,,,,,,,,,,,,,,
ncaa_baseball,2026-03-31,6540474,,,,,,,,,,,,,,,
ncaa_baseball,2026-03-31,6540527,,,,,,,,,,,,,,,
ncaa_baseball,2026-03-31,6540577,,,,,,,,,,,,,,,
ncaa_baseball,2026-03-31,6540636,,,,,,,,,,,,,,,
ncaa_baseball,2026-03-31,6540691,,,,,,,,,,,,,,,
ncaa_baseball,2026-03-31,6540746,,,,,,,,,,,,,,,
ncaa_baseball,2026-03-31,6540850,,,,,,,,,,,,,,,
ncaa_baseball,2026-03-31,6540906,,,,,,,,,,,,,,,
ncaa_baseball,2026-03-31,6540950,,,,,,,,,,,,,,,
ncaa_baseball,2026-03-31,6540994,,,,,,,,,,,,,,,
ncaa_baseball,2026-03-31,6541075,,,,,,,,,,,,,,,
ncaa_baseball,2026-03-31,6541105,,,,,,,,,,,,,,,
ncaa_baseball,2026-03-31,6541123,,,,,,,,,,,,,,,
ncaa_baseball,2026-03-31,6541297,,,,,,,,,,,,,,,
ncaa_baseball,2026-03-31,6541372,,,,,,,,,,,,,,,
ncaa_baseball,2026-03-31,6541605,,,,,,,,,,,,,,,
ncaa_baseball,2026-03-31,6541628,,,,,,,,,,,,,,,
ncaa_baseball,2026-03-31,6541692,,,,,,,,,,,,,,,
ncaa_baseball,2026-03-31,6541739,,,,,,,,,,,,,,,
ncaa_baseball,2026-03-31,6541765,,,,,,,,,,,,,,,
ncaa_baseball,2026-03-31,6541883,,,,,,,,,,,,,,,
ncaa_baseball,2026-03-31,6541916,,,,,,,,,,,,,,,
ncaa_baseball,2026-03-31,6541989,,,,,,,,,,,,,,,
ncaa_baseball,2026-03-31,6542136,,,,,,,,,,,,,,,
ncaa_baseball,2026-03-31,6542180,,,,,,,,,,,,,,,
ncaa_baseball,2026-03-31,6542243,,,,,,,,,,,,,,,
ncaa_baseball,2026-03-31,6542253,,,,,,,,,,,,,,,
ncaa_baseball,2026-03-31,6542312,,,,,,,,,,,,,,,
ncaa_baseball,2026-03-31,6542360,,,,,,,,,,,,,,,
ncaa_baseball,2026-03-31,6542511,,,,,,,,,,,,,,,
ncaa_baseball,2026-03-31,6542654,,,,,,,,,,,,,,,
ncaa_baseball,2026-03-31,6542689,,,,,,,,,,,,,,,
ncaa_baseball,2026-03-31,6542729,,,,,,,,,,,,,,,
ncaa_baseball,2026-03-31,6542865,,,,,,,,,,,,,,,
ncaa_baseball,2026-03-31,6542937,,,,,,,,,,,,,,,
ncaa_baseball,2026-03-31,6543371,,,,,,,,,,,,,,,
ncaa_baseball,2026-03-31,6543414,,,,,,,,,,,,,,,
ncaa_baseball,2026-03-31,6543628,,,,,,,,,,,,,,,
ncaa_baseball,2026-03-31,6543630,,,,,,,,,,,,,,,
ncaa_baseball,2026-03-31,6543760,,,,,,,,,,,,,,,
ncaa_baseball,2026-03-31,6543856,,,,,,,,,,,,,,,
ncaa_baseball,2026-03-31,6544115,,,,,,,,,,,,,,,
ncaa_baseball,2026-03-31,6544270,,,,,,,,,,,,,,,
ncaa_baseball,2026-03-31,6544465,,,,,,,,,,,,,,,
ncaa_baseball,2026-03-31,6544530,,,,,,,,,,,,,,,
ncaa_baseball,2026-03-31,6544705,,,,,,,,,,,,,,,
ncaa_baseball,2026-03-31,6544889,,,,,,,,,,,,,,,
ncaa_baseball,2026-03-31,6545145,,,,,,,,,,,,,,,
ncaa_baseball,2026-03-31,6545227,,,,,,,,,,,,,,,
ncaa_baseball,2026-03-31,6545331,,,,,,,,,,,,,,,
ncaa_baseball,2026-03-31,6545551,,,,,,,,,,,,,,,
ncaa_baseball,2026-03-31,6545699,,,,,,,,,,,,,,,
ncaa_baseball,2026-03-31,6545767,,,,,,,,,,,,,,,
ncaa_baseball,2026-03-31,6545830,,,,,,,,,,,,,,,
ncaa_baseball,2026-03-31,6545866,,,,,,,,,,,,,,,
ncaa_baseball,2026-03-31,6546028,,,,,,,,,,,,,,,
ncaa_baseball,2026-03-31,6546174,,,,,,,,,,,,,,,
ncaa_baseball,2026-03-31,6546251,,,,,,,,,,,,,,,
ncaa_baseball,2026-03-31,6546333,,,,,,,,,,,,,,,
ncaa_baseball,2026-03-31,6546570,,,,,,,,,,,,,,,
ncaa_baseball,2026-03-31,6546630,,,,,,,,,,,,,,,
ncaa_baseball,2026-03-31,6546749,,,,,,,,,,,,,,,
ncaa_baseball,2026-03-31,6546868,,,,,,,,,,,,,,,
ncaa_baseball,2026-03-31,6546998,,,,,,,,,,,,,,,
ncaa_baseball,2026-03-31,6547255,,,,,,,,,,,,,,,
ncaa_baseball,2026-03-31,6547337,,,,,,,,,,,,,,,
ncaa_baseball,2026-03-31,6547476,,,,,,,,,,,,,,,
ncaa_baseball,2026-03-31,6547663,,,,,,,,,,,,,,,
ncaa_baseball,2026-03-31,6547749,,,,,,,,,,,,,,,
ncaa_baseball,2026-03-31,6547805,,,,,,,,,,,,,,,
ncaa_baseball,2026-03-31,6547878,,,,,,,,,,,,,,,
ncaa_baseball,2026-03-31,6547968,,,,,,,,,,,,,,,
ncaa_baseball,2026-03-31,6548033,,,,,,,,,,,,,,,
ncaa_baseball,2026-03-31,6548243,,,,,,,,,,,,,,,
ncaa_baseball,2026-03-31,6548409,,,,,,,,,,,,,,,
ncaa_baseball,2026-03-31,6548543,,,,,,,,,,,,,,,
ncaa_baseball,2026-03-31,6548782,,,,,,,,,,,,,,,
ncaa_baseball,2026-03-31,6548937,,,,,,,,,,,,,,,
ncaa_baseball,2026-03-31,6549155,,,,,,,,,,,,,,,
ncaa_baseball,2026-03-31,6549266,,,,,,,,,,,,,,,
ncaa_baseball,2026-03-31,6549346,,,,,,,,,,,,,,,
ncaa_baseball,2026-03-31,6549530,,,,,,,,,,,,,,,
ncaa_baseball,2026-03-31,6549888,,,,,,,,,,,,,,,
ncaa_baseball,2026-03-31,6550066,,,,,,,,,,,,,,,
ncaa_baseball,2026-03-31,6550106,,,,,,,,,,,,,,,
ncaa_baseball,2026-03-31,6550191,,,,,,,,,,,,,,,
ncaa_baseball,2026-03-31,6550294,,,,,,,,,,,,,,,
ncaa_baseball,2026-03-31,6550361,,,,,,,,,,,,,,,
ncaa_baseball,2026-03-31,6550384,,,,,,,,,,,,,,,
ncaa_baseball,2026-03-31,6550449,,,,,,,,,,,,,,,
ncaa_baseball,2026-03-31,6550552,,,,,,,,,,,,,,,
ncaa_baseball,2026-03-31,6550741,,,,,,,,,,,,,,,
ncaa_baseball,2026-03-31,6550799,,,,,,,,,,,,,,,
ncaa_baseball,2026-03-31,6551081,,,,,,,,,,,,,,,
ncaa_baseball,2026-03-31,6551152,,,,,,,,,,,,,,,
ncaa_baseball,2026-03-31,6551176,,,,,,,,,,,,,,,
ncaa_baseball,2026-03-31,6551508,,,,,,,,,,,,,,,
ncaa_baseball,2026-03-31,6551539,,,,,,,,,,,,,,,
ncaa_baseball,2026-03-31,6551553,,,,,,,,,,,,,,,
ncaa_baseball,2026-03-31,6551932,,,,,,,,,,,,,,,
ncaa_baseball,2026-03-31,6552004,,,,,,,,,,,,,,,
ncaa_baseball,2026-03-31,6552319,,,,,,,,,,,,,,,
ncaa_baseball,2026-03-31,6552351,,,,,,,,,,,,,,,
ncaa_baseball,2026-03-31,6552434,,,,,,,,,,,,,,,
ncaa_baseball,2026-03-31,6552530,,,,,,,,,,,,,,,
ncaa_baseball,2026-03-31,6552696,,,,,,,,,,,,,,,
ncaa_baseball,2026-03-31,6552751,,,,,,,,,,,,,,,
ncaa_baseball,2026-03-31,6552782,,,,,,,,,,,,,,,
ncaa_baseball,2026-03-31,6552837,,,,,,,,,,,,,,,
ncaa_baseball,2026-03-31,6584251,,,,,,,,,,,,,,,
ncaa_baseball,2026-03-31,6584441,,,,,,,,,,,,,,,
ncaa_baseball,2026-03-31,6585391,,,,,,,,,,,,,,,
ncaa_baseball,2026-03-31,6585903,,,,,,,,,,,,,,,
ncaa_baseball,2026-03-31,6586638,,,,,,,,,,,,,,,
ncaa_baseball,2026-03-31,6588060,,,,,,,,,,,,,,,
ncaa_baseball,2026-03-31,6588285,,,,,,,,,,,,,,,
ncaa_baseball,2026-03-31,6588539,,,,,,,,,,,,,,,
ncaa_baseball,2026-03-31,6588744,,,,,,,,,,,,,,,
ncaa_baseball,2026-03-31,6589156,,,,,,,,,,,,,,,
ncaa_baseball,2026-03-31,6589944,,,,,,,,,,,,,,,
nhl,2026-03-31,401803529,,,,,,,,,,,,,,,
nhl,2026-03-31,401803530,,,,,,,,,,,,,,,
nhl,2026-03-31,401803531,,,,,,,,,,,,,,,
nhl,2026-03-31,401803532,,,,,,,,,,,,,,,
nhl,2026-03-31,401803533,,,,,,,,,,,,,,,
nhl,2026-03-31,401803534,,,,,,,,,,,,,,,
nhl,2026-03-31,401803535,,,,,,,,,,,,,,,
nhl,2026-03-31,401803536,,,,,,,,,,,,,,,
nhl,2026-03-31,401803537,,,,,,,,,,,,,,,
nhl,2026-03-31,401803538,,,,,,,,,,,,,,,
kbo,2026-04-01,13262,,,,,,,,,,,,,,,
kbo,2026-04-01,13263,,,,,,,,,,,,,,,
kbo,2026-04-01,13264,,,,,,,,,,,,,,,
kbo,2026-04-01,13265,,,,,,,,,,,,,,,
kbo,2026-04-01,13266,,,,,,,,,,,,,,,
mlb,2026-04-01,401814764,,,,,,,,,,,,,,,
mlb,2026-04-01,401814765,,,,,,,,,,,,,,,
mlb,2026-04-01,401814766,,,,,,,,,,,,,,,
mlb,2026-04-01,401814767,,,,,,,,,,,,,,,
mlb,2026-04-01,401814768,,,,,,,,,,,,,,,
mlb,2026-04-01,401814769,,,,,,,,,,,,,,,
mlb,2026-04-01,401814770,,,,,,,,,,,,,,,
mlb,2026-04-01,401814771,,,,,,,,,,,,,,,
mlb,2026-04-01,401814772,,,,,,,,,,,,,,,
mlb,2026-04-01,401814773,,,,,,,,,,,,,,,
mlb,2026-04-01,401814774,,,,,,,,,,,,,,,
mlb,2026-04-01,401814775,,,,,,,,,,,,,,,
mlb,2026-04-01,401814776,,,,,,,,,,,,,,,
mlb,2026-04-01,401814777,,,,,,,,,,,,,,,
mlb,2026-04-01,401814778,,,,,,,,,,,,,,,
nba,2026-04-01,401810858,,,,,,,,,,,,,,,
nba,2026-04-01,401810960,,,,,,,,,,,,,,,
nba,2026-04-01,401810961,,,,,,,,,,,,,,,
nba,2026-04-01,401810962,,,,,,,,,,,,,,,
nba,2026-04-01,401810963,,,,,,,,,,,,,,,
nba,2026-04-01,401810964,,,,,,,,,,,,,,,
nba,2026-04-01,401810965,,,,,,,,,,,,,,,
nba,2026-04-01,401810967,,,,,,,,,,,,,,,
nba,2026-04-01,401810968,,,,,,,,,,,,,,,
ncaa_baseball,2026-04-01,6541302,,,,,,,,,,,,,,,
ncaa_baseball,2026-04-01,6544628,,,,,,,,,,,,,,,
ncaa_baseball,2026-04-01,6544749,,,,,,,,,,,,,,,
ncaa_baseball,2026-04-01,6549396,,,,,,,,,,,,,,,
ncaa_baseball,2026-04-01,6552704,,,,,,,,,,,,,,,
nhl,2026-04-01,401803539,,,,,,,,,,,,,,,
nhl,2026-04-01,401803540,,,,,,,,,,,,,,,
nhl,2026-04-01,401803541,,,,,,,,,,,,,,,
kbo,2026-04-02,13267,,,,,,,,,,,,,,,
kbo,2026-04-02,13268,,,,,,,,,,,,,,,
kbo,2026-04-02,13269,,,,,,,,,,,,,,,
kbo,2026-04-02,13270,,,,,,,,,,,,,,,
kbo,2026-04-02,13271,,,,,,,,,,,,,,,
mlb,2026-04-02,401814779,,,,,,,,,,,,,,,
mlb,2026-04-02,401814780,,,,,,,,,,,,,,,
mlb,2026-04-02,401814781,,,,,,,,,,,,,,,
mlb,2026-04-02,401814782,,,,,,,,,,,,,,,
nba,2026-04-02,401810969,,,,,,,,,,,,,,,
nba,2026-04-02,401810970,,,,,,,,,,,,,,,
nba,2026-04-02,401810971,,,,,,,,,,,,,,,
nba,2026-04-02,401810972,,,,,,,,,,,,,,,
nba,2026-04-02,401810973,,,,,,,,,,,,,,,
nba,2026-04-02,401810974,,,,,,,,,,,,,,,
ncaa_baseball,2026-04-02,6540371,,,,,,,,,,,,,,,
ncaa_baseball,2026-04-02,6540421,,,,,,,,,,,,,,,
ncaa_baseball,2026-04-02,6540475,,,,,,,,,,,,,,,
ncaa_baseball,2026-04-02,6540528,,,,,,,,,,,,,,,
ncaa_baseball,2026-04-02,6540590,,,,,,,,,,,,,,,
ncaa_baseball,2026-04-02,6540637,,,,,,,,,,,,,,,
ncaa_baseball,2026-04-02,6540692,,,,,,,,,,,,,,,
ncaa_baseball,2026-04-02,6540747,,,,,,,,,,,,,,,
ncaa_baseball,2026-04-02,6540800,,,,,,,,,,,,,,,
ncaa_baseball,2026-04-02,6540851,,,,,,,,,,,,,,,
ncaa_baseball,2026-04-02,6540907,,,,,,,,,,,,,,,
ncaa_baseball,2026-04-02,6540995,,,,,,,,,,,,,,,
ncaa_baseball,2026-04-02,6541081,,,,,,,,,,,,,,,
ncaa_baseball,2026-04-02,6541125,,,,,,,,,,,,,,,
ncaa_baseball,2026-04-02,6541251,,,,,,,,,,,,,,,
ncaa_baseball,2026-04-02,6541299,,,,,,,,,,,,,,,
ncaa_baseball,2026-04-02,6541379,,,,,,,,,,,,,,,
ncaa_baseball,2026-04-02,6541493,,,,,,,,,,,,,,,
ncaa_baseball,2026-04-02,6541546,,,,,,,,,,,,,,,
ncaa_baseball,2026-04-02,6541632,,,,,,,,,,,,,,,
ncaa_baseball,2026-04-02,6541694,,,,,,,,,,,,,,,
ncaa_baseball,2026-04-02,6541740,,,,,,,,,,,,,,,
ncaa_baseball,2026-04-02,6541768,,,,,,,,,,,,,,,
ncaa_baseball,2026-04-02,6541824,,,,,,,,,,,,,,,
ncaa_baseball,2026-04-02,6541885,,,,,,,,,,,,,,,
ncaa_baseball,2026-04-02,6541917,,,,,,,,,,,,,,,
ncaa_baseball,2026-04-02,6541956,,,,,,,,,,,,,,,
ncaa_baseball,2026-04-02,6542056,,,,,,,,,,,,,,,
ncaa_baseball,2026-04-02,6542061,,,,,,,,,,,,,,,
ncaa_baseball,2026-04-02,6542244,,,,,,,,,,,,,,,
ncaa_baseball,2026-04-02,6542258,,,,,,,,,,,,,,,
ncaa_baseball,2026-04-02,6542313,,,,,,,,,,,,,,,
ncaa_baseball,2026-04-02,6542361,,,,,,,,,,,,,,,
ncaa_baseball,2026-04-02,6542416,,,,,,,,,,,,,,,
ncaa_baseball,2026-04-02,6542454,,,,,,,,,,,,,,,
ncaa_baseball,2026-04-02,6542512,,,,,,,,,,,,,,,
ncaa_baseball,2026-04-02,6542571,,,,,,,,,,,,,,,
ncaa_baseball,2026-04-02,6542604,,,,,,,,,,,,,,,
ncaa_baseball,2026-04-02,6542655,,,,,,,,,,,,,,,
ncaa_baseball,2026-04-02,6542770,,,,,,,,,,,,,,,
ncaa_baseball,2026-04-02,6542939,,,,,,,,,,,,,,,
ncaa_baseball,2026-04-02,6543212,,,,,,,,,,,,,,,
ncaa_baseball,2026-04-02,6543373,,,,,,,,,,,,,,,
ncaa_baseball,2026-04-02,6543632,,,,,,,,,,,,,,,
ncaa_baseball,2026-04-02,6543634,,,,,,,,,,,,,,,
ncaa_baseball,2026-04-02,6543762,,,,,,,,,,,,,,,
ncaa_baseball,2026-04-02,6543925,,,,,,,,,,,,,,,
ncaa_baseball,2026-04-02,6544008,,,,,,,,,,,,,,,
ncaa_baseball,2026-04-02,6544117,,,,,,,,,,,,,,,
ncaa_baseball,2026-04-02,6544469,,,,,,,,,,,,,,,
ncaa_baseball,2026-04-02,6544534,,,,,,,,,,,,,,,
ncaa_baseball,2026-04-02,6544630,,,,,,,,,,,,,,,
ncaa_baseball,2026-04-02,6544751,,,,,,,,,,,,,,,
ncaa_baseball,2026-04-02,6544812,,,,,,,,,,,,,,,
ncaa_baseball,2026-04-02,6544979,,,,,,,,,,,,,,,
ncaa_baseball,2026-04-02,6545071,,,,,,,,,,,,,,,
ncaa_baseball,2026-04-02,6545333,,,,,,,,,,,,,,,
ncaa_baseball,2026-04-02,6545407,,,,,,,,,,,,,,,
ncaa_baseball,2026-04-02,6545488,,,,,,,,,,,,,,,
ncaa_baseball,2026-04-02,6545868,,,,,,,,,,,,,,,
ncaa_baseball,2026-04-02,6545974,,,,,,,,,,,,,,,
ncaa_baseball,2026-04-02,6546278,,,,,,,,,,,,,,,
ncaa_baseball,2026-04-02,6546334,,,,,,,,,,,,,,,
ncaa_baseball,2026-04-02,6546427,,,,,,,,,,,,,,,
ncaa_baseball,2026-04-02,6546578,,,,,,,,,,,,,,,
ncaa_baseball,2026-04-02,6546632,,,,,,,,,,,,,,,
ncaa_baseball,2026-04-02,6546835,,,,,,,,,,,,,,,
ncaa_baseball,2026-04-02,6546870,,,,,,,,,,,,,,,
ncaa_baseball,2026-04-02,6546999,,,,,,,,,,,,,,,
ncaa_baseball,2026-04-02,6547080,,,,,,,,,,,,,,,
ncaa_baseball,2026-04-02,6547198,,,,,,,,,,,,,,,
ncaa_baseball,2026-04-02,6547339,,,,,,,,,,,,,,,
ncaa_baseball,2026-04-02,6547381,,,,,,,,,,,,,,,
ncaa_baseball,2026-04-02,6547518,,,,,,,,,,,,,,,
ncaa_baseball,2026-04-02,6547751,,,,,,,,,,,,,,,
ncaa_baseball,2026-04-02,6547806,,,,,,,,,,,,,,,
ncaa_baseball,2026-04-02,6547880,,,,,,,,,,,,,,,
ncaa_baseball,2026-04-02,6547931,,,,,,,,,,,,,,,
ncaa_baseball,2026-04-02,6547972,,,,,,,,,,,,,,,
ncaa_baseball,2026-04-02,6548099,,,,,,,,,,,,,,,
ncaa_baseball,2026-04-02,6548340,,,,,,,,,,,,,,,
ncaa_baseball,2026-04-02,6548465,,,,,,,,,,,,,,,
ncaa_baseball,2026-04-02,6548545,,,,,,,,,,,,,,,
ncaa_baseball,2026-04-02,6548641,,,,,,,,,,,,,,,
ncaa_baseball,2026-04-02,6549040,,,,,,,,,,,,,,,
ncaa_baseball,2026-04-02,6549080,,,,,,,,,,,,,,,
ncaa_baseball,2026-04-02,6549260,,,,,,,,,,,,,,,
ncaa_baseball,2026-04-02,6549387,,,,,,,,,,,,,,,
ncaa_baseball,2026-04-02,6549580,,,,,,,,,,,,,,,
ncaa_baseball,2026-04-02,6549786,,,,,,,,,,,,,,,
ncaa_baseball,2026-04-02,6549917,,,,,,,,,,,,,,,
ncaa_baseball,2026-04-02,6550074,,,,,,,,,,,,,,,
ncaa_baseball,2026-04-02,6550187,,,,,,,,,,,,,,,
ncaa_baseball,2026-04-02,6550231,,,,,,,,,,,,,,,
ncaa_baseball,2026-04-02,6550296,,,,,,,,,,,,,,,
ncaa_baseball,2026-04-02,6550498,,,,,,,,,,,,,,,
ncaa_baseball,2026-04-02,6550872,,,,,,,,,,,,,,,
ncaa_baseball,2026-04-02,6550984,,,,,,,,,,,,,,,
ncaa_baseball,2026-04-02,6551036,,,,,,,,,,,,,,,
ncaa_baseball,2026-04-02,6551156,,,,,,,,,,,,,,,
ncaa_baseball,2026-04-02,6551453,,,,,,,,,,,,,,,
ncaa_baseball,2026-04-02,6551509,,,,,,,,,,,,,,,
ncaa_baseball,2026-04-02,6551541,,,,,,,,,,,,,,,
ncaa_baseball,2026-04-02,6551598,,,,,,,,,,,,,,,
ncaa_baseball,2026-04-02,6551707,,,,,,,,,,,,,,,
ncaa_baseball,2026-04-02,6551881,,,,,,,,,,,,,,,
ncaa_baseball,2026-04-02,6552135,,,,,,,,,,,,,,,
ncaa_baseball,2026-04-02,6552152,,,,,,,,,,,,,,,
ncaa_baseball,2026-04-02,6552353,,,,,,,,,,,,,,,
ncaa_baseball,2026-04-02,6552464,,,,,,,,,,,,,,,
ncaa_baseball,2026-04-02,6552607,,,,,,,,,,,,,,,
ncaa_baseball,2026-04-02,6552679,,,,,,,,,,,,,,,
ncaa_baseball,2026-04-02,6552784,,,,,,,,,,,,,,,
ncaa_baseball,2026-04-02,6585668,,,,,,,,,,,,,,,
ncaa_baseball,2026-04-02,6585809,,,,,,,,,,,,,,,
ncaa_baseball,2026-04-02,6585833,,,,,,,,,,,,,,,
ncaa_baseball,2026-04-02,6587537,,,,,,,,,,,,,,,
ncaa_baseball,2026-04-02,6588160,,,,,,,,,,,,,,,
ncaa_baseball,2026-04-02,6589439,,,,,,,,,,,,,,,
ncaa_baseball,2026-04-02,6589929,,,,,,,,,,,,,,,
ncaa_baseball,2026-04-02,6589971,,,,,,,,,,,,,,,
nhl,2026-04-02,401803542,,,,,,,,,,,,,,,
nhl,2026-04-02,401803543,,,,,,,,,,,,,,,
nhl,2026-04-02,401803544,,,,,,,,,,,,,,,
nhl,2026-04-02,401803545,,,,,,,,,,,,,,,
nhl,2026-04-02,401803546,,,,,,,,,,,,,,,
nhl,2026-04-02,401803547,,,,,,,,,,,,,,,
nhl,2026-04-02,401803548,,,,,,,,,,,,,,,
nhl,2026-04-02,401803549,,,,,,,,,,,,,,,
nhl,2026-04-02,401803550,,,,,,,,,,,,,,,
nhl,2026-04-02,401803551,,,,,,,,,,,,,,,
nhl,2026-04-02,401803552,,,,,,,,,,,,,,,
nhl,2026-04-02,401803553,,,,,,,,,,,,,,,
nhl,2026-04-02,401803554,,,,,,,,,,,,,,,
nhl,2026-04-02,401803555,,,,,,,,,,,,,,,
kbo,2026-04-03,13272,,,,,,,,,,,,,,,
kbo,2026-04-03,13273,,,,,,,,,,,,,,,
kbo,2026-04-03,13274,,,,,,,,,,,,,,,
kbo,2026-04-03,13275,,,,,,,,,,,,,,,
kbo,2026-04-03,13276,,,,,,,,,,,,,,,
laliga,2026-04-03,748443,,,,,,,,,,,,,,,
liga_mx,2026-04-03,401840923,,,,,,,,,,,,,,,
liga_mx,2026-04-03,401840924,,,,,,,,,,,,,,,
liga_mx,2026-04-03,401840925,,,,,,,,,,,,,,,
mlb,2026-04-03,401814783,,,,,,,,,,,,,,,
mlb,2026-04-03,401814784,,,,,,,,,,,,,,,
mlb,2026-04-03,401814785,,,,,,,,,,,,,,,
mlb,2026-04-03,401814786,,,,,,,,,,,,,,,
mlb,2026-04-03,401814787,,,,,,,,,,,,,,,
mlb,2026-04-03,401814788,,,,,,,,,,,,,,,
mlb,2026-04-03,401814789,,,,,,,,,,,,,,,
mlb,2026-04-03,401814790,,,,,,,,,,,,,,,
mlb,2026-04-03,401814791,,,,,,,,,,,,,,,
mlb,2026-04-03,401814792,,,,,,,,,,,,,,,
mlb,2026-04-03,401814793,,,,,,,,,,,,,,,
mlb,2026-04-03,401814794,,,,,,,,,,,,,,,
mlb,2026-04-03,401814795,,,,,,,,,,,,,,,
mlb,2026-04-03,401814796,,,,,,,,,,,,,,,
nba,2026-04-03,401810975,,,,,,,,,,,,,,,
nba,2026-04-03,401810976,,,,,,,,,,,,,,,
nba,2026-04-03,401810977,,,,,,,,,,,,,,,
nba,2026-04-03,401810978,,,,,,,,,,,,,,,
nba,2026-04-03,401810979,,,,,,,,,,,,,,,
nba,2026-04-03,401810980,,,,,,,,,,,,,,,
nba,2026-04-03,401810981,,,,,,,,,,,,,,,
nba,2026-04-03,401810982,,,,,,,,,,,,,,,
nba,2026-04-03,401810983,,,,,,,,,,,,,,,
ncaa_baseball,2026-04-03,6540372,,,,,,,,,,,,,,,
ncaa_baseball,2026-04-03,6540422,,,,,,,,,,,,,,,
ncaa_baseball,2026-04-03,6540476,,,,,,,,,,,,,,,
ncaa_baseball,2026-04-03,6540529,,,,,,,,,,,,,,,
ncaa_baseball,2026-04-03,6540591,,,,,,,,,,,,,,,
ncaa_baseball,2026-04-03,6540638,,,,,,,,,,,,,,,
ncaa_baseball,2026-04-03,6540693,,,,,,,,,,,,,,,
ncaa_baseball,2026-04-03,6540748,,,,,,,,,,,,,,,
ncaa_baseball,2026-04-03,6540801,,,,,,,,,,,,,,,
ncaa_baseball,2026-04-03,6540852,,,,,,,,,,,,,,,
ncaa_baseball,2026-04-03,6540908,,,,,,,,,,,,,,,
ncaa_baseball,2026-04-03,6540996,,,,,,,,,,,,,,,
ncaa_baseball,2026-04-03,6541083,,,,,,,,,,,,,,,
ncaa_baseball,2026-04-03,6541106,,,,,,,,,,,,,,,
ncaa_baseball,2026-04-03,6541126,,,,,,,,,,,,,,,
ncaa_baseball,2026-04-03,6541253,,,,,,,,,,,,,,,
ncaa_baseball,2026-04-03,6541284,,,,,,,,,,,,,,,
ncaa_baseball,2026-04-03,6541300,,,,,,,,,,,,,,,
ncaa_baseball,2026-04-03,6541304,,,,,,,,,,,,,,,
ncaa_baseball,2026-04-03,6541380,,,,,,,,,,,,,,,
ncaa_baseball,2026-04-03,6541494,,,,,,,,,,,,,,,
ncaa_baseball,2026-04-03,6541547,,,,,,,,,,,,,,,
ncaa_baseball,2026-04-03,6541606,,,,,,,,,,,,,,,
ncaa_baseball,2026-04-03,6541634,,,,,,,,,,,,,,,
ncaa_baseball,2026-04-03,6541693,,,,,,,,,,,,,,,
ncaa_baseball,2026-04-03,6541741,,,,,,,,,,,,,,,
ncaa_baseball,2026-04-03,6541769,,,,,,,,,,,,,,,
ncaa_baseball,2026-04-03,6541825,,,,,,,,,,,,,,,
ncaa_baseball,2026-04-03,6541886,,,,,,,,,,,,,,,
ncaa_baseball,2026-04-03,6541918,,,,,,,,,,,,,,,
ncaa_baseball,2026-04-03,6541957,,,,,,,,,,,,,,,
ncaa_baseball,2026-04-03,6542058,,,,,,,,,,,,,,,
ncaa_baseball,2026-04-03,6542064,,,,,,,,,,,,,,,
ncaa_baseball,2026-04-03,6542181,,,,,,,,,,,,,,,
ncaa_baseball,2026-04-03,6542245,,,,,,,,,,,,,,,
ncaa_baseball,2026-04-03,6542260,,,,,,,,,,,,,,,
ncaa_baseball,2026-04-03,6542314,,,,,,,,,,,,,,,
ncaa_baseball,2026-04-03,6542362,,,,,,,,,,,,,,,
ncaa_baseball,2026-04-03,6542420,,,,,,,,,,,,,,,
ncaa_baseball,2026-04-03,6542455,,,,,,,,,,,,,,,
ncaa_baseball,2026-04-03,6542513,,,,,,,,,,,,,,,
ncaa_baseball,2026-04-03,6542572,,,,,,,,,,,,,,,
ncaa_baseball,2026-04-03,6542605,,,,,,,,,,,,,,,
ncaa_baseball,2026-04-03,6542656,,,,,,,,,,,,,,,
ncaa_baseball,2026-04-03,6542771,,,,,,,,,,,,,,,
ncaa_baseball,2026-04-03,6542835,,,,,,,,,,,,,,,
ncaa_baseball,2026-04-03,6542941,,,,,,,,,,,,,,,
ncaa_baseball,2026-04-03,6543123,,,,,,,,,,,,,,,
ncaa_baseball,2026-04-03,6543214,,,,,,,,,,,,,,,
ncaa_baseball,2026-04-03,6543375,,,,,,,,,,,,,,,
ncaa_baseball,2026-04-03,6543501,,,,,,,,,,,,,,,
ncaa_baseball,2026-04-03,6543636,,,,,,,,,,,,,,,
ncaa_baseball,2026-04-03,6543638,,,,,,,,,,,,,,,
ncaa_baseball,2026-04-03,6543764,,,,,,,,,,,,,,,
ncaa_baseball,2026-04-03,6543927,,,,,,,,,,,,,,,
ncaa_baseball,2026-04-03,6544010,,,,,,,,,,,,,,,
ncaa_baseball,2026-04-03,6544119,,,,,,,,,,,,,,,
ncaa_baseball,2026-04-03,6544374,,,,,,,,,,,,,,,
ncaa_baseball,2026-04-03,6544473,,,,,,,,,,,,,,,
ncaa_baseball,2026-04-03,6544536,,,,,,,,,,,,,,,
ncaa_baseball,2026-04-03,6544632,,,,,,,,,,,,,,,
ncaa_baseball,2026-04-03,6544753,,,,,,,,,,,,,,,
ncaa_baseball,2026-04-03,6544814,,,,,,,,,,,,,,,
ncaa_baseball,2026-04-03,6544891,,,,,,,,,,,,,,,
ncaa_baseball,2026-04-03,6544981,,,,,,,,,,,,,,,
ncaa_baseball,2026-04-03,6545073,,,,,,,,,,,,,,,
ncaa_baseball,2026-04-03,6545147,,,,,,,,,,,,,,,
ncaa_baseball,2026-04-03,6545335,,,,,,,,,,,,,,,
ncaa_baseball,2026-04-03,6545409,,,,,,,,,,,,,,,
ncaa_baseball,2026-04-03,6545490,,,,,,,,,,,,,,,
ncaa_baseball,2026-04-03,6545701,,,,,,,,,,,,,,,
ncaa_baseball,2026-04-03,6545870,,,,,,,,,,,,,,,
ncaa_baseball,2026-04-03,6545976,,,,,,,,,,,,,,,
ncaa_baseball,2026-04-03,6546280,,,,,,,,,,,,,,,
ncaa_baseball,2026-04-03,6546336,,,,,,,,,,,,,,,
ncaa_baseball,2026-04-03,6546429,,,,,,,,,,,,,,,
ncaa_baseball,2026-04-03,6546580,,,,,,,,,,,,,,,
ncaa_baseball,2026-04-03,6546634,,,,,,,,,,,,,,,
ncaa_baseball,2026-04-03,6546837,,,,,,,,,,,,,,,
ncaa_baseball,2026-04-03,6546872,,,,,,,,,,,,,,,
ncaa_baseball,2026-04-03,6547001,,,,,,,,,,,,,,,
ncaa_baseball,2026-04-03,6547082,,,,,,,,,,,,,,,
ncaa_baseball,2026-04-03,6547200,,,,,,,,,,,,,,,
ncaa_baseball,2026-04-03,6547341,,,,,,,,,,,,,,,
ncaa_baseball,2026-04-03,6547383,,,,,,,,,,,,,,,
ncaa_baseball,2026-04-03,6547522,,,,,,,,,,,,,,,
ncaa_baseball,2026-04-03,6547599,,,,,,,,,,,,,,,
ncaa_baseball,2026-04-03,6547753,,,,,,,,,,,,,,,
ncaa_baseball,2026-04-03,6547808,,,,,,,,,,,,,,,
ncaa_baseball,2026-04-03,6547882,,,,,,,,,,,,,,,
ncaa_baseball,2026-04-03,6547933,,,,,,,,,,,,,,,
ncaa_baseball,2026-04-03,6547976,,,,,,,,,,,,,,,
ncaa_baseball,2026-04-03,6548101,,,,,,,,,,,,,,,
ncaa_baseball,2026-04-03,6548344,,,,,,,,,,,,,,,
ncaa_baseball,2026-04-03,6548467,,,,,,,,,,,,,,,
ncaa_baseball,2026-04-03,6548547,,,,,,,,,,,,,,,
ncaa_baseball,2026-04-03,6548643,,,,,,,,,,,,,,,
ncaa_baseball,2026-04-03,6548786,,,,,,,,,,,,,,,
ncaa_baseball,2026-04-03,6549042,,,,,,,,,,,,,,,
ncaa_baseball,2026-04-03,6549082,,,,,,,,,,,,,,,
ncaa_baseball,2026-04-03,6549157,,,,,,,,,,,,,,,
ncaa_baseball,2026-04-03,6549262,,,,,,,,,,,,,,,
ncaa_baseball,2026-04-03,6549393,,,,,,,,,,,,,,,
ncaa_baseball,2026-04-03,6549555,,,,,,,,,,,,,,,
ncaa_baseball,2026-04-03,6549582,,,,,,,,,,,,,,,
ncaa_baseball,2026-04-03,6549790,,,,,,,,,,,,,,,
ncaa_baseball,2026-04-03,6549921,,,,,,,,,,,,,,,
ncaa_baseball,2026-04-03,6550010,,,,,,,,,,,,,,,
ncaa_baseball,2026-04-03,6550078,,,,,,,,,,,,,,,
ncaa_baseball,2026-04-03,6550189,,,,,,,,,,,,,,,
ncaa_baseball,2026-04-03,6550298,,,,,,,,,,,,,,,
ncaa_baseball,2026-04-03,6550500,,,,,,,,,,,,,,,
ncaa_baseball,2026-04-03,6550874,,,,,,,,,,,,,,,
ncaa_baseball,2026-04-03,6550902,,,,,,,,,,,,,,,
ncaa_baseball,2026-04-03,6550986,,,,,,,,,,,,,,,
ncaa_baseball,2026-04-03,6551038,,,,,,,,,,,,,,,
ncaa_baseball,2026-04-03,6551158,,,,,,,,,,,,,,,
ncaa_baseball,2026-04-03,6551455,,,,,,,,,,,,,,,
ncaa_baseball,2026-04-03,6551511,,,,,,,,,,,,,,,
ncaa_baseball,2026-04-03,6551543,,,,,,,,,,,,,,,
ncaa_baseball,2026-04-03,6551602,,,,,,,,,,,,,,,
ncaa_baseball,2026-04-03,6551660,,,,,,,,,,,,,,,
ncaa_baseball,2026-04-03,6551709,,,,,,,,,,,,,,,
ncaa_baseball,2026-04-03,6551883,,,,,,,,,,,,,,,
ncaa_baseball,2026-04-03,6552041,,,,,,,,,,,,,,,
ncaa_baseball,2026-04-03,6552137,,,,,,,,,,,,,,,
ncaa_baseball,2026-04-03,6552154,,,,,,,,,,,,,,,
ncaa_baseball,2026-04-03,6552238,,,,,,,,,,,,,,,
ncaa_baseball,2026-04-03,6552355,,,,,,,,,,,,,,,
ncaa_baseball,2026-04-03,6552466,,,,,,,,,,,,,,,
ncaa_baseball,2026-04-03,6552609,,,,,,,,,,,,,,,
ncaa_baseball,2026-04-03,6552681,,,,,,,,,,,,,,,
ncaa_baseball,2026-04-03,6552786,,,,,,,,,,,,,,,
ncaa_baseball,2026-04-03,6585392,,,,,,,,,,,,,,,
ncaa_baseball,2026-04-03,6585670,,,,,,,,,,,,,,,
ncaa_baseball,2026-04-03,6585810,,,,,,,,,,,,,,,
ncaa_baseball,2026-04-03,6585834,,,,,,,,,,,,,,,
ncaa_baseball,2026-04-03,6587538,,,,,,,,,,,,,,,
ncaa_baseball,2026-04-03,6588162,,,,,,,,,,,,,,,
ncaa_baseball,2026-04-03,6588741,,,,,,,,,,,,,,,
ncaa_baseball,2026-04-03,6589440,,,,,,,,,,,,,,,
ncaa_baseball,2026-04-03,6589931,,,,,,,,,,,,,,,
ncaa_baseball,2026-04-03,6589972,,,,,,,,,,,,,,,
ncaa_baseball,2026-04-03,6589990,,,,,,,,,,,,,,,
nhl,2026-04-03,401803556,,,,,,,,,,,,,,,
nhl,2026-04-03,401803557,,,,,,,,,,,,,,,
kbo,2026-04-04,13277,,,,,,,,,,,,,,,
kbo,2026-04-04,13278,,,,,,,,,,,,,,,
kbo,2026-04-04,13279,,,,,,,,,,,,,,,
kbo,2026-04-04,13280,,,,,,,,,,,,,,,
kbo,2026-04-04,13281,,,,,,,,,,,,,,,
laliga,2026-04-04,748434,,,,,,,,,,,,,,,
laliga,2026-04-04,748437,,,,,,,,,,,,,,,
laliga,2026-04-04,748439,,,,,,,,,,,,,,,
laliga,2026-04-04,748442,,,,,,,,,,,,,,,
liga_mx,2026-04-04,401840926,,,,,,,,,,,,,,,
liga_mx,2026-04-04,401840927,,,,,,,,,,,,,,,
liga_mx,2026-04-04,401840928,,,,,,,,,,,,,,,
liga_mx,2026-04-04,401840929,,,,,,,,,,,,,,,
mlb,2026-04-04,401814797,,,,,,,,,,,,,,,
mlb,2026-04-04,401814798,,,,,,,,,,,,,,,
mlb,2026-04-04,401814799,,,,,,,,,,,,,,,
mlb,2026-04-04,401814800,,,,,,,,,,,,,,,
mlb,2026-04-04,401814801,,,,,,,,,,,,,,,
mlb,2026-04-04,401814802,,,,,,,,,,,,,,,
mlb,2026-04-04,401814803,,,,,,,,,,,,,,,
mlb,2026-04-04,401814804,,,,,,,,,,,,,,,
mlb,2026-04-04,401814805,,,,,,,,,,,,,,,
mlb,2026-04-04,401814806,,,,,,,,,,,,,,,
mlb,2026-04-04,401814807,,,,,,,,,,,,,,,
mlb,2026-04-04,401814808,,,,,,,,,,,,,,,
mlb,2026-04-04,401814809,,,,,,,,,,,,,,,
mlb,2026-04-04,401814810,,,,,,,,,,,,,,,
mlb,2026-04-04,401814811,,,,,,,,,,,,,,,
nba,2026-04-04,401810984,,,,,,,,,,,,,,,
nba,2026-04-04,401810985,,,,,,,,,,,,,,,
nba,2026-04-04,401810986,,,,,,,,,,,,,,,
ncaa_baseball,2026-04-04,6540373,,,,,,,,,,,,,,,
ncaa_baseball,2026-04-04,6540423,,,,,,,,,,,,,,,
ncaa_baseball,2026-04-04,6540477,,,,,,,,,,,,,,,
ncaa_baseball,2026-04-04,6540530,,,,,,,,,,,,,,,
ncaa_baseball,2026-04-04,6540592,,,,,,,,,,,,,,,
ncaa_baseball,2026-04-04,6540639,,,,,,,,,,,,,,,
ncaa_baseball,2026-04-04,6540694,,,,,,,,,,,,,,,
ncaa_baseball,2026-04-04,6540749,,,,,,,,,,,,,,,
ncaa_baseball,2026-04-04,6540802,,,,,,,,,,,,,,,
ncaa_baseball,2026-04-04,6540853,,,,,,,,,,,,,,,
ncaa_baseball,2026-04-04,6540909,,,,,,,,,,,,,,,
ncaa_baseball,2026-04-04,6540951,,,,,,,,,,,,,,,
ncaa_baseball,2026-04-04,6540952,,,,,,,,,,,,,,,
ncaa_baseball,2026-04-04,6540997,,,,,,,,,,,,,,,
ncaa_baseball,2026-04-04,6541085,,,,,,,,,,,,,,,
ncaa_baseball,2026-04-04,6541108,,,,,,,,,,,,,,,
ncaa_baseball,2026-04-04,6541129,,,,,,,,,,,,,,,
ncaa_baseball,2026-04-04,6541254,,,,,,,,,,,,,,,
ncaa_baseball,2026-04-04,6541287,,,,,,,,,,,,,,,
ncaa_baseball,2026-04-04,6541301,,,,,,,,,,,,,,,
ncaa_baseball,2026-04-04,6541306,,,,,,,,,,,,,,,
ncaa_baseball,2026-04-04,6541381,,,,,,,,,,,,,,,
ncaa_baseball,2026-04-04,6541495,,,,,,,,,,,,,,,
ncaa_baseball,2026-04-04,6541548,,,,,,,,,,,,,,,
ncaa_baseball,2026-04-04,6541608,,,,,,,,,,,,,,,
ncaa_baseball,2026-04-04,6541635,,,,,,,,,,,,,,,
ncaa_baseball,2026-04-04,6541695,,,,,,,,,,,,,,,
ncaa_baseball,2026-04-04,6541742,,,,,,,,,,,,,,,
ncaa_baseball,2026-04-04,6541770,,,,,,,,,,,,,,,
ncaa_baseball,2026-04-04,6541826,,,,,,,,,,,,,,,
ncaa_baseball,2026-04-04,6541888,,,,,,,,,,,,,,,
ncaa_baseball,2026-04-04,6541919,,,,,,,,,,,,,,,
ncaa_baseball,2026-04-04,6541958,,,,,,,,,,,,,,,
ncaa_baseball,2026-04-04,6542059,,,,,,,,,,,,,,,
ncaa_baseball,2026-04-04,6542065,,,,,,,,,,,,,,,
ncaa_baseball,2026-04-04,6542182,,,,,,,,,,,,,,,
ncaa_baseball,2026-04-04,6542246,,,,,,,,,,,,,,,
ncaa_baseball,2026-04-04,6542263,,,,,,,,,,,,,,,
ncaa_baseball,2026-04-04,6542315,,,,,,,,,,,,,,,
ncaa_baseball,2026-04-04,6542363,,,,,,,,,,,,,,,
ncaa_baseball,2026-04-04,6542425,,,,,,,,,,,,,,,
ncaa_baseball,2026-04-04,6542456,,,,,,,,,,,,,,,
ncaa_baseball,2026-04-04,6542514,,,,,,,,,,,,,,,
ncaa_baseball,2026-04-04,6542573,,,,,,,,,,,,,,,
ncaa_baseball,2026-04-04,6542606,,,,,,,,,,,,,,,
ncaa_baseball,2026-04-04,6542657,,,,,,,,,,,,,,,
ncaa_baseball,2026-04-04,6542772,,,,,,,,,,,,,,,
ncaa_baseball,2026-04-04,6542837,,,,,,,,,,,,,,,
ncaa_baseball,2026-04-04,6542943,,,,,,,,,,,,,,,
ncaa_baseball,2026-04-04,6543124,,,,,,,,,,,,,,,
ncaa_baseball,2026-04-04,6543216,,,,,,,,,,,,,,,
ncaa_baseball,2026-04-04,6543377,,,,,,,,,,,,,,,
ncaa_baseball,2026-04-04,6543503,,,,,,,,,,,,,,,
ncaa_baseball,2026-04-04,6543640,,,,,,,,,,,,,,,
ncaa_baseball,2026-04-04,6543642,,,,,,,,,,,,,,,
ncaa_baseball,2026-04-04,6543766,,,,,,,,,,,,,,,
ncaa_baseball,2026-04-04,6543929,,,,,,,,,,,,,,,
ncaa_baseball,2026-04-04,6544012,,,,,,,,,,,,,,,
ncaa_baseball,2026-04-04,6544120,,,,,,,,,,,,,,,
ncaa_baseball,2026-04-04,6544376,,,,,,,,,,,,,,,
ncaa_baseball,2026-04-04,6544477,,,,,,,,,,,,,,,
ncaa_baseball,2026-04-04,6544540,,,,,,,,,,,,,,,
ncaa_baseball,2026-04-04,6544634,,,,,,,,,,,,,,,
ncaa_baseball,2026-04-04,6544755,,,,,,,,,,,,,,,
ncaa_baseball,2026-04-04,6544816,,,,,,,,,,,,,,,
ncaa_baseball,2026-04-04,6544893,,,,,,,,,,,,,,,
ncaa_baseball,2026-04-04,6544983,,,,,,,,,,,,,,,
ncaa_baseball,2026-04-04,6545075,,,,,,,,,,,,,,,
ncaa_baseball,2026-04-04,6545149,,,,,,,,,,,,,,,
ncaa_baseball,2026-04-04,6545337,,,,,,,,,,,,,,,
ncaa_baseball,2026-04-04,6545413,,,,,,,,,,,,,,,
ncaa_baseball,2026-04-04,6545492,,,,,,,,,,,,,,,
ncaa_baseball,2026-04-04,6545702,,,,,,,,,,,,,,,
ncaa_baseball,2026-04-04,6545872,,,,,,,,,,,,,,,
ncaa_baseball,2026-04-04,6545978,,,,,,,,,,,,,,,
ncaa_baseball,2026-04-04,6546282,,,,,,,,,,,,,,,
ncaa_baseball,2026-04-04,6546338,,,,,,,,,,,,,,,
ncaa_baseball,2026-04-04,6546431,,,,,,,,,,,,,,,
ncaa_baseball,2026-04-04,6546582,,,,,,,,,,,,,,,
ncaa_baseball,2026-04-04,6546636,,,,,,,,,,,,,,,
ncaa_baseball,2026-04-04,6546839,,,,,,,,,,,,,,,
ncaa_baseball,2026-04-04,6546874,,,,,,,,,,,,,,,
ncaa_baseball,2026-04-04,6547003,,,,,,,,,,,,,,,
ncaa_baseball,2026-04-04,6547084,,,,,,,,,,,,,,,
ncaa_baseball,2026-04-04,6547202,,,,,,,,,,,,,,,
ncaa_baseball,2026-04-04,6547343,,,,,,,,,,,,,,,
ncaa_baseball,2026-04-04,6547385,,,,,,,,,,,,,,,
ncaa_baseball,2026-04-04,6547524,,,,,,,,,,,,,,,
ncaa_baseball,2026-04-04,6547601,,,,,,,,,,,,,,,
ncaa_baseball,2026-04-04,6547755,,,,,,,,,,,,,,,
ncaa_baseball,2026-04-04,6547810,,,,,,,,,,,,,,,
ncaa_baseball,2026-04-04,6547884,,,,,,,,,,,,,,,
ncaa_baseball,2026-04-04,6547935,,,,,,,,,,,,,,,
ncaa_baseball,2026-04-04,6547978,,,,,,,,,,,,,,,
ncaa_baseball,2026-04-04,6548035,,,,,,,,,,,,,,,
ncaa_baseball,2026-04-04,6548037,,,,,,,,,,,,,,,
ncaa_baseball,2026-04-04,6548103,,,,,,,,,,,,,,,
ncaa_baseball,2026-04-04,6548245,,,,,,,,,,,,,,,
ncaa_baseball,2026-04-04,6548247,,,,,,,,,,,,,,,
ncaa_baseball,2026-04-04,6548346,,,,,,,,,,,,,,,
ncaa_baseball,2026-04-04,6548469,,,,,,,,,,,,,,,
ncaa_baseball,2026-04-04,6548549,,,,,,,,,,,,,,,
ncaa_baseball,2026-04-04,6548645,,,,,,,,,,,,,,,
ncaa_baseball,2026-04-04,6548788,,,,,,,,,,,,,,,
ncaa_baseball,2026-04-04,6549044,,,,,,,,,,,,,,,
ncaa_baseball,2026-04-04,6549086,,,,,,,,,,,,,,,
ncaa_baseball,2026-04-04,6549159,,,,,,,,,,,,,,,
ncaa_baseball,2026-04-04,6549264,,,,,,,,,,,,,,,
ncaa_baseball,2026-04-04,6549394,,,,,,,,,,,,,,,
ncaa_baseball,2026-04-04,6549557,,,,,,,,,,,,,,,
ncaa_baseball,2026-04-04,6549584,,,,,,,,,,,,,,,
ncaa_baseball,2026-04-04,6549698,,,,,,,,,,,,,,,
ncaa_baseball,2026-04-04,6549700,,,,,,,,,,,,,,,
ncaa_baseball,2026-04-04,6549792,,,,,,,,,,,,,,,
ncaa_baseball,2026-04-04,6549925,,,,,,,,,,,,,,,
ncaa_baseball,2026-04-04,6550012,,,,,,,,,,,,,,,
ncaa_baseball,2026-04-04,6550082,,,,,,,,,,,,,,,
ncaa_baseball,2026-04-04,6550193,,,,,,,,,,,,,,,
ncaa_baseball,2026-04-04,6550233,,,,,,,,,,,,,,,
ncaa_baseball,2026-04-04,6550235,,,,,,,,,,,,,,,
ncaa_baseball,2026-04-04,6550300,,,,,,,,,,,,,,,
ncaa_baseball,2026-04-04,6550501,,,,,,,,,,,,,,,
ncaa_baseball,2026-04-04,6550700,,,,,,,,,,,,,,,
ncaa_baseball,2026-04-04,6550737,,,,,,,,,,,,,,,
ncaa_baseball,2026-04-04,6550876,,,,,,,,,,,,,,,
ncaa_baseball,2026-04-04,6550904,,,,,,,,,,,,,,,
ncaa_baseball,2026-04-04,6550988,,,,,,,,,,,,,,,
ncaa_baseball,2026-04-04,6551040,,,,,,,,,,,,,,,
ncaa_baseball,2026-04-04,6551160,,,,,,,,,,,,,,,
ncaa_baseball,2026-04-04,6551457,,,,,,,,,,,,,,,
ncaa_baseball,2026-04-04,6551513,,,,,,,,,,,,,,,
ncaa_baseball,2026-04-04,6551545,,,,,,,,,,,,,,,
ncaa_baseball,2026-04-04,6551604,,,,,,,,,,,,,,,
ncaa_baseball,2026-04-04,6551662,,,,,,,,,,,,,,,
ncaa_baseball,2026-04-04,6551711,,,,,,,,,,,,,,,
ncaa_baseball,2026-04-04,6551885,,,,,,,,,,,,,,,
ncaa_baseball,2026-04-04,6552006,,,,,,,,,,,,,,,
ncaa_baseball,2026-04-04,6552008,,,,,,,,,,,,,,,
ncaa_baseball,2026-04-04,6552043,,,,,,,,,,,,,,,
ncaa_baseball,2026-04-04,6552141,,,,,,,,,,,,,,,
ncaa_baseball,2026-04-04,6552156,,,,,,,,,,,,,,,
ncaa_baseball,2026-04-04,6552240,,,,,,,,,,,,,,,
ncaa_baseball,2026-04-04,6552322,,,,,,,,,,,,,,,
ncaa_baseball,2026-04-04,6552324,,,,,,,,,,,,,,,
ncaa_baseball,2026-04-04,6552357,,,,,,,,,,,,,,,
ncaa_baseball,2026-04-04,6552468,,,,,,,,,,,,,,,
ncaa_baseball,2026-04-04,6552611,,,,,,,,,,,,,,,
ncaa_baseball,2026-04-04,6552683,,,,,,,,,,,,,,,
ncaa_baseball,2026-04-04,6552788,,,,,,,,,,,,,,,
ncaa_baseball,2026-04-04,6585393,,,,,,,,,,,,,,,
ncaa_baseball,2026-04-04,6585669,,,,,,,,,,,,,,,
ncaa_baseball,2026-04-04,6585811,,,,,,,,,,,,,,,
ncaa_baseball,2026-04-04,6585835,,,,,,,,,,,,,,,
ncaa_baseball,2026-04-04,6587539,,,,,,,,,,,,,,,
ncaa_baseball,2026-04-04,6588163,,,,,,,,,,,,,,,
ncaa_baseball,2026-04-04,6588742,,,,,,,,,,,,,,,
ncaa_baseball,2026-04-04,6589441,,,,,,,,,,,,,,,
ncaa_baseball,2026-04-04,6589934,,,,,,,,,,,,,,,
ncaa_baseball,2026-04-04,6589973,,,,,,,,,,,,,,,
ncaa_baseball,2026-04-04,6589991,,,,,,,,,,,,,,,
nhl,2026-04-04,401803558,,,,,,,,,,,,,,,
nhl,2026-04-04,401803559,,,,,,,,,,,,,,,
nhl,2026-04-04,401803560,,,,,,,,,,,,,,,
nhl,2026-04-04,401803561,,,,,,,,,,,,,,,
nhl,2026-04-04,401803562,,,,,,,,,,,,,,,
nhl,2026-04-04,401803563,,,,,,,,,,,,,,,
nhl,2026-04-04,401803564,,,,,,,,,,,,,,,
nhl,2026-04-04,401803565,,,,,,,,,,,,,,,
nhl,2026-04-04,401803566,,,,,,,,,,,,,,,
nhl,2026-04-04,401803567,,,,,,,,,,,,,,,
nhl,2026-04-04,401803568,,,,,,,,,,,,,,,
nhl,2026-04-04,401803569,,,,,,,,,,,,,,,
nhl,2026-04-04,401803570,,,,,,,,,,,,,,,
nhl,2026-04-04,401803571,,,,,,,,,,,,,,,
nhl,2026-04-04,401803572,,,,,,,,,,,,,,,
kbo,2026-04-05,13282,,,,,,,,,,,,,,,
kbo,2026-04-05,13283,,,,,,,,,,,,,,,
kbo,2026-04-05,13284,,,,,,,,,,,,,,,
kbo,2026-04-05,13285,,,,,,,,,,,,,,,
kbo,2026-04-05,13286,,,,,,,,,,,,,,,
laliga,2026-04-05,748435,165.0,180.0,165.0,-230.0,-155.0,,,,,,,,,,
laliga,2026-04-05,748438,,,,,,,,,,,,,,,
laliga,2026-04-05,748440,,,,,,,,,,,,,,,
laliga,2026-04-05,748441,,,,,,,,,,,,,,,
liga_mx,2026-04-05,401840930,,,,,,,,,,,,,,,
liga_mx,2026-04-05,401840931,,,,,,,,,,,,,,,
mlb,2026-04-05,401814812,,,,,,,,,,,,,,,
mlb,2026-04-05,401814813,,,,,,,,,,,,,,,
mlb,2026-04-05,401814814,,,,,,,,,,,,,,,
mlb,2026-04-05,401814815,,,,,,,,,,,,,,,
mlb,2026-04-05,401814816,,,,,,,,,,,,,,,
mlb,2026-04-05,401814817,,,,,,,,,,,,,,,
mlb,2026-04-05,401814818,,,,,,,,,,,,,,,
mlb,2026-04-05,401814819,,,,,,,,,,,,,,,
mlb,2026-04-05,401814820,,,,,,,,,,,,,,,
mlb,2026-04-05,401814821,,,,,,,,,,,,,,,
mlb,2026-04-05,401814822,,,,,,,,,,,,,,,
mlb,2026-04-05,401814823,,,,,,,,,,,,,,,
mlb,2026-04-05,401814824,,,,,,,,,,,,,,,
mlb,2026-04-05,401814825,,,,,,,,,,,,,,,
mlb,2026-04-05,401814826,,,,,,,,,,,,,,,
nba,2026-04-05,401810987,,,,,,,,,,,,,,,
nba,2026-04-05,401810988,,,,,,,,,,,,,,,
nba,2026-04-05,401810989,,,,,,,,,,,,,,,
nba,2026-04-05,401810990,,,,,,,,,,,,,,,
nba,2026-04-05,401810991,,,,,,,,,,,,,,,
nba,2026-04-05,401810992,,,,,,,,,,,,,,,
nba,2026-04-05,401810993,,,,,,,,,,,,,,,
nba,2026-04-05,401810994,,,,,,,,,,,,,,,
nba,2026-04-05,401810995,,,,,,,,,,,,,,,
nba,2026-04-05,401810996,,,,,,,,,,,,,,,
nba,2026-04-05,401810997,,,,,,,,,,,,,,,
ncaa_baseball,2026-04-05,6540953,,,,,,,,,,,,,,,
ncaa_baseball,2026-04-05,6541109,,,,,,,,,,,,,,,
ncaa_baseball,2026-04-05,6541294,,,,,,,,,,,,,,,
ncaa_baseball,2026-04-05,6541307,,,,,,,,,,,,,,,
ncaa_baseball,2026-04-05,6541610,,,,,,,,,,,,,,,
ncaa_baseball,2026-04-05,6542183,,,,,,,,,,,,,,,
ncaa_baseball,2026-04-05,6542839,,,,,,,,,,,,,,,
ncaa_baseball,2026-04-05,6543126,,,,,,,,,,,,,,,
ncaa_baseball,2026-04-05,6543505,,,,,,,,,,,,,,,
ncaa_baseball,2026-04-05,6544378,,,,,,,,,,,,,,,
ncaa_baseball,2026-04-05,6544895,,,,,,,,,,,,,,,
ncaa_baseball,2026-04-05,6545151,,,,,,,,,,,,,,,
ncaa_baseball,2026-04-05,6545704,,,,,,,,,,,,,,,
ncaa_baseball,2026-04-05,6547603,,,,,,,,,,,,,,,
ncaa_baseball,2026-04-05,6548039,,,,,,,,,,,,,,,
ncaa_baseball,2026-04-05,6548249,,,,,,,,,,,,,,,
ncaa_baseball,2026-04-05,6548790,,,,,,,,,,,,,,,
ncaa_baseball,2026-04-05,6549161,,,,,,,,,,,,,,,
ncaa_baseball,2026-04-05,6549559,,,,,,,,,,,,,,,
ncaa_baseball,2026-04-05,6549702,,,,,,,,,,,,,,,
ncaa_baseball,2026-04-05,6550014,,,,,,,,,,,,,,,
ncaa_baseball,2026-04-05,6550702,,,,,,,,,,,,,,,
ncaa_baseball,2026-04-05,6550848,,,,,,,,,,,,,,,
ncaa_baseball,2026-04-05,6550906,,,,,,,,,,,,,,,
ncaa_baseball,2026-04-05,6551663,,,,,,,,,,,,,,,
ncaa_baseball,2026-04-05,6552010,,,,,,,,,,,,,,,
ncaa_baseball,2026-04-05,6552045,,,,,,,,,,,,,,,
ncaa_baseball,2026-04-05,6552242,,,,,,,,,,,,,,,
ncaa_baseball,2026-04-05,6552326,,,,,,,,,,,,,,,
ncaa_baseball,2026-04-05,6585394,,,,,,,,,,,,,,,
ncaa_baseball,2026-04-05,6588743,,,,,,,,,,,,,,,
ncaa_baseball,2026-04-05,6589992,,,,,,,,,,,,,,,
nhl,2026-04-05,401803573,,,,,,,,,,,,,,,
nhl,2026-04-05,401803574,,,,,,,,,,,,,,,
nhl,2026-04-05,401803575,,,,,,,,,,,,,,,
nhl,2026-04-05,401803576,,,,,,,,,,,,,,,
nhl,2026-04-05,401803577,,,,,,,,,,,,,,,
nhl,2026-04-05,401803578,,,,,,,,,,,,,,,
nhl,2026-04-05,401803579,,,,,,,,,,,,,,,
nhl,2026-04-06,401803580,,,,,,,,,,,,,,,
nhl,2026-04-06,401803581,,,,,,,,,,,,,,,
nhl,2026-04-06,401803582,,,,,,,,,,,,,,,
nhl,2026-04-06,401803583,,,,,,,,,,,,,,,
nhl,2026-04-07,401803584,,,,,,,,,,,,,,,
nhl,2026-04-07,401803585,,,,,,,,,,,,,,,
nhl,2026-04-07,401803586,,,,,,,,,,,,,,,
nhl,2026-04-07,401803587,,,,,,,,,,,,,,,
nhl,2026-04-07,401803588,,,,,,,,,,,,,,,
nhl,2026-04-07,401803589,,,,,,,,,,,,,,,
nhl,2026-04-07,401803590,,,,,,,,,,,,,,,
nhl,2026-04-07,401803591,,,,,,,,,,,,,,,
nhl,2026-04-07,401803592,,,,,,,,,,,,,,,
nhl,2026-04-07,401803593,,,,,,,,,,,,,,,
nhl,2026-04-07,401803594,,,,,,,,,,,,,,,
nhl,2026-04-08,401803595,,,,,,,,,,,,,,,
nhl,2026-04-08,401803596,,,,,,,,,,,,,,,
nhl,2026-04-08,401803597,,,,,,,,,,,,,,,
nhl,2026-04-09,401803598,,,,,,,,,,,,,,,
nhl,2026-04-09,401803599,,,,,,,,,,,,,,,
nhl,2026-04-09,401803600,,,,,,,,,,,,,,,
nhl,2026-04-09,401803601,,,,,,,,,,,,,,,
nhl,2026-04-09,401803602,,,,,,,,,,,,,,,
nhl,2026-04-09,401803603,,,,,,,,,,,,,,,
nhl,2026-04-09,401803604,,,,,,,,,,,,,,,
nhl,2026-04-09,401803605,,,,,,,,,,,,,,,
nhl,2026-04-09,401803606,,,,,,,,,,,,,,,
nhl,2026-04-09,401803607,,,,,,,,,,,,,,,
nhl,2026-04-09,401803608,,,,,,,,,,,,,,,
nhl,2026-04-09,401803609,,,,,,,,,,,,,,,
nhl,2026-04-09,401803610,,,,,,,,,,,,,,,
nhl,2026-04-09,401803611,,,,,,,,,,,,,,,
nhl,2026-04-11,401803612,,,,,,,,,,,,,,,
nhl,2026-04-11,401803613,,,,,,,,,,,,,,,
nhl,2026-04-11,401803614,,,,,,,,,,,,,,,
nhl,2026-04-11,401803615,,,,,,,,,,,,,,,
nhl,2026-04-11,401803616,,,,,,,,,,,,,,,
nhl,2026-04-11,401803617,,,,,,,,,,,,,,,
nhl,2026-04-11,401803618,,,,,,,,,,,,,,,
nhl,2026-04-11,401803619,,,,,,,,,,,,,,,
nhl,2026-04-11,401803620,,,,,,,,,,,,,,,
nhl,2026-04-11,401803621,,,,,,,,,,,,,,,
nhl,2026-04-11,401803622,,,,,,,,,,,,,,,
nhl,2026-04-11,401803623,,,,,,,,,,,,,,,
nhl,2026-04-11,401803624,,,,,,,,,,,,,,,
nhl,2026-04-11,401803625,,,,,,,,,,,,,,,
nhl,2026-04-11,401803626,,,,,,,,,,,,,,,
nhl,2026-04-12,401803627,,,,,,,,,,,,,,,
nhl,2026-04-12,401803628,,,,,,,,,,,,,,,
nhl,2026-04-12,401803629,,,,,,,,,,,,,,,
nhl,2026-04-12,401803630,,,,,,,,,,,,,,,
nhl,2026-04-12,401803631,,,,,,,,,,,,,,,
nhl,2026-04-12,401803632,,,,,,,,,,,,,,,
