game_id,date,time,season,home_team,away_team,home_score,away_score,home_corners,away_corners,total_corners,goal_diff,total_goals,is_draw,home_win,away_win,attendance,venue,odds_details,odds_over_under,odds_data_quality,shootout,status_completed,status_state,status_description,status_detail
748433,2026-03-22,14:00,2026,RMA,ATM,3,2,4,1,5,1,5,0,1,0,77964,Santiago Bernabéu,N/A,0.0,fallback,0,1,post,,
748424,2026-03-22,11:30,2026,ATH,BET,2,1,6,5,11,1,3,0,1,0,47723,San Mamés,N/A,0.0,fallback,0,1,post,,
748431,2026-03-22,09:15,2026,CEL,ALA,3,4,4,1,5,-1,7,0,0,1,20260,Balaidos,N/A,0.0,fallback,0,1,post,,
748432,2026-03-22,07:00,2026,BAR,RAY,1,0,6,9,15,1,1,0,1,0,56812,Spotify Camp Nou,N/A,0.0,fallback,0,1,post,,
748428,2026-03-21,14:00,2026,SEV,VAL,0,2,1,3,4,-2,2,0,0,1,35031,Ramón Sánchez Pizjuán Stadium,N/A,0.0,fallback,0,1,post,,
748427,2026-03-21,11:30,2026,OSA,GIR,1,0,6,2,8,1,1,0,1,0,20975,El Sadar,N/A,0.0,fallback,0,1,post,,
748426,2026-03-21,11:30,2026,LEV,OVI,4,2,3,1,4,2,6,0,1,0,19398,Estadi Ciutat de València,N/A,0.0,fallback,0,1,post,,
748425,2026-03-21,09:15,2026,ESP,GET,1,2,12,9,21,-1,3,0,0,1,27577,RCDE Stadium,N/A,0.0,fallback,0,1,post,,
748430,2026-03-21,07:00,2026,ELC,MLL,2,1,2,2,4,1,3,0,1,0,25462,Estadio Martínez Valero,N/A,0.0,fallback,0,1,post,,
748429,2026-03-20,14:00,2026,VIL,RSO,3,1,4,5,9,2,4,0,1,0,18032,Estadio de la Cerámica,N/A,0.0,fallback,0,1,post,,
748416,2026-03-16,14:00,2026,RAY,LEV,1,1,5,6,11,0,2,1,0,0,10975,Estadio de Vallecas,N/A,0.0,fallback,0,1,post,,
748420,2026-03-15,14:00,2026,RSO,OSA,3,1,3,5,8,2,4,0,1,0,30856,Reale Arena,N/A,0.0,fallback,0,1,post,,
748417,2026-03-15,11:30,2026,BET,CEL,1,1,4,4,8,0,2,1,0,0,58689,Estadio La Cartuja,N/A,0.0,fallback,0,1,post,,
748415,2026-03-15,09:15,2026,BAR,SEV,5,2,3,4,7,3,7,0,1,0,56483,Spotify Camp Nou,N/A,0.0,fallback,0,1,post,,
748421,2026-03-15,07:00,2026,MLL,ESP,2,1,5,6,11,1,3,0,1,0,17879,Estadi Mallorca Son Moix,N/A,0.0,fallback,0,1,post,,
748418,2026-03-14,14:00,2026,RMA,ELC,4,1,5,4,9,3,5,0,1,0,71048,Santiago Bernabéu,N/A,0.0,fallback,0,1,post,,
748419,2026-03-14,11:30,2026,OVI,VAL,1,0,4,7,11,1,1,0,1,0,22826,Estadio Carlos Tartiere,N/A,0.0,fallback,0,1,post,,
748423,2026-03-14,09:15,2026,ATM,GET,1,0,10,3,13,1,1,0,1,0,58893,Riyadh Air Metropolitano,N/A,0.0,fallback,0,1,post,,
748414,2026-03-14,07:00,2026,GIR,ATH,3,0,2,9,11,3,3,0,1,0,8811,Estadi Montilivi,N/A,0.0,fallback,0,1,post,,
748422,2026-03-13,14:00,2026,ALA,VIL,1,1,5,2,7,0,2,1,0,0,16215,Mendizorrotza,N/A,0.0,fallback,0,1,post,,
748412,2026-03-09,14:00,2026,ESP,OVI,1,1,8,0,8,0,2,1,0,0,24807,RCDE Stadium,N/A,0.0,fallback,0,1,post,,
748404,2026-03-08,14:00,2026,VAL,ALA,3,2,10,2,12,1,5,0,1,0,41512,Mestalla Stadium,N/A,0.0,fallback,0,1,post,,
748405,2026-03-08,11:30,2026,SEV,RAY,1,1,6,2,8,0,2,1,0,0,37178,Ramón Sánchez Pizjuán Stadium,N/A,0.0,fallback,0,1,post,,
748413,2026-03-08,09:15,2026,GET,BET,2,0,3,8,11,2,2,0,1,0,8757,Estadio Coliseum,N/A,0.0,fallback,0,1,post,,
748408,2026-03-08,07:00,2026,VIL,ELC,2,1,4,6,10,1,3,0,1,0,16301,Estadio de la Cerámica,N/A,0.0,fallback,0,1,post,,
748409,2026-03-07,14:00,2026,ATH,BAR,0,1,2,5,7,-1,1,0,0,1,50629,San Mamés,N/A,0.0,fallback,0,1,post,,
748410,2026-03-07,11:30,2026,ATM,RSO,3,2,8,1,9,1,5,0,1,0,60788,Riyadh Air Metropolitano,N/A,0.0,fallback,0,1,post,,
748407,2026-03-07,09:15,2026,LEV,GIR,1,1,2,3,5,0,2,1,0,0,18552,Estadi Ciutat de València,N/A,0.0,fallback,0,1,post,,
748406,2026-03-07,07:00,2026,OSA,MLL,2,2,8,0,8,0,4,1,0,0,19746,El Sadar,N/A,0.0,fallback,0,1,post,,
748411,2026-03-06,14:00,2026,CEL,RMA,1,2,1,6,7,-1,3,0,0,1,22048,Balaidos,N/A,0.0,fallback,0,1,post,,
748372,2026-03-04,12:00,2026,RAY,OVI,3,0,12,2,14,3,3,0,1,0,11886,Estadio de Vallecas,N/A,0.0,fallback,0,1,post,,
748395,2026-03-02,14:00,2026,RMA,GET,0,1,10,2,12,-1,1,0,0,1,65104,Santiago Bernabéu,N/A,0.0,fallback,0,1,post,,
748400,2026-03-01,14:00,2026,GIR,CEL,1,2,10,6,16,-1,3,0,0,1,11371,Estadi Montilivi,N/A,0.0,fallback,0,1,post,,
748396,2026-03-01,11:30,2026,BET,SEV,2,2,4,3,7,0,4,1,0,0,67447,Estadio La Cartuja,N/A,0.0,fallback,0,1,post,,
748398,2026-03-01,09:15,2026,VAL,OSA,1,0,5,4,9,1,1,0,1,0,44415,Mestalla Stadium,N/A,0.0,fallback,0,1,post,,
748401,2026-03-01,07:00,2026,ELC,ESP,2,2,3,1,4,0,4,1,0,0,25028,Estadio Martínez Valero,N/A,0.0,fallback,0,1,post,,
748394,2026-02-28,14:00,2026,OVI,ATM,0,1,8,3,11,-1,1,0,0,1,27067,Estadio Carlos Tartiere,N/A,0.0,fallback,0,1,post,,
748403,2026-02-28,11:30,2026,MLL,RSO,0,1,3,7,10,-1,1,0,0,1,17120,Estadi Mallorca Son Moix,N/A,0.0,fallback,0,1,post,,
748402,2026-02-28,09:15,2026,BAR,VIL,4,1,3,2,5,3,5,0,1,0,44256,Spotify Camp Nou,N/A,0.0,fallback,0,1,post,,
748397,2026-02-28,07:00,2026,RAY,ATH,1,1,5,4,9,0,2,1,0,0,13512,Estadio de Vallecas,N/A,0.0,fallback,0,1,post,,
748399,2026-02-27,14:00,2026,LEV,ALA,2,0,10,6,16,2,2,0,1,0,17880,Estadi Ciutat de València,N/A,0.0,fallback,0,1,post,,
748393,2026-02-23,14:00,2026,ALA,GIR,2,2,7,6,13,0,4,1,0,0,14117,Mendizorrotza,N/A,0.0,fallback,0,1,post,,
748389,2026-02-22,14:00,2026,VIL,VAL,2,1,5,4,9,1,3,0,1,0,19233,Estadio de la Cerámica,N/A,0.0,fallback,0,1,post,,
748392,2026-02-22,11:30,2026,CEL,MLL,2,0,7,2,9,2,2,0,1,0,19689,Balaidos,N/A,0.0,fallback,0,1,post,,
748391,2026-02-22,09:15,2026,BAR,LEV,3,0,13,7,20,3,3,0,1,0,44936,Spotify Camp Nou,N/A,0.0,fallback,0,1,post,,
748384,2026-02-22,07:00,2026,GET,SEV,0,1,2,2,4,-1,1,0,0,1,8814,Estadio Coliseum,N/A,0.0,fallback,0,1,post,,
748390,2026-02-21,14:00,2026,ATM,ESP,4,2,5,3,8,2,6,0,1,0,56412,Riyadh Air Metropolitano,N/A,0.0,fallback,0,1,post,,
748387,2026-02-21,11:30,2026,OSA,RMA,2,1,3,7,10,1,3,0,1,0,22480,El Sadar,N/A,0.0,fallback,0,1,post,,
748386,2026-02-21,09:15,2026,BET,RAY,1,1,3,5,8,0,2,1,0,0,59436,Estadio La Cartuja,N/A,0.0,fallback,0,1,post,,
748385,2026-02-21,07:00,2026,RSO,OVI,3,3,7,6,13,0,6,1,0,0,30917,Reale Arena,N/A,0.0,fallback,0,1,post,,
748388,2026-02-20,14:00,2026,ATH,ELC,2,1,4,1,5,1,3,0,1,0,46654,San Mamés,N/A,0.0,fallback,0,1,post,,
748302,2026-02-18,13:00,2026,LEV,VIL,0,1,3,2,5,-1,1,0,0,1,18153,Estadi Ciutat de València,N/A,0.0,fallback,0,1,post,,
748381,2026-02-16,14:00,2026,GIR,BAR,2,1,3,7,10,1,3,0,1,0,14043,Estadi Montilivi,N/A,0.0,fallback,0,1,post,,
748379,2026-02-15,14:00,2026,MLL,BET,1,2,7,3,10,-1,3,0,0,1,18658,Estadi Mallorca Son Moix,N/A,0.0,fallback,0,1,post,,
748380,2026-02-15,11:30,2026,LEV,VAL,0,2,3,2,5,-2,2,0,0,1,22967,Estadi Ciutat de València,N/A,0.0,fallback,0,1,post,,
748382,2026-02-15,09:15,2026,RAY,ATM,3,0,4,8,12,3,3,0,1,0,5335,Estadio Municipal de Butarque,N/A,0.0,fallback,0,1,post,,
748375,2026-02-15,07:00,2026,OVI,ATH,1,2,2,3,5,-1,3,0,0,1,25255,Estadio Carlos Tartiere,N/A,0.0,fallback,0,1,post,,
748383,2026-02-14,14:00,2026,RMA,RSO,4,1,4,6,10,3,5,0,1,0,74176,Santiago Bernabéu,N/A,0.0,fallback,0,1,post,,
748374,2026-02-14,11:30,2026,SEV,ALA,1,1,0,3,3,0,2,1,0,0,32846,Ramón Sánchez Pizjuán Stadium,N/A,0.0,fallback,0,1,post,,
748378,2026-02-14,09:15,2026,GET,VIL,2,1,3,4,7,1,3,0,1,0,7551,Estadio Coliseum,N/A,0.0,fallback,0,1,post,,
748377,2026-02-14,07:00,2026,ESP,CEL,2,2,2,2,4,0,4,1,0,0,27368,RCDE Stadium,N/A,0.0,fallback,0,1,post,,
748376,2026-02-13,14:00,2026,ELC,OSA,0,0,10,3,13,0,0,1,0,0,21253,Estadio Martínez Valero,N/A,0.0,fallback,0,1,post,,
748368,2026-02-09,14:00,2026,VIL,ESP,4,1,5,8,13,3,5,0,1,0,16825,Estadio de la Cerámica,N/A,0.0,fallback,0,1,post,,
748364,2026-02-08,14:00,2026,VAL,RMA,0,2,5,8,13,-2,2,0,0,1,47515,Mestalla Stadium,N/A,0.0,fallback,0,1,post,,
748369,2026-02-08,11:30,2026,ATM,BET,0,1,7,3,10,-1,1,0,0,1,65210,Riyadh Air Metropolitano,N/A,0.0,fallback,0,1,post,,
748373,2026-02-08,09:15,2026,ATH,LEV,4,2,4,3,7,2,6,0,1,0,46487,San Mamés,N/A,0.0,fallback,0,1,post,,
748365,2026-02-08,09:15,2026,SEV,GIR,1,1,5,7,12,0,2,1,0,0,30384,Ramón Sánchez Pizjuán Stadium,N/A,0.0,fallback,0,1,post,,
748367,2026-02-08,07:00,2026,ALA,GET,0,2,6,3,9,-2,2,0,0,1,15960,Mendizorrotza,N/A,0.0,fallback,0,1,post,,
748366,2026-02-07,14:00,2026,RSO,ELC,3,1,2,4,6,2,4,0,1,0,30187,Reale Arena,N/A,0.0,fallback,0,1,post,,
748370,2026-02-07,09:15,2026,BAR,MLL,3,0,12,3,15,3,3,0,1,0,44301,Spotify Camp Nou,N/A,0.0,fallback,0,1,post,,
748371,2026-02-06,14:00,2026,CEL,OSA,1,2,7,3,10,-1,3,0,0,1,18705,Balaidos,N/A,0.0,fallback,0,1,post,,
748363,2026-02-02,14:00,2026,MLL,SEV,4,1,4,8,12,3,5,0,1,0,15621,Estadi Mallorca Son Moix,N/A,0.0,fallback,0,1,post,,
748358,2026-02-01,14:00,2026,ATH,RSO,1,1,6,3,9,0,2,1,0,0,48020,San Mamés,N/A,0.0,fallback,0,1,post,,
748361,2026-02-01,11:30,2026,GET,CEL,0,0,5,3,8,0,0,1,0,0,7363,Estadio Coliseum,N/A,0.0,fallback,0,1,post,,
748360,2026-02-01,09:15,2026,BET,VAL,2,1,3,5,8,1,3,0,1,0,57523,Estadio La Cartuja,N/A,0.0,fallback,0,1,post,,
748356,2026-02-01,07:00,2026,RMA,RAY,2,1,9,4,13,1,3,0,1,0,71051,Santiago Bernabéu,N/A,0.0,fallback,0,1,post,,
748354,2026-01-31,14:00,2026,ELC,BAR,1,3,2,8,10,-2,4,0,0,1,31233,Estadio Martínez Valero,N/A,0.0,fallback,0,1,post,,
748357,2026-01-31,11:30,2026,LEV,ATM,0,0,4,7,11,0,0,1,0,0,20573,Estadi Ciutat de València,N/A,0.0,fallback,0,1,post,,
748359,2026-01-31,09:15,2026,OSA,VIL,2,2,6,2,8,0,4,1,0,0,20455,El Sadar,N/A,0.0,fallback,0,1,post,,
748362,2026-01-31,07:00,2026,OVI,GIR,1,0,4,4,8,1,1,0,1,0,20085,Estadio Carlos Tartiere,N/A,0.0,fallback,0,1,post,,
748355,2026-01-30,14:00,2026,ESP,ALA,1,2,4,2,6,-1,3,0,0,1,25881,RCDE Stadium,N/A,0.0,fallback,0,1,post,,
748347,2026-01-26,14:00,2026,GIR,GET,1,1,3,4,7,0,2,1,0,0,11388,Estadi Montilivi,N/A,0.0,fallback,0,1,post,,
748344,2026-01-25,14:00,2026,ALA,BET,2,1,6,4,10,1,3,0,1,0,14810,Mendizorrotza,N/A,0.0,fallback,0,1,post,,
748350,2026-01-25,11:30,2026,RSO,CEL,3,1,2,9,11,2,4,0,1,0,29682,Reale Arena,N/A,0.0,fallback,0,1,post,,
748346,2026-01-25,09:15,2026,BAR,OVI,3,0,10,1,11,3,3,0,1,0,44763,Spotify Camp Nou,N/A,0.0,fallback,0,1,post,,
748345,2026-01-25,07:00,2026,ATM,MLL,3,0,10,3,13,3,3,0,1,0,55028,Riyadh Air Metropolitano,N/A,0.0,fallback,0,1,post,,
748349,2026-01-24,14:00,2026,VIL,RMA,0,2,6,6,12,-2,2,0,0,1,20432,Estadio de la Cerámica,N/A,0.0,fallback,0,1,post,,
748351,2026-01-24,11:30,2026,SEV,ATH,2,1,5,5,10,1,3,0,1,0,34642,Ramón Sánchez Pizjuán Stadium,N/A,0.0,fallback,0,1,post,,
748352,2026-01-24,09:15,2026,VAL,ESP,3,2,2,7,9,1,5,0,1,0,44162,Mestalla Stadium,N/A,0.0,fallback,0,1,post,,
748348,2026-01-24,07:00,2026,RAY,OSA,1,3,4,3,7,-2,4,0,0,1,12091,Estadio de Vallecas,N/A,0.0,fallback,0,1,post,,
748353,2026-01-23,14:00,2026,LEV,ELC,3,2,9,1,10,1,5,0,1,0,18973,Estadi Ciutat de València,N/A,0.0,fallback,0,1,post,,
748336,2026-01-19,14:00,2026,ELC,SEV,2,2,9,7,16,0,4,1,0,0,22594,Estadio Martínez Valero,N/A,0.0,fallback,0,1,post,,
748343,2026-01-18,14:00,2026,RSO,BAR,2,1,6,8,14,1,3,0,1,0,36346,Reale Arena,N/A,0.0,fallback,0,1,post,,
748335,2026-01-18,11:30,2026,CEL,RAY,3,0,5,7,12,3,3,0,1,0,20835,Balaidos,N/A,0.0,fallback,0,1,post,,
748334,2026-01-18,09:15,2026,ATM,ALA,1,0,7,6,13,1,1,0,1,0,61192,Riyadh Air Metropolitano,N/A,0.0,fallback,0,1,post,,
748338,2026-01-18,07:00,2026,GET,VAL,0,1,9,3,12,-1,1,0,0,1,8361,Estadio Coliseum,N/A,0.0,fallback,0,1,post,,
748341,2026-01-17,14:00,2026,BET,VIL,2,0,2,3,5,2,2,0,1,0,60138,Estadio La Cartuja,N/A,0.0,fallback,0,1,post,,
748340,2026-01-17,11:30,2026,OSA,OVI,3,2,3,6,9,1,5,0,1,0,20651,El Sadar,N/A,0.0,fallback,0,1,post,,
748339,2026-01-17,09:15,2026,MLL,ATH,3,2,3,7,10,1,5,0,1,0,14284,Estadi Mallorca Son Moix,N/A,0.0,fallback,0,1,post,,
748342,2026-01-17,07:00,2026,RMA,LEV,2,0,8,0,8,2,2,0,1,0,70104,Santiago Bernabéu,N/A,0.0,fallback,0,1,post,,
748337,2026-01-16,14:00,2026,ESP,GIR,0,2,5,4,9,-2,2,0,0,1,28451,RCDE Stadium,N/A,0.0,fallback,0,1,post,,
748325,2026-01-12,14:00,2026,SEV,CEL,0,1,6,1,7,-1,1,0,0,1,31383,Ramón Sánchez Pizjuán Stadium,N/A,0.0,fallback,0,1,post,,
748328,2026-01-11,09:15,2026,LEV,ESP,1,1,4,3,7,0,2,1,0,0,20501,Estadi Ciutat de València,N/A,0.0,fallback,0,1,post,,
748327,2026-01-11,07:00,2026,RAY,MLL,2,1,6,5,11,1,3,0,1,0,12223,Estadio de Vallecas,N/A,0.0,fallback,0,1,post,,
748324,2026-01-10,14:00,2026,VAL,ELC,1,1,8,6,14,0,2,1,0,0,44949,Mestalla Stadium,N/A,0.0,fallback,0,1,post,,
748329,2026-01-10,11:30,2026,GIR,OSA,1,0,2,1,3,1,1,0,1,0,12059,Estadi Montilivi,N/A,0.0,fallback,0,1,post,,
748333,2026-01-10,09:15,2026,VIL,ALA,3,1,1,6,7,2,4,0,1,0,17011,Estadio de la Cerámica,N/A,0.0,fallback,0,1,post,,
748326,2026-01-10,07:00,2026,OVI,BET,1,1,5,2,7,0,2,1,0,0,25549,Estadio Carlos Tartiere,N/A,0.0,fallback,0,1,post,,
748330,2026-01-09,14:00,2026,GET,RSO,1,2,2,4,6,-1,3,0,0,1,7497,Estadio Coliseum,N/A,0.0,fallback,0,1,post,,
748314,2026-01-04,14:00,2026,RSO,ATM,1,1,6,6,12,0,2,1,0,0,31576,Reale Arena,N/A,0.0,fallback,0,1,post,,
748322,2026-01-04,11:30,2026,ALA,OVI,1,1,6,7,13,0,2,1,0,0,17345,Mendizorrotza,N/A,0.0,fallback,0,1,post,,
748318,2026-01-04,11:30,2026,MLL,GIR,1,2,3,7,10,-1,3,0,0,1,16011,Estadi Mallorca Son Moix,N/A,0.0,fallback,0,1,post,,
748315,2026-01-04,09:15,2026,RMA,BET,5,1,5,8,13,4,6,0,1,0,75190,Santiago Bernabéu,N/A,0.0,fallback,0,1,post,,
748323,2026-01-04,07:00,2026,SEV,LEV,0,3,5,1,6,-3,3,0,0,1,25303,Ramón Sánchez Pizjuán Stadium,N/A,0.0,fallback,0,1,post,,
748319,2026-01-03,14:00,2026,ESP,BAR,0,2,5,7,12,-2,2,0,0,1,36283,RCDE Stadium,N/A,0.0,fallback,0,1,post,,
748320,2026-01-03,11:30,2026,ELC,VIL,1,3,6,2,8,-2,4,0,0,1,27078,Estadio Martínez Valero,N/A,0.0,fallback,0,1,post,,
748317,2026-01-03,09:15,2026,OSA,ATH,1,1,1,9,10,0,2,1,0,0,22010,El Sadar,N/A,0.0,fallback,0,1,post,,
748321,2026-01-03,07:00,2026,CEL,VAL,4,1,2,4,6,3,5,0,1,0,20475,Balaidos,N/A,0.0,fallback,0,1,post,,
748316,2026-01-02,14:00,2026,RAY,GET,1,1,3,2,5,0,2,1,0,0,12544,Estadio de Vallecas,N/A,0.0,fallback,0,1,post,,
748304,2025-12-22,14:00,2025,ATH,ESP,1,2,8,4,12,-1,3,0,0,1,47856,San Mamés,N/A,0.0,fallback,0,1,post,,
748308,2025-12-21,14:00,2025,BET,GET,4,0,7,5,12,4,4,0,1,0,54365,Estadio La Cartuja,N/A,0.0,fallback,0,1,post,,
748313,2025-12-21,11:30,2025,ELC,RAY,4,0,4,5,9,4,4,0,1,0,23765,Estadio Martínez Valero,N/A,0.0,fallback,0,1,post,,
748312,2025-12-21,09:15,2025,VIL,BAR,0,2,5,10,15,-2,2,0,0,1,20701,Estadio de la Cerámica,N/A,0.0,fallback,0,1,post,,
748309,2025-12-21,07:00,2025,GIR,ATM,0,3,3,4,7,-3,3,0,0,1,12363,Estadi Montilivi,N/A,0.0,fallback,0,1,post,,
748307,2025-12-20,14:00,2025,RMA,SEV,2,0,6,5,11,2,2,0,1,0,72062,Santiago Bernabéu,N/A,0.0,fallback,0,1,post,,
748311,2025-12-20,11:30,2025,OSA,ALA,3,0,9,0,9,3,3,0,1,0,20408,El Sadar,N/A,0.0,fallback,0,1,post,,
748310,2025-12-20,09:15,2025,LEV,RSO,1,1,7,10,17,0,2,1,0,0,17346,Estadi Ciutat de València,N/A,0.0,fallback,0,1,post,,
748306,2025-12-20,07:00,2025,OVI,CEL,0,0,5,3,8,0,0,1,0,0,23613,Estadio Carlos Tartiere,N/A,0.0,fallback,0,1,post,,
748305,2025-12-19,14:00,2025,VAL,MLL,1,1,12,3,15,0,2,1,0,0,41179,Mestalla Stadium,N/A,0.0,fallback,0,1,post,,
748298,2025-12-15,14:00,2025,RAY,BET,0,0,8,3,11,0,0,1,0,0,11489,Estadio de Vallecas,N/A,0.0,fallback,0,1,post,,
748297,2025-12-14,14:00,2025,ALA,RMA,1,2,5,7,12,-1,3,0,0,1,19290,Mendizorrotza,N/A,0.0,fallback,0,1,post,,
748300,2025-12-14,09:15,2025,CEL,ATH,2,0,1,4,5,2,2,0,1,0,20505,Balaidos,N/A,0.0,fallback,0,1,post,,
748295,2025-12-14,07:00,2025,SEV,OVI,4,0,5,3,8,4,4,0,1,0,32885,Ramón Sánchez Pizjuán Stadium,N/A,0.0,fallback,0,1,post,,
748301,2025-12-13,14:00,2025,GET,ESP,0,1,6,4,10,-1,1,0,0,1,7443,Estadio Coliseum,N/A,0.0,fallback,0,1,post,,
748299,2025-12-13,11:30,2025,BAR,OSA,2,0,14,1,15,2,2,0,1,0,42058,Spotify Camp Nou,N/A,0.0,fallback,0,1,post,,
748303,2025-12-13,09:15,2025,MLL,ELC,3,1,1,1,2,2,4,0,1,0,16199,Estadi Mallorca Son Moix,N/A,0.0,fallback,0,1,post,,
748296,2025-12-13,07:00,2025,ATM,VAL,2,1,5,7,12,1,3,0,1,0,61011,Riyadh Air Metropolitano,N/A,0.0,fallback,0,1,post,,
748294,2025-12-12,14:00,2025,RSO,GIR,1,2,4,3,7,-1,3,0,0,1,26122,Reale Arena,N/A,0.0,fallback,0,1,post,,
748293,2025-12-08,14:00,2025,OSA,LEV,2,0,3,3,6,2,2,0,1,0,18160,El Sadar,N/A,0.0,fallback,0,1,post,,
748290,2025-12-07,14:00,2025,RMA,CEL,0,2,8,1,9,-2,2,0,0,1,74511,Santiago Bernabéu,N/A,0.0,fallback,0,1,post,,
748284,2025-12-07,11:30,2025,ESP,RAY,1,0,6,2,8,1,1,0,1,0,28110,RCDE Stadium,N/A,0.0,fallback,0,1,post,,
748292,2025-12-07,09:15,2025,VAL,SEV,1,1,2,2,4,0,2,1,0,0,44369,Mestalla Stadium,N/A,0.0,fallback,0,1,post,,
748285,2025-12-07,07:00,2025,ELC,GIR,3,0,2,2,4,3,3,0,1,0,23374,Estadio Martínez Valero,N/A,0.0,fallback,0,1,post,,
748286,2025-12-06,14:00,2025,ATH,ATM,1,0,5,6,11,1,1,0,1,0,48904,San Mamés,N/A,0.0,fallback,0,1,post,,
748289,2025-12-06,11:30,2025,BET,BAR,3,5,7,7,14,-2,8,0,0,1,64562,Estadio La Cartuja,N/A,0.0,fallback,0,1,post,,
748287,2025-12-06,09:15,2025,ALA,RSO,1,0,5,9,14,1,1,0,1,0,18132,Mendizorrotza,N/A,0.0,fallback,0,1,post,,
748288,2025-12-06,07:00,2025,VIL,GET,2,0,5,3,8,2,2,0,1,0,17089,Estadio de la Cerámica,N/A,0.0,fallback,0,1,post,,
748291,2025-12-05,14:00,2025,OVI,MLL,0,0,8,5,13,0,0,1,0,0,23333,Estadio Carlos Tartiere,N/A,0.0,fallback,0,1,post,,
748332,2025-12-03,12:00,2025,ATH,RMA,0,3,5,7,12,-3,3,0,0,1,51313,San Mamés,N/A,0.0,fallback,0,1,post,,
748331,2025-12-02,14:00,2025,BAR,ATM,3,1,5,4,9,2,4,0,1,0,45205,Spotify Camp Nou,N/A,0.0,fallback,0,1,post,,
748276,2025-12-01,14:00,2025,RAY,VAL,1,1,10,6,16,0,2,1,0,0,11267,Estadio de Vallecas,N/A,0.0,fallback,0,1,post,,
748279,2025-11-30,14:00,2025,GIR,RMA,1,1,2,5,7,0,2,1,0,0,14005,Estadi Montilivi,N/A,0.0,fallback,0,1,post,,
748281,2025-11-30,11:30,2025,CEL,ESP,0,1,4,3,7,-1,1,0,0,1,20031,Balaidos,N/A,0.0,fallback,0,1,post,,
748283,2025-11-30,09:15,2025,SEV,BET,0,2,6,4,10,-2,2,0,0,1,42580,Ramón Sánchez Pizjuán Stadium,N/A,0.0,fallback,0,1,post,,
748274,2025-11-30,07:00,2025,RSO,VIL,2,3,8,2,10,-1,5,0,0,1,30140,Reale Arena,N/A,0.0,fallback,0,1,post,,
748275,2025-11-29,14:00,2025,ATM,OVI,2,0,7,2,9,2,2,0,1,0,61305,Riyadh Air Metropolitano,N/A,0.0,fallback,0,1,post,,
748278,2025-11-29,11:30,2025,LEV,ATH,0,2,4,2,6,-2,2,0,0,1,19848,Estadi Ciutat de València,N/A,0.0,fallback,0,1,post,,
748282,2025-11-29,09:15,2025,BAR,ALA,3,1,5,4,9,2,4,0,1,0,44834,Spotify Camp Nou,N/A,0.0,fallback,0,1,post,,
748277,2025-11-29,07:00,2025,MLL,OSA,2,2,2,8,10,0,4,1,0,0,15457,Estadi Mallorca Son Moix,N/A,0.0,fallback,0,1,post,,
748280,2025-11-28,14:00,2025,GET,ELC,1,0,3,5,8,1,1,0,1,0,7697,Estadio Coliseum,N/A,0.0,fallback,0,1,post,,
748265,2025-11-24,14:00,2025,ESP,SEV,2,1,4,13,17,1,3,0,1,0,25166,RCDE Stadium,N/A,0.0,fallback,0,1,post,,
748266,2025-11-23,14:00,2025,ELC,RMA,2,2,2,8,10,0,4,1,0,0,31024,Estadio Martínez Valero,N/A,0.0,fallback,0,1,post,,
748264,2025-11-23,11:30,2025,GET,ATM,0,1,6,7,13,-1,1,0,0,1,9783,Estadio Coliseum,N/A,0.0,fallback,0,1,post,,
748268,2025-11-23,09:15,2025,BET,GIR,1,1,8,0,8,0,2,1,0,0,64268,Estadio La Cartuja,N/A,0.0,fallback,0,1,post,,
748269,2025-11-23,07:00,2025,OVI,RAY,0,0,5,6,11,0,0,1,0,0,23684,Estadio Carlos Tartiere,N/A,0.0,fallback,0,1,post,,
748271,2025-11-22,14:00,2025,VIL,MLL,2,1,3,1,4,1,3,0,1,0,16854,Estadio de la Cerámica,N/A,0.0,fallback,0,1,post,,
748267,2025-11-22,11:30,2025,OSA,RSO,1,3,3,3,6,-2,4,0,0,1,21377,El Sadar,N/A,0.0,fallback,0,1,post,,
748272,2025-11-22,09:15,2025,BAR,ATH,4,0,5,7,12,4,4,0,1,0,45157,Spotify Camp Nou,N/A,0.0,fallback,0,1,post,,
748273,2025-11-22,07:00,2025,ALA,CEL,0,1,4,2,6,-1,1,0,0,1,16582,Mendizorrotza,N/A,0.0,fallback,0,1,post,,
748270,2025-11-21,14:00,2025,VAL,LEV,1,0,7,0,7,1,1,0,1,0,46302,Mestalla Stadium,N/A,0.0,fallback,0,1,post,,
748260,2025-11-09,14:00,2025,CEL,BAR,2,4,2,5,7,-2,6,0,0,1,21887,Estadio Abanca-Balaídos,N/A,0.0,fallback,0,1,post,,
748258,2025-11-09,11:30,2025,VAL,BET,1,1,7,2,9,0,2,1,0,0,45820,Mestalla,N/A,0.0,fallback,0,1,post,,
748256,2025-11-09,11:30,2025,MLL,GET,1,0,1,14,15,1,1,0,1,0,17507,Estadi Mallorca Son Moix,N/A,0.0,fallback,0,1,post,,
748254,2025-11-09,09:15,2025,RAY,RMA,0,0,5,8,13,0,0,1,0,0,14468,Estadio de Vallecas,N/A,0.0,fallback,0,1,post,,
748262,2025-11-09,07:00,2025,ATH,OVI,1,0,7,4,11,1,1,0,1,0,47209,San Mamés,N/A,0.0,fallback,0,1,post,,
748263,2025-11-08,14:00,2025,ESP,VIL,0,2,4,2,6,-2,2,0,0,1,29540,RCDE Stadium,N/A,0.0,fallback,0,1,post,,
748261,2025-11-08,11:30,2025,ATM,LEV,3,1,21,4,25,2,4,0,1,0,60119,Riyadh Air Metropolitano,N/A,0.0,fallback,0,1,post,,
748255,2025-11-08,09:15,2025,SEV,OSA,1,0,5,6,11,1,1,0,1,0,35169,Ramón Sánchez-Pizjuán,N/A,0.0,fallback,0,1,post,,
748257,2025-11-08,07:00,2025,GIR,ALA,1,0,6,1,7,1,1,0,1,0,10050,Municipal de Montilivi,N/A,0.0,fallback,0,1,post,,
748259,2025-11-07,14:00,2025,ELC,RSO,1,1,1,3,4,0,2,1,0,0,26242,Martínez Valero,N/A,0.0,fallback,0,1,post,,
748252,2025-11-03,14:00,2025,OVI,OSA,0,0,4,2,6,0,0,1,0,0,23795,Carlos Tartiere,N/A,0.0,fallback,0,1,post,,
748250,2025-11-02,14:00,2025,BET,MLL,3,0,4,5,9,3,3,0,1,0,54747,Estadio La Cartuja,N/A,0.0,fallback,0,1,post,,
748247,2025-11-02,11:30,2025,BAR,ELC,3,1,6,3,9,2,4,0,1,0,44370,Estadi Olímpic Lluís Companys,N/A,0.0,fallback,0,1,post,,
748246,2025-11-02,09:15,2025,ALA,ESP,2,1,1,6,7,1,3,0,1,0,17149,Mendizorroza,N/A,0.0,fallback,0,1,post,,
748244,2025-11-02,07:00,2025,LEV,CEL,1,2,4,4,8,-1,3,0,0,1,19513,Ciutat de Valencia,N/A,0.0,fallback,0,1,post,,
748251,2025-11-01,14:00,2025,RMA,VAL,4,0,7,1,8,4,4,0,1,0,74796,Estadio Bernabéu,N/A,0.0,fallback,0,1,post,,
748253,2025-11-01,11:30,2025,RSO,ATH,3,2,6,2,8,1,5,0,1,0,37685,Estadio Municipal de Anoeta,N/A,0.0,fallback,0,1,post,,
748245,2025-11-01,09:15,2025,ATM,SEV,3,0,9,4,13,3,3,0,1,0,66119,Riyadh Air Metropolitano,N/A,0.0,fallback,0,1,post,,
748249,2025-11-01,07:00,2025,VIL,RAY,4,0,3,5,8,4,4,0,1,0,17022,Estadio de la Cerámica,N/A,0.0,fallback,0,1,post,,
748248,2025-10-31,14:00,2025,GET,GIR,2,1,8,3,11,1,3,0,1,0,7223,Estadio Coliseum,N/A,0.0,fallback,0,1,post,,
748237,2025-10-27,14:00,2025,BET,ATM,0,2,2,5,7,-2,2,0,0,1,57537,Estadio La Cartuja,N/A,0.0,fallback,0,1,post,,
748238,2025-10-26,14:00,2025,RAY,ALA,1,0,7,5,12,1,1,0,1,0,11734,Estadio de Vallecas,N/A,0.0,fallback,0,1,post,,
748241,2025-10-26,11:30,2025,OSA,CEL,2,3,6,2,8,-1,5,0,0,1,20065,El Sadar,N/A,0.0,fallback,0,1,post,,
748236,2025-10-26,09:15,2025,RMA,BAR,2,1,12,4,16,1,3,0,1,0,78107,Estadio Bernabéu,N/A,0.0,fallback,0,1,post,,
748240,2025-10-26,07:00,2025,MLL,LEV,1,1,5,4,9,0,2,1,0,0,12964,Estadi Mallorca Son Moix,N/A,0.0,fallback,0,1,post,,
748235,2025-10-25,13:00,2025,VAL,VIL,0,2,8,5,13,-2,2,0,0,1,45560,Mestalla,N/A,0.0,fallback,0,1,post,,
748242,2025-10-25,10:30,2025,ATH,GET,0,1,1,5,6,-1,1,0,0,1,47749,San Mamés,N/A,0.0,fallback,0,1,post,,
748243,2025-10-25,08:15,2025,ESP,ELC,1,0,4,2,6,1,1,0,1,0,30820,RCDE Stadium,N/A,0.0,fallback,0,1,post,,
748239,2025-10-25,06:00,2025,GIR,OVI,3,3,11,4,15,0,6,1,0,0,11120,Municipal de Montilivi,N/A,0.0,fallback,0,1,post,,
748234,2025-10-24,13:00,2025,RSO,SEV,2,1,1,9,10,1,3,0,1,0,30965,Estadio Municipal de Anoeta,N/A,0.0,fallback,0,1,post,,
748226,2025-10-20,13:00,2025,ALA,VAL,0,0,7,0,7,0,0,1,0,0,15564,Mendizorroza,N/A,0.0,fallback,0,1,post,,
748231,2025-10-19,13:00,2025,GET,RMA,0,1,1,4,5,-1,1,0,0,1,10090,Estadio Coliseum,N/A,0.0,fallback,0,1,post,,
748230,2025-10-19,10:30,2025,LEV,RAY,0,3,11,4,15,-3,3,0,0,1,20312,Ciutat de Valencia,N/A,0.0,fallback,0,1,post,,
748233,2025-10-19,08:15,2025,CEL,RSO,1,1,1,10,11,0,2,1,0,0,19102,Estadio Abanca-Balaídos,N/A,0.0,fallback,0,1,post,,
748232,2025-10-19,06:00,2025,ELC,ATH,0,0,6,2,8,0,0,1,0,0,29043,Martínez Valero,N/A,0.0,fallback,0,1,post,,
748224,2025-10-18,13:00,2025,ATM,OSA,1,0,4,2,6,1,1,0,1,0,62884,Riyadh Air Metropolitano,N/A,0.0,fallback,0,1,post,,
748225,2025-10-18,10:30,2025,VIL,BET,2,2,5,6,11,0,4,1,0,0,19238,Estadio de la Cerámica,N/A,0.0,fallback,0,1,post,,
748228,2025-10-18,08:15,2025,BAR,GIR,2,1,11,5,16,1,3,0,1,0,43172,Estadi Olímpic Lluís Companys,N/A,0.0,fallback,0,1,post,,
748227,2025-10-18,06:00,2025,SEV,MLL,1,3,9,2,11,-2,4,0,0,1,37008,Ramón Sánchez-Pizjuán,N/A,0.0,fallback,0,1,post,,
748229,2025-10-17,13:00,2025,OVI,ESP,0,2,3,5,8,-2,2,0,0,1,25625,Carlos Tartiere,N/A,0.0,fallback,0,1,post,,
748221,2025-10-05,13:00,2025,CEL,ATM,1,1,6,3,9,0,2,1,0,0,20877,Estadio Abanca-Balaídos,N/A,0.0,fallback,0,1,post,,
748220,2025-10-05,10:30,2025,ESP,BET,1,2,10,5,15,-1,3,0,0,1,32778,RCDE Stadium,N/A,0.0,fallback,0,1,post,,
748217,2025-10-05,10:30,2025,RSO,RAY,0,1,7,5,12,-1,1,0,0,1,31189,Estadio Municipal de Anoeta,N/A,0.0,fallback,0,1,post,,
748215,2025-10-05,08:15,2025,SEV,BAR,4,1,7,6,13,3,5,0,1,0,41040,Ramón Sánchez-Pizjuán,N/A,0.0,fallback,0,1,post,,
748218,2025-10-05,06:00,2025,ALA,ELC,3,1,15,4,19,2,4,0,1,0,16203,Mendizorroza,N/A,0.0,fallback,0,1,post,,
748214,2025-10-04,13:00,2025,RMA,VIL,3,1,4,0,4,2,4,0,1,0,75216,Estadio Bernabéu,N/A,0.0,fallback,0,1,post,,
748222,2025-10-04,10:30,2025,ATH,MLL,2,1,7,2,9,1,3,0,1,0,47098,San Mamés,N/A,0.0,fallback,0,1,post,,
748219,2025-10-04,08:15,2025,GIR,VAL,2,1,0,7,7,1,3,0,1,0,10867,Municipal de Montilivi,N/A,0.0,fallback,0,1,post,,
748216,2025-10-04,06:00,2025,OVI,LEV,0,2,9,3,12,-2,2,0,0,1,23878,Carlos Tartiere,N/A,0.0,fallback,0,1,post,,
748223,2025-10-03,13:00,2025,OSA,GET,2,1,1,6,7,1,3,0,1,0,19895,El Sadar,N/A,0.0,fallback,0,1,post,,
748211,2025-09-30,12:00,2025,VAL,OVI,1,2,5,4,9,-1,3,0,0,1,40364,Mestalla,N/A,0.0,fallback,0,1,post,,
748212,2025-09-28,13:00,2025,BET,OSA,2,0,5,5,10,2,2,0,1,0,50034,Estadio La Cartuja,N/A,0.0,fallback,0,1,post,,
748208,2025-09-28,10:30,2025,BAR,RSO,2,1,12,1,13,1,3,0,1,0,50103,Estadi Olímpic Lluís Companys,N/A,0.0,fallback,0,1,post,,
748207,2025-09-28,08:15,2025,ELC,CEL,2,1,8,2,10,1,3,0,1,0,26708,Martínez Valero,N/A,0.0,fallback,0,1,post,,
748213,2025-09-28,06:00,2025,RAY,SEV,0,1,12,4,16,-1,1,0,0,1,13080,Estadio de Vallecas,N/A,0.0,fallback,0,1,post,,
748204,2025-09-27,13:00,2025,VIL,ATH,1,0,6,5,11,1,1,0,1,0,18908,Estadio de la Cerámica,N/A,0.0,fallback,0,1,post,,
748209,2025-09-27,10:30,2025,MLL,ALA,1,0,4,9,13,1,1,0,1,0,16275,Estadi Mallorca Son Moix,N/A,0.0,fallback,0,1,post,,
748210,2025-09-27,08:15,2025,ATM,RMA,5,2,7,2,9,3,7,0,1,0,69167,Riyadh Air Metropolitano,N/A,0.0,fallback,0,1,post,,
748206,2025-09-27,06:00,2025,GET,LEV,1,1,6,2,8,0,2,1,0,0,7749,Estadio Coliseum,N/A,0.0,fallback,0,1,post,,
748205,2025-09-26,13:00,2025,GIR,ESP,0,0,8,4,12,0,0,1,0,0,11488,Municipal de Montilivi,N/A,0.0,fallback,0,1,post,,
748202,2025-09-25,13:30,2025,OVI,BAR,1,3,6,9,15,-2,4,0,0,1,29850,Carlos Tartiere,N/A,0.0,fallback,0,1,post,,
748201,2025-09-25,11:30,2025,OSA,ELC,1,1,2,3,5,0,2,1,0,0,19475,El Sadar,N/A,0.0,fallback,0,1,post,,
748197,2025-09-24,13:30,2025,RSO,MLL,1,0,11,2,13,1,1,0,1,0,22442,Estadio Municipal de Anoeta,N/A,0.0,fallback,0,1,post,,
748195,2025-09-24,13:30,2025,ATM,RAY,3,2,8,6,14,1,5,0,1,0,54098,Riyadh Air Metropolitano,N/A,0.0,fallback,0,1,post,,
748199,2025-09-24,11:00,2025,GET,ALA,1,1,2,7,9,0,2,1,0,0,8005,Estadio Coliseum,N/A,0.0,fallback,0,1,post,,
748200,2025-09-23,13:30,2025,LEV,RMA,1,4,1,7,8,-3,5,0,0,1,23361,Ciutat de Valencia,N/A,0.0,fallback,0,1,post,,
748196,2025-09-23,13:30,2025,SEV,VIL,1,2,3,3,6,-1,3,0,0,1,38145,Ramón Sánchez-Pizjuán,N/A,0.0,fallback,0,1,post,,
748203,2025-09-23,11:00,2025,ESP,VAL,2,2,8,3,11,0,4,1,0,0,26802,RCDE Stadium,N/A,0.0,fallback,0,1,post,,
748194,2025-09-23,11:00,2025,ATH,GIR,1,1,8,1,9,0,2,1,0,0,45739,San Mamés,N/A,0.0,fallback,0,1,post,,
748191,2025-09-21,13:00,2025,BAR,GET,3,0,3,3,6,3,3,0,1,0,5711,Estadi Johan Cruyff,N/A,0.0,fallback,0,1,post,,
748192,2025-09-21,10:30,2025,ELC,OVI,1,0,3,3,6,1,1,0,1,0,27235,Martínez Valero,N/A,0.0,fallback,0,1,post,,
748188,2025-09-21,08:15,2025,MLL,ATM,1,1,3,6,9,0,2,1,0,0,21027,Estadi Mallorca Son Moix,N/A,0.0,fallback,0,1,post,,
748184,2025-09-21,06:00,2025,RAY,CEL,1,1,5,7,12,0,2,1,0,0,13028,Estadio de Vallecas,N/A,0.0,fallback,0,1,post,,
748187,2025-09-20,13:00,2025,VAL,ATH,2,0,5,6,11,2,2,0,1,0,46004,Mestalla,N/A,0.0,fallback,0,1,post,,
748190,2025-09-20,10:30,2025,ALA,SEV,1,2,4,4,8,-1,3,0,0,1,17525,Mendizorroza,N/A,0.0,fallback,0,1,post,,
748189,2025-09-20,10:30,2025,VIL,OSA,2,1,7,0,7,1,3,0,1,0,17542,Estadio de la Cerámica,N/A,0.0,fallback,0,1,post,,
748186,2025-09-20,08:15,2025,RMA,ESP,2,0,5,3,8,2,2,0,1,0,73466,Estadio Bernabéu,N/A,0.0,fallback,0,1,post,,
748193,2025-09-20,06:00,2025,GIR,LEV,0,4,5,4,9,-4,4,0,0,1,11048,Municipal de Montilivi,N/A,0.0,fallback,0,1,post,,
748185,2025-09-19,13:00,2025,BET,RSO,3,1,3,5,8,2,4,0,1,0,59773,Estadio La Cartuja,N/A,0.0,fallback,0,1,post,,
748178,2025-09-15,13:00,2025,ESP,MLL,3,2,3,9,12,1,5,0,1,0,26082,RCDE Stadium,N/A,0.0,fallback,0,1,post,,
748180,2025-09-14,13:00,2025,BAR,VAL,6,0,5,4,9,6,6,0,1,0,5862,Estadi Johan Cruyff,N/A,0.0,fallback,0,1,post,,
748176,2025-09-14,10:30,2025,OSA,RAY,2,0,3,6,9,2,2,0,1,0,20511,El Sadar,N/A,0.0,fallback,0,1,post,,
748175,2025-09-14,08:15,2025,LEV,BET,2,2,4,12,16,0,4,1,0,0,21938,Ciutat de Valencia,N/A,0.0,fallback,0,1,post,,
748179,2025-09-14,06:00,2025,CEL,GIR,1,1,10,3,13,0,2,1,0,0,18862,Estadio Abanca-Balaídos,N/A,0.0,fallback,0,1,post,,
748181,2025-09-13,13:00,2025,ATM,VIL,2,0,8,3,11,2,2,0,1,0,63312,Riyadh Air Metropolitano,N/A,0.0,fallback,0,1,post,,
748182,2025-09-13,10:30,2025,ATH,ALA,0,1,6,6,12,-1,1,0,0,1,49136,San Mamés,N/A,0.0,fallback,0,1,post,,
748177,2025-09-13,08:15,2025,RSO,RMA,1,2,12,4,16,-1,3,0,0,1,36958,Estadio Municipal de Anoeta,N/A,0.0,fallback,0,1,post,,
748174,2025-09-13,06:00,2025,GET,OVI,2,0,4,3,7,2,2,0,1,0,8657,Estadio Coliseum,N/A,0.0,fallback,0,1,post,,
748183,2025-09-12,13:00,2025,SEV,ELC,2,2,2,2,4,0,4,1,0,0,37331,Ramón Sánchez-Pizjuán,N/A,0.0,fallback,0,1,post,,
748165,2025-08-31,13:30,2025,RAY,BAR,1,1,9,4,13,0,2,1,0,0,14438,Estadio de Vallecas,N/A,0.0,fallback,0,1,post,,
748169,2025-08-31,11:30,2025,ESP,OSA,1,0,2,3,5,1,1,0,1,0,29780,RCDE Stadium,N/A,0.0,fallback,0,1,post,,
748166,2025-08-31,11:00,2025,BET,ATH,1,2,4,10,14,-1,3,0,0,1,65222,Estadio La Cartuja,N/A,0.0,fallback,0,1,post,,
748171,2025-08-31,09:00,2025,CEL,VIL,1,1,1,5,6,0,2,1,0,0,20172,Estadio Abanca-Balaídos,N/A,0.0,fallback,0,1,post,,
748167,2025-08-30,13:30,2025,RMA,MLL,2,1,4,5,9,1,3,0,1,0,72699,Estadio Bernabéu,N/A,0.0,fallback,0,1,post,,
748164,2025-08-30,11:30,2025,GIR,SEV,0,2,11,3,14,-2,2,0,0,1,11305,Municipal de Montilivi,N/A,0.0,fallback,0,1,post,,
748173,2025-08-30,11:00,2025,OVI,RSO,1,0,1,10,11,1,1,0,1,0,25688,Carlos Tartiere,N/A,0.0,fallback,0,1,post,,
748172,2025-08-30,09:00,2025,ALA,ATM,1,1,1,6,7,0,2,1,0,0,18042,Mendizorroza,N/A,0.0,fallback,0,1,post,,
748168,2025-08-29,13:30,2025,VAL,GET,3,0,8,6,14,3,3,0,1,0,45449,Mestalla,N/A,0.0,fallback,0,1,post,,
748170,2025-08-29,11:30,2025,ELC,LEV,2,0,4,2,6,2,2,0,1,0,26935,Martínez Valero,N/A,0.0,fallback,0,1,post,,
748198,2025-08-27,13:00,2025,CEL,BET,1,1,10,4,14,0,2,1,0,0,20302,Estadio Abanca-Balaídos,N/A,0.0,fallback,0,1,post,,
748157,2025-08-25,13:30,2025,SEV,GET,1,2,5,3,8,-1,3,0,0,1,36697,Ramón Sánchez-Pizjuán,N/A,0.0,fallback,0,1,post,,
748160,2025-08-25,11:30,2025,ATH,RAY,1,0,3,6,9,1,1,0,1,0,48703,San Mamés,N/A,0.0,fallback,0,1,post,,
748155,2025-08-24,13:30,2025,OVI,RMA,0,3,1,9,10,-3,3,0,0,1,29758,Carlos Tartiere,N/A,0.0,fallback,0,1,post,,
748163,2025-08-24,11:30,2025,VIL,GIR,5,0,8,1,9,5,5,0,1,0,18195,Estadio de la Cerámica,N/A,0.0,fallback,0,1,post,,
748156,2025-08-24,11:30,2025,RSO,ESP,2,2,5,2,7,0,4,1,0,0,31616,Estadio Municipal de Anoeta,N/A,0.0,fallback,0,1,post,,
748159,2025-08-24,09:00,2025,OSA,VAL,1,0,3,4,7,1,1,0,1,0,21226,El Sadar,N/A,0.0,fallback,0,1,post,,
748162,2025-08-23,13:30,2025,LEV,BAR,2,3,0,11,11,-1,5,0,0,1,23415,Ciutat de Valencia,N/A,0.0,fallback,0,1,post,,
748161,2025-08-23,11:30,2025,ATM,ELC,1,1,10,2,12,0,2,1,0,0,59369,Riyadh Air Metropolitano,N/A,0.0,fallback,0,1,post,,
748154,2025-08-23,09:00,2025,MLL,CEL,1,1,3,4,7,0,2,1,0,0,16274,Estadi Mallorca Son Moix,N/A,0.0,fallback,0,1,post,,
748158,2025-08-22,13:30,2025,BET,ALA,1,0,6,2,8,1,1,0,1,0,54646,Estadio La Cartuja,N/A,0.0,fallback,0,1,post,,
748145,2025-08-19,13:00,2025,RMA,OSA,1,0,7,0,7,1,1,0,1,0,68407,Estadio Bernabéu,N/A,0.0,fallback,0,1,post,,
748147,2025-08-18,13:00,2025,ELC,BET,1,1,1,3,4,0,2,1,0,0,28585,Martínez Valero,N/A,0.0,fallback,0,1,post,,
748146,2025-08-17,13:30,2025,ESP,ATM,2,1,1,3,4,1,3,0,1,0,29612,RCDE Stadium,N/A,0.0,fallback,0,1,post,,
748149,2025-08-17,11:30,2025,ATH,SEV,3,2,10,1,11,1,5,0,1,0,49134,San Mamés,N/A,0.0,fallback,0,1,post,,
748148,2025-08-17,09:00,2025,CEL,GET,0,2,9,3,12,-2,2,0,0,1,20530,Estadio Abanca-Balaídos,N/A,0.0,fallback,0,1,post,,
748150,2025-08-16,13:30,2025,ALA,LEV,2,1,10,1,11,1,3,0,1,0,12837,Mendizorroza,N/A,0.0,fallback,0,1,post,,
748144,2025-08-16,13:30,2025,VAL,RSO,1,1,8,7,15,0,2,1,0,0,45333,Mestalla,N/A,0.0,fallback,0,1,post,,
748153,2025-08-16,11:30,2025,MLL,BAR,0,3,3,6,9,-3,3,0,0,1,23318,Estadi Mallorca Son Moix,N/A,0.0,fallback,0,1,post,,
748151,2025-08-15,13:30,2025,VIL,OVI,2,0,10,1,11,2,2,0,1,0,18333,Estadio de la Cerámica,N/A,0.0,fallback,0,1,post,,
748152,2025-08-15,11:00,2025,GIR,RAY,1,3,2,4,6,-2,4,0,0,1,12403,Municipal de Montilivi,N/A,0.0,fallback,0,1,post,,
705035,2025-05-25,13:00,2025,ATH,BAR,0,3,2,6,8,-3,3,0,0,1,50231,San Mamés,N/A,0.0,fallback,0,1,post,,
705031,2025-05-25,08:15,2025,VIL,SEV,4,2,3,5,8,2,6,0,1,0,17758,Estadio de la Cerámica,N/A,0.0,fallback,0,1,post,,
705033,2025-05-25,06:00,2025,GIR,ATM,0,4,1,8,9,-4,4,0,0,1,11546,Municipal de Montilivi,N/A,0.0,fallback,0,1,post,,
705039,2025-05-24,13:00,2025,GET,CEL,1,2,2,6,8,-1,3,0,0,1,12862,Estadio Coliseum,N/A,0.0,fallback,0,1,post,,
705037,2025-05-24,13:00,2025,RAY,MLL,0,0,11,2,13,0,0,1,0,0,13854,Estadio de Vallecas,N/A,0.0,fallback,0,1,post,,
705030,2025-05-24,13:00,2025,ALA,OSA,1,1,6,10,16,0,2,1,0,0,19274,Mendizorroza,N/A,0.0,fallback,0,1,post,,
705038,2025-05-24,10:30,2025,LEG,VLL,3,0,3,4,7,3,3,0,1,0,11523,Estadio Ontime Butarque,N/A,0.0,fallback,0,1,post,,
705032,2025-05-24,10:30,2025,ESP,LPA,2,0,3,6,9,2,2,0,1,0,32511,RCDE Stadium,N/A,0.0,fallback,0,1,post,,
705034,2025-05-24,08:15,2025,RMA,RSO,2,0,11,4,15,2,2,0,1,0,73186,Estadio Bernabéu,N/A,0.0,fallback,0,1,post,,
705036,2025-05-23,13:00,2025,BET,VAL,1,1,3,2,5,0,2,1,0,0,51141,Benito Villamarín,N/A,0.0,fallback,0,1,post,,
705029,2025-05-18,11:00,2025,VAL,ATH,0,1,5,3,8,-1,1,0,0,1,45641,Mestalla,N/A,0.0,fallback,0,1,post,,
705028,2025-05-18,11:00,2025,SEV,RMA,0,2,1,7,8,-2,2,0,0,1,32500,Ramón Sánchez-Pizjuán,N/A,0.0,fallback,0,1,post,,
705027,2025-05-18,11:00,2025,VLL,ALA,0,1,5,9,14,-1,1,0,0,1,14506,José Zorrilla,N/A,0.0,fallback,0,1,post,,
705026,2025-05-18,11:00,2025,RSO,GIR,3,2,9,2,11,1,5,0,1,0,28315,Estadio Municipal de Anoeta,N/A,0.0,fallback,0,1,post,,
705025,2025-05-18,11:00,2025,OSA,ESP,2,0,8,6,14,2,2,0,1,0,21131,El Sadar,N/A,0.0,fallback,0,1,post,,
705024,2025-05-18,11:00,2025,MLL,GET,1,2,3,4,7,-1,3,0,0,1,18124,Estadi Mallorca Son Moix,N/A,0.0,fallback,0,1,post,,
705023,2025-05-18,11:00,2025,LPA,LEG,0,1,9,2,11,-1,1,0,0,1,11279,Estadio Gran Canaria,N/A,0.0,fallback,0,1,post,,
705022,2025-05-18,11:00,2025,CEL,RAY,1,2,9,2,11,-1,3,0,0,1,21482,Estadio Abanca-Balaídos,N/A,0.0,fallback,0,1,post,,
705021,2025-05-18,11:00,2025,BAR,VIL,2,3,11,3,14,-1,5,0,0,1,49558,Estadi Olímpic Lluís Companys,N/A,0.0,fallback,0,1,post,,
705020,2025-05-18,11:00,2025,ATM,BET,4,1,7,4,11,3,5,0,1,0,62269,Riyadh Air Metropolitano,N/A,0.0,fallback,0,1,post,,
705018,2025-05-15,13:30,2025,ESP,BAR,0,2,3,3,6,-2,2,0,0,1,34283,RCDE Stadium,N/A,0.0,fallback,0,1,post,,
705011,2025-05-15,13:30,2025,GET,ATH,0,2,2,5,7,-2,2,0,0,1,11564,Estadio Coliseum,N/A,0.0,fallback,0,1,post,,
705013,2025-05-15,11:00,2025,RAY,BET,2,2,10,7,17,0,4,1,0,0,13480,Estadio de Vallecas,N/A,0.0,fallback,0,1,post,,
705012,2025-05-15,11:00,2025,OSA,ATM,2,0,3,5,8,2,2,0,1,0,21171,El Sadar,N/A,0.0,fallback,0,1,post,,
705014,2025-05-14,13:30,2025,RMA,MLL,2,1,26,0,26,1,3,0,1,0,60753,Estadio Bernabéu,N/A,0.0,fallback,0,1,post,,
705019,2025-05-14,11:00,2025,VIL,LEG,3,0,3,6,9,3,3,0,1,0,17067,Estadio de la Cerámica,N/A,0.0,fallback,0,1,post,,
705010,2025-05-14,11:00,2025,ALA,VAL,1,0,9,4,13,1,1,0,1,0,17626,Mendizorroza,N/A,0.0,fallback,0,1,post,,
705017,2025-05-13,13:30,2025,SEV,LPA,1,0,4,2,6,1,1,0,1,0,37078,Ramón Sánchez-Pizjuán,N/A,0.0,fallback,0,1,post,,
705015,2025-05-13,12:00,2025,RSO,CEL,0,1,14,1,15,-1,1,0,0,1,25124,Estadio Municipal de Anoeta,N/A,0.0,fallback,0,1,post,,
705016,2025-05-13,11:00,2025,VLL,GIR,0,1,6,4,10,-1,1,0,0,1,12664,José Zorrilla,N/A,0.0,fallback,0,1,post,,
705008,2025-05-11,13:00,2025,BET,OSA,1,1,6,7,13,0,2,1,0,0,52839,Benito Villamarín,N/A,0.0,fallback,0,1,post,,
705000,2025-05-11,10:30,2025,ATH,ALA,1,0,9,2,11,1,1,0,1,0,47947,San Mamés,N/A,0.0,fallback,0,1,post,,
705002,2025-05-11,08:15,2025,BAR,RMA,4,3,10,2,12,1,7,0,1,0,50319,Estadi Olímpic Lluís Companys,N/A,0.0,fallback,0,1,post,,
705006,2025-05-11,06:00,2025,LEG,ESP,3,2,3,8,11,1,5,0,1,0,11669,Estadio Ontime Butarque,N/A,0.0,fallback,0,1,post,,
705001,2025-05-10,13:00,2025,ATM,RSO,4,0,3,3,6,4,4,0,1,0,59612,Riyadh Air Metropolitano,N/A,0.0,fallback,0,1,post,,
705009,2025-05-10,10:30,2025,GIR,VIL,0,1,5,3,8,-1,1,0,0,1,12011,Municipal de Montilivi,N/A,0.0,fallback,0,1,post,,
705007,2025-05-10,10:30,2025,MLL,VLL,2,1,5,10,15,1,3,0,1,0,16018,Estadi Mallorca Son Moix,N/A,0.0,fallback,0,1,post,,
705003,2025-05-10,08:15,2025,CEL,SEV,3,2,3,6,9,1,5,0,1,0,20281,Estadio Abanca-Balaídos,N/A,0.0,fallback,0,1,post,,
705005,2025-05-10,06:00,2025,VAL,GET,3,0,2,6,8,3,3,0,1,0,43357,Mestalla,N/A,0.0,fallback,0,1,post,,
705004,2025-05-09,13:00,2025,LPA,RAY,0,1,8,8,16,-1,1,0,0,1,20577,Estadio Gran Canaria,N/A,0.0,fallback,0,1,post,,
704992,2025-05-05,13:00,2025,GIR,MLL,1,0,5,2,7,1,1,0,1,0,7721,Municipal de Montilivi,N/A,0.0,fallback,0,1,post,,
704995,2025-05-04,13:00,2025,RSO,ATH,0,0,7,3,10,0,0,1,0,0,36058,Estadio Municipal de Anoeta,N/A,0.0,fallback,0,1,post,,
704990,2025-05-04,10:30,2025,ESP,BET,1,2,3,7,10,-1,3,0,0,1,29126,RCDE Stadium,N/A,0.0,fallback,0,1,post,,
704997,2025-05-04,08:15,2025,SEV,LEG,2,2,8,2,10,0,4,1,0,0,35495,Ramón Sánchez-Pizjuán,N/A,0.0,fallback,0,1,post,,
704994,2025-05-04,06:00,2025,RMA,CEL,3,2,4,6,10,1,5,0,1,0,67661,Estadio Bernabéu,N/A,0.0,fallback,0,1,post,,
704996,2025-05-03,13:00,2025,VLL,BAR,1,2,4,8,12,-1,3,0,0,1,23967,José Zorrilla,N/A,0.0,fallback,0,1,post,,
704999,2025-05-03,10:30,2025,LPA,VAL,2,3,9,5,14,-1,5,0,0,1,24942,Estadio Gran Canaria,N/A,0.0,fallback,0,1,post,,
704991,2025-05-03,08:15,2025,VIL,OSA,4,2,2,8,10,2,6,0,1,0,17147,Estadio de la Cerámica,N/A,0.0,fallback,0,1,post,,
704993,2025-05-03,06:00,2025,ALA,ATM,0,0,3,5,8,0,0,1,0,0,18117,Mendizorroza,N/A,0.0,fallback,0,1,post,,
704998,2025-05-02,13:00,2025,RAY,GET,1,0,7,3,10,1,1,0,1,0,11648,Estadio de Vallecas,N/A,0.0,fallback,0,1,post,,
704919,2025-04-27,08:15,2025,VIL,ESP,1,0,8,6,14,1,1,0,1,0,17236,Estadio de la Cerámica,N/A,0.0,fallback,0,1,post,,
704985,2025-04-24,13:30,2025,BET,VLL,5,1,4,4,8,4,6,0,1,0,46458,Benito Villamarín,N/A,0.0,fallback,0,1,post,,
704980,2025-04-24,13:30,2025,ATM,RAY,3,0,6,3,9,3,3,0,1,0,49410,Riyadh Air Metropolitano,N/A,0.0,fallback,0,1,post,,
704989,2025-04-24,11:00,2025,OSA,SEV,1,0,4,4,8,1,1,0,1,0,20555,El Sadar,N/A,0.0,fallback,0,1,post,,
704983,2025-04-24,11:00,2025,LEG,GIR,1,1,4,5,9,0,2,1,0,0,11595,Estadio Ontime Butarque,N/A,0.0,fallback,0,1,post,,
704986,2025-04-23,13:30,2025,ALA,RSO,1,0,6,6,12,1,1,0,1,0,17049,Mendizorroza,N/A,0.0,fallback,0,1,post,,
704981,2025-04-23,13:30,2025,GET,RMA,0,1,4,4,8,-1,1,0,0,1,15184,Estadio Coliseum,N/A,0.0,fallback,0,1,post,,
704987,2025-04-23,11:00,2025,CEL,VIL,3,0,6,3,9,3,3,0,1,0,19324,Estadio Abanca-Balaídos,N/A,0.0,fallback,0,1,post,,
704984,2025-04-23,11:00,2025,ATH,LPA,1,0,3,3,6,1,1,0,1,0,47724,San Mamés,N/A,0.0,fallback,0,1,post,,
704988,2025-04-22,13:30,2025,BAR,MLL,1,0,13,2,15,1,1,0,1,0,45602,Estadi Olímpic Lluís Companys,N/A,0.0,fallback,0,1,post,,
704982,2025-04-22,11:00,2025,VAL,ESP,1,1,6,4,10,0,2,1,0,0,42448,Mestalla,N/A,0.0,fallback,0,1,post,,
704979,2025-04-21,13:00,2025,GIR,BET,1,3,8,9,17,-2,4,0,0,1,12535,Municipal de Montilivi,N/A,0.0,fallback,0,1,post,,
704974,2025-04-20,13:00,2025,RMA,ATH,1,0,14,1,15,1,1,0,1,0,72535,Estadio Bernabéu,N/A,0.0,fallback,0,1,post,,
704976,2025-04-20,10:30,2025,SEV,ALA,1,1,3,6,9,0,2,1,0,0,36436,Ramón Sánchez-Pizjuán,N/A,0.0,fallback,0,1,post,,
704978,2025-04-20,08:15,2025,VIL,RSO,2,2,10,4,14,0,4,1,0,0,17620,Estadio de la Cerámica,N/A,0.0,fallback,0,1,post,,
704975,2025-04-20,06:00,2025,VLL,OSA,2,3,5,2,7,-1,5,0,0,1,12230,José Zorrilla,N/A,0.0,fallback,0,1,post,,
704971,2025-04-19,13:00,2025,LPA,ATM,1,0,4,4,8,1,1,0,1,0,27154,Estadio Gran Canaria,N/A,0.0,fallback,0,1,post,,
704972,2025-04-19,10:30,2025,MLL,LEG,0,0,4,5,9,0,0,1,0,0,17404,Estadi Mallorca Son Moix,N/A,0.0,fallback,0,1,post,,
704970,2025-04-19,08:15,2025,BAR,CEL,4,3,4,1,5,1,7,0,1,0,48569,Estadi Olímpic Lluís Companys,N/A,0.0,fallback,0,1,post,,
704973,2025-04-19,06:00,2025,RAY,VAL,1,1,5,2,7,0,2,1,0,0,11308,Estadio de Vallecas,N/A,0.0,fallback,0,1,post,,
704977,2025-04-18,13:00,2025,ESP,GET,1,0,6,8,14,1,1,0,1,0,25003,RCDE Stadium,N/A,0.0,fallback,0,1,post,,
704969,2025-04-14,13:00,2025,ATM,VLL,4,2,5,1,6,2,6,0,1,0,55936,Riyadh Air Metropolitano,N/A,0.0,fallback,0,1,post,,
704968,2025-04-13,13:00,2025,ATH,RAY,3,1,7,1,8,2,4,0,1,0,47584,San Mamés,N/A,0.0,fallback,0,1,post,,
704964,2025-04-13,10:30,2025,BET,VIL,1,2,5,5,10,-1,3,0,0,1,54778,Benito Villamarín,N/A,0.0,fallback,0,1,post,,
704966,2025-04-13,08:15,2025,ALA,RMA,0,1,4,4,8,-1,1,0,0,1,19438,Mendizorroza,N/A,0.0,fallback,0,1,post,,
704963,2025-04-13,06:00,2025,OSA,GIR,2,1,4,4,8,1,3,0,1,0,20260,El Sadar,N/A,0.0,fallback,0,1,post,,
704962,2025-04-12,13:00,2025,LEG,BAR,0,1,4,8,12,-1,1,0,0,1,12530,Estadio Ontime Butarque,N/A,0.0,fallback,0,1,post,,
704960,2025-04-12,10:30,2025,CEL,ESP,0,2,13,5,18,-2,2,0,0,1,19801,Estadio Abanca-Balaídos,N/A,0.0,fallback,0,1,post,,
704961,2025-04-12,08:15,2025,GET,LPA,1,3,3,2,5,-2,4,0,0,1,8370,Estadio Coliseum,N/A,0.0,fallback,0,1,post,,
704965,2025-04-12,06:00,2025,RSO,MLL,0,2,8,2,10,-2,2,0,0,1,29181,Estadio Municipal de Anoeta,N/A,0.0,fallback,0,1,post,,
704967,2025-04-11,13:00,2025,VAL,SEV,1,0,3,3,6,1,1,0,1,0,45618,Mestalla,N/A,0.0,fallback,0,1,post,,
704950,2025-04-07,13:00,2025,LEG,OSA,1,1,4,8,12,0,2,1,0,0,10755,Estadio Ontime Butarque,N/A,0.0,fallback,0,1,post,,
704951,2025-04-06,13:00,2025,VIL,ATH,0,0,6,5,11,0,0,1,0,0,19158,Estadio de la Cerámica,N/A,0.0,fallback,0,1,post,,
704959,2025-04-06,10:30,2025,VLL,GET,0,4,3,4,7,-4,4,0,0,1,17737,José Zorrilla,N/A,0.0,fallback,0,1,post,,
704955,2025-04-06,08:15,2025,SEV,ATM,1,2,7,7,14,-1,3,0,0,1,34505,Ramón Sánchez-Pizjuán,N/A,0.0,fallback,0,1,post,,
704956,2025-04-06,06:00,2025,LPA,RSO,1,3,6,4,10,-2,4,0,0,1,22616,Estadio Gran Canaria,N/A,0.0,fallback,0,1,post,,
704958,2025-04-05,13:00,2025,BAR,BET,1,1,9,3,12,0,2,1,0,0,47043,Estadi Olímpic Lluís Companys,N/A,0.0,fallback,0,1,post,,
704954,2025-04-05,10:30,2025,MLL,CEL,1,2,4,2,6,-1,3,0,0,1,18291,Estadi Mallorca Son Moix,N/A,0.0,fallback,0,1,post,,
704953,2025-04-05,08:15,2025,RMA,VAL,1,2,9,4,13,-1,3,0,0,1,75382,Estadio Bernabéu,N/A,0.0,fallback,0,1,post,,
704957,2025-04-05,06:00,2025,GIR,ALA,0,1,6,3,9,-1,1,0,0,1,11384,Municipal de Montilivi,N/A,0.0,fallback,0,1,post,,
704952,2025-04-04,13:00,2025,RAY,ESP,0,4,8,4,12,-4,4,0,0,1,11905,Estadio de Vallecas,N/A,0.0,fallback,0,1,post,,
704943,2025-03-31,13:00,2025,CEL,LPA,1,1,4,2,6,0,2,1,0,0,18549,Estadio Abanca-Balaídos,N/A,0.0,fallback,0,1,post,,
704944,2025-03-30,13:00,2025,BET,SEV,2,1,2,2,4,1,3,0,1,0,58538,Benito Villamarín,N/A,0.0,fallback,0,1,post,,
704945,2025-03-30,10:30,2025,VAL,MLL,1,0,4,5,9,1,1,0,1,0,44082,Mestalla,N/A,0.0,fallback,0,1,post,,
704941,2025-03-30,10:30,2025,ATH,OSA,0,0,3,4,7,0,0,1,0,0,49671,San Mamés,N/A,0.0,fallback,0,1,post,,
704942,2025-03-30,08:15,2025,BAR,GIR,4,1,10,2,12,3,5,0,1,0,48258,Estadi Olímpic Lluís Companys,N/A,0.0,fallback,0,1,post,,
704949,2025-03-30,06:00,2025,GET,VIL,1,2,3,1,4,-1,3,0,0,1,11406,Estadio Coliseum,N/A,0.0,fallback,0,1,post,,
704946,2025-03-29,14:00,2025,RMA,LEG,3,2,8,3,11,1,5,0,1,0,73641,Estadio Bernabéu,N/A,0.0,fallback,0,1,post,,
704940,2025-03-29,11:30,2025,ALA,RAY,0,2,8,5,13,-2,2,0,0,1,18336,Mendizorroza,N/A,0.0,fallback,0,1,post,,
704948,2025-03-29,09:15,2025,ESP,ATM,1,1,4,3,7,0,2,1,0,0,30559,RCDE Stadium,N/A,0.0,fallback,0,1,post,,
704947,2025-03-29,07:00,2025,RSO,VLL,2,1,3,6,9,1,3,0,1,0,28151,Estadio Municipal de Anoeta,N/A,0.0,fallback,0,1,post,,
704922,2025-03-27,14:00,2025,BAR,OSA,3,0,8,4,12,3,3,0,1,0,42319,Estadi Olímpic Lluís Companys,N/A,0.0,fallback,0,1,post,,
704930,2025-03-16,14:00,2025,ATM,BAR,2,4,6,6,12,-2,6,0,0,1,67602,Riyadh Air Metropolitano,N/A,0.0,fallback,0,1,post,,
704936,2025-03-16,11:30,2025,RAY,RSO,2,2,4,4,8,0,4,1,0,0,12364,Estadio de Vallecas,N/A,0.0,fallback,0,1,post,,
704935,2025-03-16,11:30,2025,OSA,GET,1,2,3,2,5,-1,3,0,0,1,19611,El Sadar,N/A,0.0,fallback,0,1,post,,
704938,2025-03-16,09:15,2025,SEV,ATH,0,1,4,6,10,-1,1,0,0,1,37016,Ramón Sánchez-Pizjuán,N/A,0.0,fallback,0,1,post,,
704933,2025-03-16,07:00,2025,LEG,BET,2,3,3,7,10,-1,5,0,0,1,11691,Estadio Ontime Butarque,N/A,0.0,fallback,0,1,post,,
704931,2025-03-15,14:00,2025,GIR,VAL,1,1,9,4,13,0,2,1,0,0,10262,Municipal de Montilivi,N/A,0.0,fallback,0,1,post,,
704939,2025-03-15,11:30,2025,VIL,RMA,1,2,11,4,15,-1,3,0,0,1,20559,Estadio de la Cerámica,N/A,0.0,fallback,0,1,post,,
704934,2025-03-15,09:15,2025,MLL,ESP,2,1,6,2,8,1,3,0,1,0,18240,Estadi Mallorca Son Moix,N/A,0.0,fallback,0,1,post,,
704937,2025-03-15,07:00,2025,VLL,CEL,0,1,3,4,7,-1,1,0,0,1,17521,José Zorrilla,N/A,0.0,fallback,0,1,post,,
704932,2025-03-14,14:00,2025,LPA,ALA,2,2,4,5,9,0,4,1,0,0,17566,Estadio Gran Canaria,N/A,0.0,fallback,0,1,post,,
704928,2025-03-10,14:00,2025,ESP,GIR,1,1,4,9,13,0,2,1,0,0,23997,RCDE Stadium,N/A,0.0,fallback,0,1,post,,
704927,2025-03-09,14:00,2025,RSO,SEV,0,1,6,3,9,-1,1,0,0,1,25478,Estadio Municipal de Anoeta,N/A,0.0,fallback,0,1,post,,
704925,2025-03-09,11:30,2025,BET,LPA,1,0,11,1,12,1,1,0,1,0,49292,Benito Villamarín,N/A,0.0,fallback,0,1,post,,
704921,2025-03-09,11:30,2025,ATH,MLL,1,1,3,3,6,0,2,1,0,0,48203,San Mamés,N/A,0.0,fallback,0,1,post,,
704926,2025-03-09,09:15,2025,RMA,RAY,2,1,4,6,10,1,3,0,1,0,74170,Estadio Bernabéu,N/A,0.0,fallback,0,1,post,,
704924,2025-03-09,07:00,2025,GET,ATM,2,1,4,4,8,1,3,0,1,0,12862,Estadio Coliseum,N/A,0.0,fallback,0,1,post,,
704929,2025-03-08,11:30,2025,VAL,VLL,2,1,5,4,9,1,3,0,1,0,41720,Mestalla,N/A,0.0,fallback,0,1,post,,
704920,2025-03-08,09:15,2025,ALA,VIL,1,0,1,6,7,1,1,0,1,0,16582,Mendizorroza,N/A,0.0,fallback,0,1,post,,
704923,2025-03-08,07:00,2025,CEL,LEG,2,1,2,5,7,1,3,0,1,0,17326,Estadio Abanca-Balaídos,N/A,0.0,fallback,0,1,post,,
704915,2025-03-02,14:00,2025,OSA,VAL,3,3,0,0,0,0,6,1,0,0,19230,El Sadar,N/A,0.0,fallback,0,1,post,,
704914,2025-03-02,11:30,2025,MLL,ALA,1,1,3,9,12,0,2,1,0,0,17702,Estadi Mallorca Son Moix,N/A,0.0,fallback,0,1,post,,
704911,2025-03-02,09:15,2025,BAR,RSO,4,0,12,0,12,4,4,0,1,0,46324,Estadi Olímpic Lluís Companys,N/A,0.0,fallback,0,1,post,,
704913,2025-03-02,07:00,2025,LEG,GET,1,0,2,7,9,1,1,0,1,0,10311,Estadio Ontime Butarque,N/A,0.0,fallback,0,1,post,,
704910,2025-03-01,14:00,2025,ATM,ATH,1,0,6,2,8,1,1,0,1,0,63810,Riyadh Air Metropolitano,N/A,0.0,fallback,0,1,post,,
704917,2025-03-01,11:30,2025,BET,RMA,2,1,9,2,11,1,3,0,1,0,55873,Benito Villamarín,N/A,0.0,fallback,0,1,post,,
704916,2025-03-01,09:15,2025,RAY,SEV,1,1,6,6,12,0,2,1,0,0,11947,Estadio de Vallecas,N/A,0.0,fallback,0,1,post,,
704912,2025-03-01,07:00,2025,GIR,CEL,2,2,4,2,6,0,4,1,0,0,11449,Municipal de Montilivi,N/A,0.0,fallback,0,1,post,,
704918,2025-02-28,14:00,2025,VLL,LPA,1,1,13,4,17,0,2,1,0,0,15643,José Zorrilla,N/A,0.0,fallback,0,1,post,,
704908,2025-02-24,14:00,2025,SEV,MLL,1,1,4,4,8,0,2,1,0,0,35424,Ramón Sánchez-Pizjuán,N/A,0.0,fallback,0,1,post,,
704907,2025-02-23,14:00,2025,RSO,LEG,3,0,3,3,6,3,3,0,1,0,22533,Estadio Municipal de Anoeta,N/A,0.0,fallback,0,1,post,,
704903,2025-02-23,11:30,2025,GET,BET,1,2,2,5,7,-1,3,0,0,1,13964,Estadio Coliseum,N/A,0.0,fallback,0,1,post,,
704906,2025-02-23,09:15,2025,RMA,GIR,2,0,11,5,16,2,2,0,1,0,74028,Estadio Bernabéu,N/A,0.0,fallback,0,1,post,,
704901,2025-02-23,07:00,2025,ATH,VLL,7,1,4,4,8,6,8,0,1,0,47715,San Mamés,N/A,0.0,fallback,0,1,post,,
704909,2025-02-22,14:00,2025,LPA,BAR,0,2,5,3,8,-2,2,0,0,1,30746,Estadio Gran Canaria,N/A,0.0,fallback,0,1,post,,
704905,2025-02-22,11:30,2025,VAL,ATM,0,3,8,0,8,-3,3,0,0,1,46297,Mestalla,N/A,0.0,fallback,0,1,post,,
704904,2025-02-22,09:15,2025,RAY,VIL,0,1,3,5,8,-1,1,0,0,1,13373,Estadio de Vallecas,N/A,0.0,fallback,0,1,post,,
704900,2025-02-22,07:00,2025,ALA,ESP,0,1,7,0,7,-1,1,0,0,1,17068,Mendizorroza,N/A,0.0,fallback,0,1,post,,
704902,2025-02-21,14:00,2025,CEL,OSA,1,0,5,4,9,1,1,0,1,0,22005,Estadio Abanca-Balaídos,N/A,0.0,fallback,0,1,post,,
704891,2025-02-17,14:00,2025,BAR,RAY,1,0,4,5,9,1,1,0,1,0,45296,Estadi Olímpic Lluís Companys,N/A,0.0,fallback,0,1,post,,
704896,2025-02-16,14:00,2025,BET,RSO,3,0,5,5,10,3,3,0,1,0,48758,Benito Villamarín,N/A,0.0,fallback,0,1,post,,
704894,2025-02-16,11:30,2025,MLL,LPA,3,1,3,5,8,2,4,0,1,0,18475,Estadi Mallorca Son Moix,N/A,0.0,fallback,0,1,post,,
704897,2025-02-16,09:15,2025,VLL,SEV,0,4,3,2,5,-4,4,0,0,1,22123,José Zorrilla,N/A,0.0,fallback,0,1,post,,
704898,2025-02-16,07:00,2025,ESP,ATH,1,1,2,7,9,0,2,1,0,0,26645,RCDE Stadium,N/A,0.0,fallback,0,1,post,,
704899,2025-02-15,14:00,2025,VIL,VAL,1,1,4,5,9,0,2,1,0,0,19701,Estadio de la Cerámica,N/A,0.0,fallback,0,1,post,,
704890,2025-02-15,11:30,2025,ATM,CEL,1,1,2,7,9,0,2,1,0,0,64211,Riyadh Air Metropolitano,N/A,0.0,fallback,0,1,post,,
704895,2025-02-15,09:15,2025,OSA,RMA,1,1,6,2,8,0,2,1,0,0,22390,El Sadar,N/A,0.0,fallback,0,1,post,,
704893,2025-02-15,07:00,2025,LEG,ALA,3,3,3,2,5,0,6,1,0,0,10681,Estadio Ontime Butarque,N/A,0.0,fallback,0,1,post,,
704892,2025-02-14,14:00,2025,GIR,GET,1,2,3,3,6,-1,3,0,0,1,10354,Municipal de Montilivi,N/A,0.0,fallback,0,1,post,,
704884,2025-02-10,14:00,2025,MLL,OSA,1,1,7,11,18,0,2,1,0,0,15378,Estadi Mallorca Son Moix,N/A,0.0,fallback,0,1,post,,
704888,2025-02-09,14:00,2025,SEV,BAR,1,4,5,6,11,-3,5,0,0,1,38592,Ramón Sánchez-Pizjuán,N/A,0.0,fallback,0,1,post,,
704887,2025-02-09,11:30,2025,RSO,ESP,2,1,7,0,7,1,3,0,1,0,29478,Estadio Municipal de Anoeta,N/A,0.0,fallback,0,1,post,,
704889,2025-02-09,09:15,2025,VAL,LEG,2,0,9,3,12,2,2,0,1,0,42312,Mestalla,N/A,0.0,fallback,0,1,post,,
704880,2025-02-09,07:00,2025,ALA,GET,0,1,8,3,11,-1,1,0,0,1,16236,Mendizorroza,N/A,0.0,fallback,0,1,post,,
704886,2025-02-08,14:00,2025,RMA,ATM,1,1,6,1,7,0,2,1,0,0,78082,Estadio Bernabéu,N/A,0.0,fallback,0,1,post,,
704883,2025-02-08,11:30,2025,LPA,VIL,1,2,6,5,11,-1,3,0,0,1,22909,Estadio Gran Canaria,N/A,0.0,fallback,0,1,post,,
704881,2025-02-08,09:15,2025,ATH,GIR,3,0,11,2,13,3,3,0,1,0,48261,San Mamés,N/A,0.0,fallback,0,1,post,,
704882,2025-02-08,07:00,2025,CEL,BET,3,2,4,7,11,1,5,0,1,0,22651,Estadio Abanca-Balaídos,N/A,0.0,fallback,0,1,post,,
704885,2025-02-07,14:00,2025,RAY,VLL,1,0,4,2,6,1,1,0,1,0,12286,Estadio de Vallecas,N/A,0.0,fallback,0,1,post,,
704873,2025-02-03,14:00,2025,GIR,LPA,2,1,11,3,14,1,3,0,1,0,10088,Municipal de Montilivi,N/A,0.0,fallback,0,1,post,,
704876,2025-02-02,14:00,2025,BET,ATH,2,2,3,7,10,0,4,1,0,0,49292,Benito Villamarín,N/A,0.0,fallback,0,1,post,,
704875,2025-02-02,11:30,2025,OSA,RSO,2,1,3,5,8,1,3,0,1,0,21678,El Sadar,N/A,0.0,fallback,0,1,post,,
704878,2025-02-02,09:15,2025,VAL,CEL,2,1,5,2,7,1,3,0,1,0,42273,Mestalla,N/A,0.0,fallback,0,1,post,,
704871,2025-02-02,07:00,2025,BAR,ALA,1,0,5,2,7,1,1,0,1,0,42900,Estadi Olímpic Lluís Companys,N/A,0.0,fallback,0,1,post,,
704877,2025-02-01,14:00,2025,ESP,RMA,1,0,1,8,9,1,1,0,1,0,33669,RCDE Stadium,N/A,0.0,fallback,0,1,post,,
704870,2025-02-01,11:30,2025,ATM,MLL,2,0,10,4,14,2,2,0,1,0,60710,Riyadh Air Metropolitano,N/A,0.0,fallback,0,1,post,,
704879,2025-02-01,09:15,2025,VIL,VLL,5,1,3,6,9,4,6,0,1,0,17032,Estadio de la Cerámica,N/A,0.0,fallback,0,1,post,,
704872,2025-02-01,07:00,2025,GET,SEV,0,0,6,5,11,0,0,1,0,0,11730,Estadio Coliseum,N/A,0.0,fallback,0,1,post,,
704874,2025-01-31,14:00,2025,LEG,RAY,0,1,2,9,11,-1,1,0,0,1,11432,Estadio Ontime Butarque,N/A,0.0,fallback,0,1,post,,
704860,2025-01-27,14:00,2025,ALA,CEL,1,1,3,4,7,0,2,1,0,0,13612,Mendizorroza,N/A,0.0,fallback,0,1,post,,
704863,2025-01-26,14:00,2025,BAR,VAL,7,1,14,4,18,6,8,0,1,0,45312,Estadi Olímpic Lluís Companys,N/A,0.0,fallback,0,1,post,,
704861,2025-01-26,11:30,2025,ATH,LEG,0,0,16,1,17,0,0,1,0,0,47612,San Mamés,N/A,0.0,fallback,0,1,post,,
704867,2025-01-26,09:15,2025,RSO,GET,0,3,5,2,7,-3,3,0,0,1,30004,Estadio Municipal de Anoeta,N/A,0.0,fallback,0,1,post,,
704866,2025-01-26,07:00,2025,RAY,GIR,2,1,4,1,5,1,3,0,1,0,12405,Estadio de Vallecas,N/A,0.0,fallback,0,1,post,,
704868,2025-01-25,14:00,2025,VLL,RMA,0,3,1,7,8,-3,3,0,0,1,26025,José Zorrilla,N/A,0.0,fallback,0,1,post,,
704865,2025-01-25,11:30,2025,SEV,ESP,1,1,5,1,6,0,2,1,0,0,33602,Ramón Sánchez-Pizjuán,N/A,0.0,fallback,0,1,post,,
704862,2025-01-25,09:15,2025,ATM,VIL,1,1,5,6,11,0,2,1,0,0,63596,Riyadh Air Metropolitano,N/A,0.0,fallback,0,1,post,,
704864,2025-01-25,07:00,2025,MLL,BET,0,1,4,4,8,-1,1,0,0,1,19452,Estadi Mallorca Son Moix,N/A,0.0,fallback,0,1,post,,
704869,2025-01-24,14:00,2025,LPA,OSA,1,1,4,2,6,0,2,1,0,0,19762,Estadio Gran Canaria,N/A,0.0,fallback,0,1,post,,
704859,2025-01-20,14:00,2025,VIL,MLL,4,0,6,5,11,4,4,0,1,0,14852,Estadio de la Cerámica,N/A,0.0,fallback,0,1,post,,
704858,2025-01-19,14:00,2025,VAL,RSO,1,0,0,0,0,1,1,0,1,0,40791,Mestalla,N/A,0.0,fallback,0,1,post,,
704854,2025-01-19,11:30,2025,OSA,RAY,1,1,6,3,9,0,2,1,0,0,20770,El Sadar,N/A,0.0,fallback,0,1,post,,
704856,2025-01-19,09:15,2025,RMA,LPA,4,1,8,2,10,3,5,0,1,0,74808,Estadio Bernabéu,N/A,0.0,fallback,0,1,post,,
704850,2025-01-19,07:00,2025,CEL,ATH,1,2,3,4,7,-1,3,0,0,1,22279,Estadio Abanca-Balaídos,N/A,0.0,fallback,0,1,post,,
704851,2025-01-18,14:00,2025,GET,BAR,1,1,2,10,12,0,2,1,0,0,15134,Estadio Coliseum,N/A,0.0,fallback,0,1,post,,
704855,2025-01-18,11:30,2025,BET,ALA,1,3,2,3,5,-2,4,0,0,1,50021,Benito Villamarín,N/A,0.0,fallback,0,1,post,,
704853,2025-01-18,09:15,2025,LEG,ATM,1,0,2,9,11,1,1,0,1,0,12371,Estadio Ontime Butarque,N/A,0.0,fallback,0,1,post,,
704852,2025-01-18,07:00,2025,GIR,SEV,1,2,7,4,11,-1,3,0,0,1,12040,Municipal de Montilivi,N/A,0.0,fallback,0,1,post,,
704857,2025-01-17,14:00,2025,ESP,VLL,2,1,1,7,8,1,3,0,1,0,23554,RCDE Stadium,N/A,0.0,fallback,0,1,post,,
704846,2025-01-13,14:00,2025,RSO,VIL,1,0,3,7,10,1,1,0,1,0,20855,Estadio Municipal de Anoeta,N/A,0.0,fallback,0,1,post,,
704842,2025-01-12,09:15,2025,ATM,OSA,1,0,4,0,4,1,1,0,1,0,64801,Riyadh Air Metropolitano,N/A,0.0,fallback,0,1,post,,
704843,2025-01-12,07:00,2025,LPA,GET,1,2,4,5,9,-1,3,0,0,1,23698,Estadio Gran Canaria,N/A,0.0,fallback,0,1,post,,
704848,2025-01-11,14:00,2025,SEV,VAL,1,1,10,1,11,0,2,1,0,0,34297,Ramón Sánchez-Pizjuán,N/A,0.0,fallback,0,1,post,,
704849,2025-01-11,11:30,2025,ESP,LEG,1,1,8,4,12,0,2,1,0,0,26606,RCDE Stadium,N/A,0.0,fallback,0,1,post,,
704847,2025-01-11,09:15,2025,VLL,BET,1,0,1,8,9,1,1,0,1,0,21911,José Zorrilla,N/A,0.0,fallback,0,1,post,,
704840,2025-01-11,07:00,2025,ALA,GIR,0,1,6,3,9,-1,1,0,0,1,16454,Mendizorroza,N/A,0.0,fallback,0,1,post,,
704845,2025-01-10,14:00,2025,RAY,CEL,2,1,3,3,6,1,3,0,1,0,12955,Estadio de Vallecas,N/A,0.0,fallback,0,1,post,,
704778,2025-01-03,14:00,2025,VAL,RMA,1,2,2,5,7,-1,3,0,0,1,46420,Mestalla,N/A,0.0,fallback,0,1,post,,
