game_id,date,time,season,home_team,away_team,home_score,away_score,total_goals,is_draw,completed,venue_name,odds_over_under,odds_details,odds_data_quality
401790338,2025-10-02,18:00,2025,WSH,BOS,1,3,4,0,1,Capital One Arena,0.0,N/A,fallback
401790339,2025-10-02,18:00,2025,TOR,DET,1,3,4,0,1,Scotiabank Arena,0.0,N/A,fallback
401790340,2025-10-02,18:00,2025,TBL,FLA,5,2,7,0,1,Benchmark International Arena,0.0,N/A,fallback
401790342,2025-10-02,18:00,2025,NYR,NJ,1,3,4,0,1,Madison Square Garden,0.0,N/A,fallback
401790343,2025-10-02,18:00,2025,PHI,NYI,3,4,7,0,1,Xfinity Mobile Arena,0.0,N/A,fallback
401790375,2025-10-02,19:00,2025,STL,OTT,7,1,8,0,1,Enterprise Center,0.0,N/A,fallback
401790341,2025-10-02,20:00,2025,UTA,LAK,2,1,3,0,1,Delta Center,0.0,N/A,fallback
401790337,2025-10-01,18:00,2025,BUF,PIT,3,5,8,0,1,KeyBank Center,0.0,N/A,fallback
401790336,2025-10-01,20:00,2025,VGK,COL,2,1,3,0,1,T-Mobile Arena,0.0,N/A,fallback
401794797,2025-10-01,20:00,2025,CGY,VAN,1,8,9,0,1,Scotiabank Saddledome,0.0,N/A,fallback
401790335,2025-10-01,21:00,2025,SJ,ANA,2,5,7,0,1,SAP Center at San Jose,0.0,N/A,fallback
401794801,2025-10-01,21:00,2025,SEA,EDM,4,2,6,0,1,Climate Pledge Arena,0.0,N/A,fallback
401790350,2025-10-04,11:30,2025,PHI,NJ,4,3,7,0,1,Xfinity Mobile Arena,0.0,N/A,fallback
401790351,2025-10-04,13:00,2025,BOS,NYR,4,1,5,0,1,TD Garden,0.0,N/A,fallback
401790346,2025-10-04,15:00,2025,LAK,ANA,5,4,9,0,1,crypto.com Arena,0.0,N/A,fallback
401790347,2025-10-04,15:00,2025,NSH,CAR,3,2,5,0,1,Bridgestone Arena,0.0,N/A,fallback
401790348,2025-10-04,17:00,2025,DAL,COL,3,2,5,0,1,American Airlines Center,0.0,N/A,fallback
401790349,2025-10-04,18:00,2025,WSH,CBJ,2,1,3,0,1,Capital One Arena,0.0,N/A,fallback
401790353,2025-10-04,18:00,2025,FLA,TBL,7,0,7,0,1,Amerant Bank Arena,0.0,N/A,fallback
401790354,2025-10-04,18:00,2025,DET,TOR,6,5,11,0,1,Little Caesars Arena,0.0,N/A,fallback
401790366,2025-10-04,18:00,2025,MTL,OTT,1,3,4,0,1,Bell Centre,0.0,N/A,fallback
401800983,2025-10-04,18:00,2025,CHI,STL,0,4,4,0,1,United Center,0.0,N/A,fallback
401790352,2025-10-04,19:00,2025,UTA,SJ,6,4,10,0,1,Delta Center,0.0,N/A,fallback
401790344,2025-10-03,18:00,2025,PIT,BUF,5,4,9,0,1,PPG Paints Arena,0.0,N/A,fallback
401800982,2025-10-03,19:00,2025,CHI,MIN,2,3,5,0,1,United Center,0.0,N/A,fallback
401794790,2025-10-03,20:00,2025,CGY,WPG,4,5,9,0,1,Scotiabank Saddledome,0.0,N/A,fallback
401790345,2025-10-03,21:00,2025,VGK,SJ,1,4,5,0,1,T-Mobile Arena,0.0,N/A,fallback
401794803,2025-10-03,21:00,2025,VAN,EDM,3,2,5,0,1,Rogers Arena,0.0,N/A,fallback
401801798,2025-10-07,16:00,2025,FLA,CHI,3,2,5,0,1,Amerant Bank Arena,0.0,N/A,fallback
401801799,2025-10-07,19:00,2025,NYR,PIT,0,3,3,0,1,Madison Square Garden,0.0,N/A,fallback
401801800,2025-10-07,21:30,2025,LAK,COL,1,4,5,0,1,crypto.com Arena,0.0,N/A,fallback
401802373,2025-10-11,12:30,2025,WPG,LAK,3,2,5,0,1,Canada Life Centre,0.0,N/A,fallback
401802374,2025-10-11,15:00,2025,CGY,STL,2,4,6,0,1,Scotiabank Saddledome,0.0,N/A,fallback
401802375,2025-10-11,18:00,2025,BOS,BUF,3,1,4,0,1,TD Garden,0.0,N/A,fallback
401802376,2025-10-11,18:00,2025,DET,TOR,6,3,9,0,1,Little Caesars Arena,0.0,N/A,fallback
401802377,2025-10-11,18:00,2025,TBL,NJ,3,5,8,0,1,Benchmark International Arena,0.0,N/A,fallback
401802378,2025-10-11,18:00,2025,FLA,OTT,6,2,8,0,1,Amerant Bank Arena,0.0,N/A,fallback
401802379,2025-10-11,18:00,2025,NYI,WSH,2,4,6,0,1,UBS Arena,0.0,N/A,fallback
401802380,2025-10-11,18:00,2025,PIT,NYR,1,6,7,0,1,PPG Paints Arena,0.0,N/A,fallback
401802381,2025-10-11,18:00,2025,CAR,PHI,4,3,7,0,1,Lenovo Center,0.0,N/A,fallback
401802382,2025-10-11,18:00,2025,CHI,MTL,2,3,5,0,1,United Center,0.0,N/A,fallback
401802383,2025-10-11,19:00,2025,NSH,UTA,2,3,5,0,1,Bridgestone Arena,0.0,N/A,fallback
401802384,2025-10-11,19:00,2025,MIN,CBJ,4,7,11,0,1,Grand Casino Arena,0.0,N/A,fallback
401802385,2025-10-11,20:00,2025,COL,DAL,4,5,9,0,1,Ball Arena,0.0,N/A,fallback
401802386,2025-10-11,21:00,2025,EDM,VAN,3,1,4,0,1,Rogers Place,0.0,N/A,fallback
401802387,2025-10-11,21:00,2025,SJ,ANA,6,7,13,0,1,SAP Center at San Jose,0.0,N/A,fallback
401802388,2025-10-11,21:00,2025,SEA,VGK,2,1,3,0,1,Climate Pledge Arena,0.0,N/A,fallback
401802355,2025-10-08,18:00,2025,TOR,MTL,5,2,7,0,1,Scotiabank Arena,0.0,N/A,fallback
401802356,2025-10-08,18:30,2025,WSH,BOS,1,3,4,0,1,Capital One Arena,0.0,N/A,fallback
401802357,2025-10-08,21:00,2025,EDM,CGY,3,4,7,0,1,Rogers Place,0.0,N/A,fallback
401802358,2025-10-08,21:00,2025,VGK,LAK,5,6,11,0,1,T-Mobile Arena,0.0,N/A,fallback
401802359,2025-10-09,18:00,2025,BOS,CHI,4,3,7,0,1,TD Garden,0.0,N/A,fallback
401802360,2025-10-09,18:00,2025,BUF,NYR,0,4,4,0,1,KeyBank Center,0.0,N/A,fallback
401802361,2025-10-09,18:00,2025,DET,MTL,1,5,6,0,1,Little Caesars Arena,0.0,N/A,fallback
401802362,2025-10-09,18:00,2025,TBL,OTT,4,5,9,0,1,Benchmark International Arena,0.0,N/A,fallback
401802363,2025-10-09,18:00,2025,FLA,PHI,2,1,3,0,1,Amerant Bank Arena,0.0,N/A,fallback
401802364,2025-10-09,18:00,2025,PIT,NYI,4,3,7,0,1,PPG Paints Arena,0.0,N/A,fallback
401802365,2025-10-09,18:30,2025,CAR,NJ,6,3,9,0,1,Lenovo Center,0.0,N/A,fallback
401802366,2025-10-09,19:00,2025,STL,MIN,0,5,5,0,1,Enterprise Center,0.0,N/A,fallback
401802367,2025-10-09,19:00,2025,NSH,CBJ,2,1,3,0,1,Bridgestone Arena,0.0,N/A,fallback
401802368,2025-10-09,19:00,2025,WPG,DAL,4,5,9,0,1,Canada Life Centre,0.0,N/A,fallback
401802369,2025-10-09,20:00,2025,COL,UTA,2,1,3,0,1,Ball Arena,0.0,N/A,fallback
401802370,2025-10-09,21:00,2025,VAN,CGY,5,1,6,0,1,Rogers Arena,0.0,N/A,fallback
401802371,2025-10-09,21:00,2025,SJ,VGK,3,4,7,0,1,SAP Center at San Jose,0.0,N/A,fallback
401802372,2025-10-09,21:00,2025,SEA,ANA,3,1,4,0,1,Climate Pledge Arena,0.0,N/A,fallback
401802408,2025-10-15,18:00,2025,BUF,OTT,8,4,12,0,1,KeyBank Center,0.0,N/A,fallback
401802409,2025-10-15,18:00,2025,DET,FLA,4,1,5,0,1,Little Caesars Arena,0.0,N/A,fallback
401802410,2025-10-15,20:30,2025,STL,CHI,3,8,11,0,1,Enterprise Center,0.0,N/A,fallback
401802411,2025-10-15,20:30,2025,UTA,CGY,3,1,4,0,1,Delta Center,0.0,N/A,fallback
401802400,2025-10-14,18:00,2025,TOR,NSH,7,4,11,0,1,Scotiabank Arena,0.0,N/A,fallback
401802401,2025-10-14,18:00,2025,MTL,SEA,5,4,9,0,1,Bell Centre,0.0,N/A,fallback
401802402,2025-10-14,18:00,2025,NYR,EDM,0,2,2,0,1,Madison Square Garden,0.0,N/A,fallback
401802403,2025-10-14,18:00,2025,WSH,TBL,3,2,5,0,1,Capital One Arena,0.0,N/A,fallback
401802404,2025-10-14,20:00,2025,CGY,VGK,2,4,6,0,1,Scotiabank Saddledome,0.0,N/A,fallback
401802405,2025-10-14,20:50,2025,DAL,MIN,5,2,7,0,1,American Airlines Center,0.0,N/A,fallback
401802406,2025-10-14,21:00,2025,SJ,CAR,1,5,6,0,1,SAP Center at San Jose,0.0,N/A,fallback
401802407,2025-10-14,21:30,2025,ANA,PIT,4,3,7,0,1,Honda Center,0.0,N/A,fallback
401802389,2025-10-12,18:00,2025,NYR,WSH,0,1,1,0,1,Madison Square Garden,0.0,N/A,fallback
401802390,2025-10-13,11:30,2025,BUF,COL,1,3,4,0,1,KeyBank Center,0.0,N/A,fallback
401802391,2025-10-13,12:00,2025,BOS,TBL,3,4,7,0,1,TD Garden,0.0,N/A,fallback
401802392,2025-10-13,12:00,2025,OTT,NSH,1,4,5,0,1,Canadian Tire Centre,0.0,N/A,fallback
401802393,2025-10-13,12:00,2025,NYI,WPG,2,5,7,0,1,UBS Arena,0.0,N/A,fallback
401802394,2025-10-13,13:00,2025,TOR,DET,2,3,5,0,1,Scotiabank Arena,0.0,N/A,fallback
401802395,2025-10-13,18:00,2025,PHI,FLA,5,2,7,0,1,Xfinity Mobile Arena,0.0,N/A,fallback
401802396,2025-10-13,18:00,2025,CBJ,NJ,2,3,5,0,1,Nationwide Arena,0.0,N/A,fallback
401802397,2025-10-13,18:30,2025,VAN,STL,2,5,7,0,1,Rogers Arena,0.0,N/A,fallback
401802398,2025-10-13,19:00,2025,MIN,LAK,4,3,7,0,1,Grand Casino Arena,0.0,N/A,fallback
401802399,2025-10-13,19:30,2025,CHI,UTA,3,1,4,0,1,United Center,0.0,N/A,fallback
401802423,2025-10-17,18:00,2025,DET,TBL,2,1,3,0,1,Little Caesars Arena,0.0,N/A,fallback
401802424,2025-10-17,18:00,2025,WSH,MIN,5,1,6,0,1,Capital One Arena,0.0,N/A,fallback
401802425,2025-10-17,19:30,2025,CHI,VAN,2,3,5,0,1,United Center,0.0,N/A,fallback
401802426,2025-10-17,20:00,2025,UTA,SJ,6,3,9,0,1,Delta Center,0.0,N/A,fallback
401802412,2025-10-16,18:00,2025,TOR,NYR,2,1,3,0,1,Scotiabank Arena,0.0,N/A,fallback
401802413,2025-10-16,18:00,2025,MTL,NSH,3,2,5,0,1,Bell Centre,0.0,N/A,fallback
401802414,2025-10-16,18:00,2025,OTT,SEA,4,3,7,0,1,Canadian Tire Centre,0.0,N/A,fallback
401802415,2025-10-16,18:00,2025,NJ,FLA,3,1,4,0,1,Prudential Center,0.0,N/A,fallback
401802417,2025-10-16,18:00,2025,PHI,WPG,2,5,7,0,1,Xfinity Mobile Arena,0.0,N/A,fallback
401802418,2025-10-16,18:00,2025,CBJ,COL,1,4,5,0,1,Nationwide Arena,0.0,N/A,fallback
401802416,2025-10-16,18:30,2025,NYI,EDM,4,2,6,0,1,UBS Arena,0.0,N/A,fallback
401802419,2025-10-16,19:00,2025,DAL,VAN,3,5,8,0,1,American Airlines Center,0.0,N/A,fallback
401802420,2025-10-16,21:00,2025,VGK,BOS,6,5,11,0,1,T-Mobile Arena,0.0,N/A,fallback
401802421,2025-10-16,21:00,2025,ANA,CAR,1,4,5,0,1,Honda Center,0.0,N/A,fallback
401802422,2025-10-16,21:00,2025,LAK,PIT,2,4,6,0,1,crypto.com Arena,0.0,N/A,fallback
401802444,2025-10-20,18:00,2025,NYR,MIN,1,3,4,0,1,Madison Square Garden,0.0,N/A,fallback
401802445,2025-10-20,18:00,2025,PHI,SEA,5,2,7,0,1,Xfinity Mobile Arena,0.0,N/A,fallback
401802446,2025-10-20,18:30,2025,MTL,BUF,4,2,6,0,1,Bell Centre,0.0,N/A,fallback
401802447,2025-10-20,20:30,2025,CGY,WPG,1,2,3,0,1,Scotiabank Saddledome,0.0,N/A,fallback
401802448,2025-10-20,21:00,2025,VGK,CAR,4,1,5,0,1,T-Mobile Arena,0.0,N/A,fallback
401802440,2025-10-19,11:30,2025,WSH,VAN,3,4,7,0,1,Capital One Arena,0.0,N/A,fallback
401802441,2025-10-19,14:00,2025,DET,EDM,4,2,6,0,1,Little Caesars Arena,0.0,N/A,fallback
401802442,2025-10-19,18:00,2025,CHI,ANA,2,1,3,0,1,United Center,0.0,N/A,fallback
401802443,2025-10-19,18:00,2025,UTA,BOS,3,2,5,0,1,Delta Center,0.0,N/A,fallback
401802449,2025-10-21,18:00,2025,TOR,NJ,2,5,7,0,1,Scotiabank Arena,0.0,N/A,fallback
401802450,2025-10-21,18:00,2025,OTT,EDM,2,3,5,0,1,Canadian Tire Centre,0.0,N/A,fallback
401802451,2025-10-21,18:00,2025,NYI,SJ,4,3,7,0,1,UBS Arena,0.0,N/A,fallback
401802452,2025-10-21,18:00,2025,PIT,VAN,5,1,6,0,1,PPG Paints Arena,0.0,N/A,fallback
401802453,2025-10-21,18:00,2025,WSH,SEA,4,1,5,0,1,Capital One Arena,0.0,N/A,fallback
401802454,2025-10-21,18:30,2025,BOS,FLA,3,4,7,0,1,TD Garden,0.0,N/A,fallback
401802455,2025-10-21,19:00,2025,STL,LAK,1,2,3,0,1,Enterprise Center,0.0,N/A,fallback
401802456,2025-10-21,19:00,2025,NSH,ANA,2,5,7,0,1,Bridgestone Arena,0.0,N/A,fallback
401802457,2025-10-21,19:00,2025,DAL,CBJ,1,5,6,0,1,American Airlines Center,0.0,N/A,fallback
401802458,2025-10-21,21:00,2025,UTA,COL,4,3,7,0,1,Delta Center,0.0,N/A,fallback
401802459,2025-10-22,18:00,2025,NJ,MIN,4,1,5,0,1,Prudential Center,0.0,N/A,fallback
401802460,2025-10-22,18:30,2025,BUF,DET,4,2,6,0,1,KeyBank Center,0.0,N/A,fallback
401802461,2025-10-22,19:30,2025,CGY,MTL,1,2,3,0,1,Scotiabank Saddledome,0.0,N/A,fallback
401802427,2025-10-18,12:00,2025,BUF,FLA,3,0,3,0,1,KeyBank Center,0.0,N/A,fallback
401802428,2025-10-18,14:00,2025,OTT,NYI,4,5,9,0,1,Canadian Tire Centre,0.0,N/A,fallback
401802429,2025-10-18,14:30,2025,NJ,EDM,5,3,8,0,1,Prudential Center,0.0,N/A,fallback
401802430,2025-10-18,18:00,2025,TOR,SEA,3,4,7,0,1,Scotiabank Arena,0.0,N/A,fallback
401802431,2025-10-18,18:00,2025,MTL,NYR,3,4,7,0,1,Bell Centre,0.0,N/A,fallback
401802432,2025-10-18,18:00,2025,PHI,MIN,2,1,3,0,1,Xfinity Mobile Arena,0.0,N/A,fallback
401802433,2025-10-18,18:00,2025,CBJ,TBL,3,2,5,0,1,Nationwide Arena,0.0,N/A,fallback
401802434,2025-10-18,18:00,2025,STL,DAL,3,1,4,0,1,Enterprise Center,0.0,N/A,fallback
401802435,2025-10-18,18:00,2025,WPG,NSH,4,1,5,0,1,Canada Life Centre,0.0,N/A,fallback
401802436,2025-10-18,20:00,2025,COL,BOS,4,1,5,0,1,Ball Arena,0.0,N/A,fallback
401802437,2025-10-18,20:00,2025,LAK,CAR,3,4,7,0,1,crypto.com Arena,0.0,N/A,fallback
401802438,2025-10-18,21:00,2025,VGK,CGY,6,1,7,0,1,T-Mobile Arena,0.0,N/A,fallback
401802439,2025-10-18,21:00,2025,SJ,PIT,0,3,3,0,1,SAP Center at San Jose,0.0,N/A,fallback
401802478,2025-10-25,11:30,2025,PHI,NYI,4,3,7,0,1,Xfinity Mobile Arena,0.0,N/A,fallback
401802479,2025-10-25,14:00,2025,BOS,COL,3,2,5,0,1,TD Garden,0.0,N/A,fallback
401802480,2025-10-25,16:00,2025,TBL,ANA,4,3,7,0,1,Benchmark International Arena,0.0,N/A,fallback
401802483,2025-10-25,16:00,2025,TOR,BUF,4,3,7,0,1,Scotiabank Arena,0.0,N/A,fallback
401802481,2025-10-25,17:00,2025,FLA,VGK,3,0,3,0,1,Amerant Bank Arena,0.0,N/A,fallback
401802482,2025-10-25,17:00,2025,MIN,UTA,2,6,8,0,1,Grand Casino Arena,0.0,N/A,fallback
401802484,2025-10-25,18:00,2025,DET,STL,6,4,10,0,1,Little Caesars Arena,0.0,N/A,fallback
401802485,2025-10-25,18:00,2025,PIT,CBJ,4,5,9,0,1,PPG Paints Arena,0.0,N/A,fallback
401802486,2025-10-25,18:00,2025,WSH,OTT,1,7,8,0,1,Capital One Arena,0.0,N/A,fallback
401802487,2025-10-25,18:00,2025,VAN,MTL,3,4,7,0,1,Rogers Arena,0.0,N/A,fallback
401802488,2025-10-25,19:00,2025,NSH,LAK,5,4,9,0,1,Bridgestone Arena,0.0,N/A,fallback
401802489,2025-10-25,19:00,2025,DAL,CAR,3,2,5,0,1,American Airlines Center,0.0,N/A,fallback
401802490,2025-10-25,21:00,2025,SEA,EDM,3,2,5,0,1,Climate Pledge Arena,0.0,N/A,fallback
401802474,2025-10-24,18:00,2025,BUF,TOR,5,3,8,0,1,KeyBank Center,0.0,N/A,fallback
401802475,2025-10-24,18:00,2025,NJ,SJ,3,1,4,0,1,Prudential Center,0.0,N/A,fallback
401802476,2025-10-24,18:00,2025,CBJ,WSH,1,5,6,0,1,Nationwide Arena,0.0,N/A,fallback
401802477,2025-10-24,19:00,2025,WPG,CGY,5,3,8,0,1,Canada Life Centre,0.0,N/A,fallback
401802464,2025-10-23,17:45,2025,TBL,CHI,2,3,5,0,1,Benchmark International Arena,0.0,N/A,fallback
401802462,2025-10-23,18:00,2025,BOS,ANA,5,7,12,0,1,TD Garden,0.0,N/A,fallback
401802463,2025-10-23,18:00,2025,OTT,PHI,2,1,3,0,1,Canadian Tire Centre,0.0,N/A,fallback
401802465,2025-10-23,18:00,2025,FLA,PIT,3,5,8,0,1,Amerant Bank Arena,0.0,N/A,fallback
401802466,2025-10-23,18:00,2025,NYI,DET,7,2,9,0,1,UBS Arena,0.0,N/A,fallback
401802467,2025-10-23,18:00,2025,NYR,SJ,5,6,11,0,1,Madison Square Garden,0.0,N/A,fallback
401802468,2025-10-23,19:00,2025,STL,UTA,4,7,11,0,1,Enterprise Center,0.0,N/A,fallback
401802469,2025-10-23,19:00,2025,NSH,VAN,2,1,3,0,1,Bridgestone Arena,0.0,N/A,fallback
401802471,2025-10-23,19:00,2025,WPG,SEA,0,3,3,0,1,Canada Life Centre,0.0,N/A,fallback
401802470,2025-10-23,20:00,2025,DAL,LAK,2,3,5,0,1,American Airlines Center,0.0,N/A,fallback
401802472,2025-10-23,20:00,2025,COL,CAR,4,5,9,0,1,Ball Arena,0.0,N/A,fallback
401802473,2025-10-23,20:00,2025,EDM,MTL,6,5,11,0,1,Rogers Place,0.0,N/A,fallback
401802491,2025-10-26,12:00,2025,NJ,COL,4,3,7,0,1,Prudential Center,0.0,N/A,fallback
401802492,2025-10-26,16:00,2025,TBL,VGK,2,1,3,0,1,Benchmark International Arena,0.0,N/A,fallback
401802493,2025-10-26,17:00,2025,MIN,SJ,5,6,11,0,1,Grand Casino Arena,0.0,N/A,fallback
401802494,2025-10-26,17:00,2025,WPG,UTA,2,3,5,0,1,Canada Life Centre,0.0,N/A,fallback
401802495,2025-10-26,18:00,2025,CHI,LAK,1,3,4,0,1,United Center,0.0,N/A,fallback
401802496,2025-10-26,18:00,2025,NSH,DAL,2,3,5,0,1,Bridgestone Arena,0.0,N/A,fallback
401802497,2025-10-26,19:00,2025,CGY,NYR,5,1,6,0,1,Scotiabank Saddledome,0.0,N/A,fallback
401802498,2025-10-26,21:00,2025,VAN,EDM,4,3,7,0,1,Rogers Arena,0.0,N/A,fallback
401802501,2025-10-28,17:00,2025,PHI,PIT,3,2,5,0,1,Xfinity Mobile Arena,0.0,N/A,fallback
401802502,2025-10-28,17:00,2025,TOR,CGY,4,3,7,0,1,Scotiabank Arena,0.0,N/A,fallback
401802506,2025-10-28,17:30,2025,CAR,VGK,3,6,9,0,1,Lenovo Center,0.0,N/A,fallback
401802503,2025-10-28,17:45,2025,BUF,CBJ,3,4,7,0,1,KeyBank Center,0.0,N/A,fallback
401802504,2025-10-28,18:00,2025,FLA,ANA,2,3,5,0,1,Amerant Bank Arena,0.0,N/A,fallback
401802505,2025-10-28,18:15,2025,BOS,NYI,5,2,7,0,1,TD Garden,0.0,N/A,fallback
401802507,2025-10-28,18:45,2025,NSH,TBL,2,5,7,0,1,Bridgestone Arena,0.0,N/A,fallback
401802508,2025-10-28,19:00,2025,MIN,WPG,3,4,7,0,1,Grand Casino Arena,0.0,N/A,fallback
401802509,2025-10-28,19:15,2025,STL,DET,2,5,7,0,1,Enterprise Center,0.0,N/A,fallback
401802511,2025-10-28,19:45,2025,CHI,OTT,7,3,10,0,1,United Center,0.0,N/A,fallback
401802510,2025-10-28,19:50,2025,DAL,WSH,1,0,1,0,1,American Airlines Center,0.0,N/A,fallback
401802512,2025-10-28,20:00,2025,COL,NJ,8,4,12,0,1,Ball Arena,0.0,N/A,fallback
401802513,2025-10-28,20:30,2025,EDM,UTA,6,3,9,0,1,Rogers Place,0.0,N/A,fallback
401802514,2025-10-28,21:00,2025,VAN,NYR,0,2,2,0,1,Rogers Arena,0.0,N/A,fallback
401802515,2025-10-28,21:30,2025,SEA,MTL,3,4,7,0,1,Climate Pledge Arena,0.0,N/A,fallback
401802516,2025-10-28,22:00,2025,SJ,LAK,3,4,7,0,1,SAP Center at San Jose,0.0,N/A,fallback
401802499,2025-10-27,18:00,2025,PIT,STL,6,3,9,0,1,PPG Paints Arena,0.0,N/A,fallback
401802500,2025-10-27,18:30,2025,OTT,BOS,7,2,9,0,1,Canadian Tire Centre,0.0,N/A,fallback
401802529,2025-10-31,15:00,2025,VGK,COL,2,4,6,0,1,T-Mobile Arena,0.0,N/A,fallback
401802530,2025-10-31,18:00,2025,WSH,NYI,1,3,4,0,1,Capital One Arena,0.0,N/A,fallback
401802531,2025-10-31,21:00,2025,ANA,DET,5,2,7,0,1,Honda Center,0.0,N/A,fallback
401802517,2025-10-29,18:30,2025,CBJ,TOR,6,3,9,0,1,Nationwide Arena,0.0,N/A,fallback
401802518,2025-10-30,18:00,2025,BOS,BUF,4,3,7,0,1,TD Garden,0.0,N/A,fallback
401802519,2025-10-30,18:00,2025,OTT,CGY,4,3,7,0,1,Canadian Tire Centre,0.0,N/A,fallback
401802520,2025-10-30,18:00,2025,TBL,DAL,2,1,3,0,1,Benchmark International Arena,0.0,N/A,fallback
401802521,2025-10-30,18:00,2025,PHI,NSH,4,1,5,0,1,Xfinity Mobile Arena,0.0,N/A,fallback
401802522,2025-10-30,18:30,2025,CAR,NYI,6,2,8,0,1,Lenovo Center,0.0,N/A,fallback
401802523,2025-10-30,19:00,2025,STL,VAN,3,4,7,0,1,Enterprise Center,0.0,N/A,fallback
401802524,2025-10-30,19:00,2025,MIN,PIT,1,4,5,0,1,Grand Casino Arena,0.0,N/A,fallback
401802525,2025-10-30,19:00,2025,WPG,CHI,6,3,9,0,1,Canada Life Centre,0.0,N/A,fallback
401802526,2025-10-30,20:00,2025,EDM,NYR,3,4,7,0,1,Rogers Place,0.0,N/A,fallback
401802527,2025-10-30,21:00,2025,SJ,NJ,5,2,7,0,1,SAP Center at San Jose,0.0,N/A,fallback
401802528,2025-10-30,21:30,2025,LAK,DET,3,4,7,0,1,crypto.com Arena,0.0,N/A,fallback
401802532,2025-11-01,12:00,2025,BOS,CAR,2,1,3,0,1,TD Garden,0.0,N/A,fallback
401802533,2025-11-01,14:00,2025,WPG,PIT,5,2,7,0,1,Canada Life Centre,0.0,N/A,fallback
401802534,2025-11-01,14:30,2025,NSH,CGY,4,2,6,0,1,Bridgestone Arena,0.0,N/A,fallback
401802535,2025-11-01,15:00,2025,SJ,COL,3,2,5,0,1,SAP Center at San Jose,0.0,N/A,fallback
401802536,2025-11-01,17:00,2025,FLA,DAL,4,3,7,0,1,Amerant Bank Arena,0.0,N/A,fallback
401802537,2025-11-01,18:00,2025,BUF,WSH,4,3,7,0,1,KeyBank Center,0.0,N/A,fallback
401802538,2025-11-01,18:00,2025,MTL,OTT,4,3,7,0,1,Bell Centre,0.0,N/A,fallback
401802539,2025-11-01,18:00,2025,PHI,TOR,2,5,7,0,1,Xfinity Mobile Arena,0.0,N/A,fallback
401802540,2025-11-01,18:00,2025,CBJ,STL,3,2,5,0,1,Nationwide Arena,0.0,N/A,fallback
401802541,2025-11-01,18:00,2025,MIN,VAN,5,2,7,0,1,Grand Casino Arena,0.0,N/A,fallback
401802542,2025-11-01,20:00,2025,LAK,NJ,1,4,5,0,1,crypto.com Arena,0.0,N/A,fallback
401802543,2025-11-01,21:00,2025,EDM,CHI,3,2,5,0,1,Rogers Place,0.0,N/A,fallback
401802544,2025-11-01,21:00,2025,SEA,NYR,2,3,5,0,1,Climate Pledge Arena,0.0,N/A,fallback
401802545,2025-11-02,15:30,2025,UTA,TBL,2,4,6,0,1,Delta Center,0.0,N/A,fallback
401802546,2025-11-02,17:00,2025,NYI,CBJ,3,2,5,0,1,UBS Arena,0.0,N/A,fallback
401802547,2025-11-02,19:00,2025,PHI,CGY,1,2,3,0,1,Xfinity Mobile Arena,0.0,N/A,fallback
401802548,2025-11-02,20:00,2025,ANA,NJ,4,1,5,0,1,Honda Center,0.0,N/A,fallback
401802549,2025-11-02,20:00,2025,SJ,DET,2,3,5,0,1,SAP Center at San Jose,0.0,N/A,fallback
401802550,2025-11-03,19:30,2025,TOR,PIT,4,3,7,0,1,Scotiabank Arena,0.0,N/A,fallback
401802551,2025-11-03,20:30,2025,STL,EDM,3,2,5,0,1,Enterprise Center,0.0,N/A,fallback
401802552,2025-11-03,20:30,2025,NSH,VAN,4,5,9,0,1,Bridgestone Arena,0.0,N/A,fallback
401802553,2025-11-03,22:00,2025,SEA,CHI,3,1,4,0,1,Climate Pledge Arena,0.0,N/A,fallback
401802569,2025-11-06,19:00,2025,BOS,OTT,3,2,5,0,1,TD Garden,0.0,N/A,fallback
401802570,2025-11-06,19:00,2025,BUF,STL,0,3,3,0,1,KeyBank Center,0.0,N/A,fallback
401802571,2025-11-06,19:00,2025,NJ,MTL,4,3,7,0,1,Prudential Center,0.0,N/A,fallback
401802573,2025-11-06,19:00,2025,CAR,MIN,4,3,7,0,1,Lenovo Center,0.0,N/A,fallback
401802572,2025-11-06,19:30,2025,PIT,WSH,5,3,8,0,1,PPG Paints Arena,0.0,N/A,fallback
401802574,2025-11-06,20:00,2025,NSH,PHI,1,3,4,0,1,Bridgestone Arena,0.0,N/A,fallback
401802575,2025-11-06,20:00,2025,DAL,ANA,5,7,12,0,1,American Airlines Center,0.0,N/A,fallback
401802576,2025-11-06,22:00,2025,VGK,TBL,3,6,9,0,1,T-Mobile Arena,0.0,N/A,fallback
401802577,2025-11-06,22:00,2025,LAK,FLA,2,5,7,0,1,crypto.com Arena,0.0,N/A,fallback
401802564,2025-11-05,19:00,2025,TOR,UTA,5,3,8,0,1,Scotiabank Arena,0.0,N/A,fallback
401802565,2025-11-05,19:30,2025,WSH,STL,6,1,7,0,1,Capital One Arena,0.0,N/A,fallback
401802566,2025-11-05,21:30,2025,CGY,CBJ,5,1,6,0,1,Scotiabank Saddledome,0.0,N/A,fallback
401802567,2025-11-05,22:00,2025,VAN,CHI,2,5,7,0,1,Rogers Arena,0.0,N/A,fallback
401802568,2025-11-05,22:00,2025,SEA,SJ,1,6,7,0,1,Climate Pledge Arena,0.0,N/A,fallback
401802595,2025-11-09,13:00,2025,DET,CHI,1,5,6,0,1,Little Caesars Arena,0.0,N/A,fallback
401802596,2025-11-09,14:00,2025,PIT,LAK,2,3,5,0,1,PPG Paints Arena,0.0,N/A,fallback
401802597,2025-11-09,19:00,2025,TOR,CAR,4,5,9,0,1,Scotiabank Arena,0.0,N/A,fallback
401802598,2025-11-09,19:00,2025,OTT,UTA,4,2,6,0,1,Canadian Tire Centre,0.0,N/A,fallback
401802599,2025-11-09,19:00,2025,DAL,SEA,2,1,3,0,1,American Airlines Center,0.0,N/A,fallback
401802600,2025-11-09,20:00,2025,MIN,CGY,2,0,2,0,1,Grand Casino Arena,0.0,N/A,fallback
401802601,2025-11-09,22:00,2025,VAN,COL,4,5,9,0,1,Rogers Arena,0.0,N/A,fallback
401802602,2025-11-09,22:00,2025,ANA,WPG,4,1,5,0,1,Honda Center,0.0,N/A,fallback
401802578,2025-11-07,19:00,2025,DET,NYR,1,4,5,0,1,Little Caesars Arena,0.0,N/A,fallback
401802579,2025-11-07,19:00,2025,NYI,MIN,2,5,7,0,1,UBS Arena,0.0,N/A,fallback
401802580,2025-11-07,21:00,2025,CGY,CHI,0,4,4,0,1,Scotiabank Saddledome,0.0,N/A,fallback
401802581,2025-11-07,22:00,2025,SJ,WPG,2,1,3,0,1,SAP Center at San Jose,0.0,N/A,fallback
401802554,2025-11-04,19:00,2025,BUF,UTA,1,2,3,0,1,KeyBank Center,0.0,N/A,fallback
401802555,2025-11-04,19:00,2025,MTL,PHI,4,5,9,0,1,Bell Centre,0.0,N/A,fallback
401802556,2025-11-04,19:00,2025,NYI,BOS,3,4,7,0,1,UBS Arena,0.0,N/A,fallback
401802557,2025-11-04,19:00,2025,NYR,CAR,0,3,3,0,1,Madison Square Garden,0.0,N/A,fallback
401802558,2025-11-04,20:00,2025,DAL,EDM,4,3,7,0,1,American Airlines Center,0.0,N/A,fallback
401802559,2025-11-04,20:00,2025,MIN,NSH,3,2,5,0,1,Grand Casino Arena,0.0,N/A,fallback
401802560,2025-11-04,21:30,2025,COL,TBL,3,2,5,0,1,Ball Arena,0.0,N/A,fallback
401802561,2025-11-04,22:00,2025,VGK,DET,1,0,1,0,1,T-Mobile Arena,0.0,N/A,fallback
401802562,2025-11-04,22:00,2025,ANA,FLA,7,3,10,0,1,Honda Center,0.0,N/A,fallback
401802563,2025-11-04,22:30,2025,LAK,WPG,3,0,3,0,1,crypto.com Arena,0.0,N/A,fallback
401802603,2025-11-10,19:00,2025,NJ,NYI,2,3,5,0,1,Prudential Center,0.0,N/A,fallback
401802604,2025-11-10,19:00,2025,NYR,NSH,6,3,9,0,1,Madison Square Garden,0.0,N/A,fallback
401802605,2025-11-10,20:30,2025,EDM,CBJ,5,4,9,0,1,Rogers Place,0.0,N/A,fallback
401802606,2025-11-10,22:00,2025,VGK,FLA,2,3,5,0,1,T-Mobile Arena,0.0,N/A,fallback
401802607,2025-11-11,19:00,2025,BOS,TOR,5,3,8,0,1,TD Garden,0.0,N/A,fallback
401802608,2025-11-11,19:00,2025,MTL,LAK,1,5,6,0,1,Bell Centre,0.0,N/A,fallback
401802609,2025-11-11,19:00,2025,OTT,DAL,2,3,5,0,1,Canadian Tire Centre,0.0,N/A,fallback
401802610,2025-11-11,19:00,2025,CAR,WSH,1,4,5,0,1,Lenovo Center,0.0,N/A,fallback
401802611,2025-11-11,20:00,2025,STL,CGY,3,2,5,0,1,Enterprise Center,0.0,N/A,fallback
401802612,2025-11-11,20:00,2025,MIN,SJ,1,2,3,0,1,Grand Casino Arena,0.0,N/A,fallback
401802613,2025-11-11,21:30,2025,COL,ANA,4,1,5,0,1,Ball Arena,0.0,N/A,fallback
401802614,2025-11-11,22:00,2025,VAN,WPG,3,5,8,0,1,Rogers Arena,0.0,N/A,fallback
401802615,2025-11-11,22:00,2025,SEA,CBJ,1,2,3,0,1,Climate Pledge Arena,0.0,N/A,fallback
401802616,2025-11-12,19:00,2025,TBL,NYR,3,7,10,0,1,Benchmark International Arena,0.0,N/A,fallback
401802617,2025-11-12,19:30,2025,PHI,EDM,1,2,3,0,1,Xfinity Mobile Arena,0.0,N/A,fallback
401802618,2025-11-12,21:00,2025,UTA,BUF,5,2,7,0,1,Delta Center,0.0,N/A,fallback
401802619,2025-11-12,21:30,2025,CHI,NJ,3,4,7,0,1,United Center,0.0,N/A,fallback
401802582,2025-11-08,12:30,2025,NJ,PIT,2,1,3,0,1,Prudential Center,0.0,N/A,fallback
401802583,2025-11-08,13:00,2025,PHI,OTT,2,3,5,0,1,Xfinity Mobile Arena,0.0,N/A,fallback
401802584,2025-11-08,15:30,2025,NSH,DAL,4,5,9,0,1,Bridgestone Arena,0.0,N/A,fallback
401802585,2025-11-08,19:00,2025,TOR,BOS,3,5,8,0,1,Scotiabank Arena,0.0,N/A,fallback
401802586,2025-11-08,19:00,2025,MTL,UTA,6,2,8,0,1,Bell Centre,0.0,N/A,fallback
401802587,2025-11-08,19:00,2025,TBL,WSH,3,2,5,0,1,Benchmark International Arena,0.0,N/A,fallback
401802588,2025-11-08,19:00,2025,NYR,NYI,0,5,5,0,1,Madison Square Garden,0.0,N/A,fallback
401802589,2025-11-08,19:00,2025,CAR,BUF,6,3,9,0,1,Lenovo Center,0.0,N/A,fallback
401802590,2025-11-08,19:00,2025,STL,SEA,3,4,7,0,1,Enterprise Center,0.0,N/A,fallback
401802591,2025-11-08,22:00,2025,EDM,COL,1,9,10,0,1,Rogers Place,0.0,N/A,fallback
401802592,2025-11-08,22:00,2025,VAN,CBJ,4,3,7,0,1,Rogers Arena,0.0,N/A,fallback
401802593,2025-11-08,22:00,2025,VGK,ANA,3,4,7,0,1,T-Mobile Arena,0.0,N/A,fallback
401802594,2025-11-08,22:00,2025,SJ,FLA,3,1,4,0,1,SAP Center at San Jose,0.0,N/A,fallback
401802630,2025-11-14,14:00,2025,NSH,PIT,2,1,3,0,1,Avicii Arena,0.0,N/A,fallback
401802631,2025-11-14,19:00,2025,CAR,VAN,4,3,7,0,1,Lenovo Center,0.0,N/A,fallback
401802632,2025-11-14,20:00,2025,STL,PHI,5,6,11,0,1,Enterprise Center,0.0,N/A,fallback
401802633,2025-11-14,21:00,2025,UTA,NYI,2,3,5,0,1,Delta Center,0.0,N/A,fallback
401802620,2025-11-13,19:00,2025,TOR,LAK,3,4,7,0,1,Scotiabank Arena,0.0,N/A,fallback
401802621,2025-11-13,19:00,2025,MTL,DAL,0,7,7,0,1,Bell Centre,0.0,N/A,fallback
401802622,2025-11-13,19:00,2025,OTT,BOS,5,3,8,0,1,Canadian Tire Centre,0.0,N/A,fallback
401802623,2025-11-13,19:00,2025,DET,ANA,6,3,9,0,1,Little Caesars Arena,0.0,N/A,fallback
401802624,2025-11-13,19:00,2025,FLA,WSH,6,3,9,0,1,Amerant Bank Arena,0.0,N/A,fallback
401802625,2025-11-13,19:30,2025,CBJ,EDM,5,4,9,0,1,Nationwide Arena,0.0,N/A,fallback
401802626,2025-11-13,21:00,2025,COL,BUF,6,3,9,0,1,Ball Arena,0.0,N/A,fallback
401802627,2025-11-13,21:00,2025,CGY,SJ,2,0,2,0,1,Scotiabank Saddledome,0.0,N/A,fallback
401802628,2025-11-13,22:00,2025,VGK,NYI,3,4,7,0,1,T-Mobile Arena,0.0,N/A,fallback
401802629,2025-11-13,22:00,2025,SEA,WPG,5,3,8,0,1,Climate Pledge Arena,0.0,N/A,fallback
401802634,2025-11-15,17:00,2025,FLA,TBL,1,3,4,0,1,Amerant Bank Arena,0.0,N/A,fallback
401802635,2025-11-15,18:00,2025,MIN,ANA,2,0,2,0,1,Grand Casino Arena,0.0,N/A,fallback
401802636,2025-11-15,19:00,2025,MTL,BOS,2,3,5,0,1,Bell Centre,0.0,N/A,fallback
401802637,2025-11-15,19:00,2025,OTT,LAK,0,1,1,0,1,Canadian Tire Centre,0.0,N/A,fallback
401802638,2025-11-15,19:00,2025,DET,BUF,4,5,9,0,1,Little Caesars Arena,0.0,N/A,fallback
401802639,2025-11-15,19:00,2025,WSH,NJ,2,3,5,0,1,Capital One Arena,0.0,N/A,fallback
401802640,2025-11-15,19:00,2025,CAR,EDM,3,4,7,0,1,Lenovo Center,0.0,N/A,fallback
401802641,2025-11-15,19:00,2025,CBJ,NYR,1,2,3,0,1,Nationwide Arena,0.0,N/A,fallback
401802642,2025-11-15,19:00,2025,CHI,TOR,3,2,5,0,1,United Center,0.0,N/A,fallback
401802643,2025-11-15,20:00,2025,STL,VGK,1,4,5,0,1,Enterprise Center,0.0,N/A,fallback
401802644,2025-11-15,20:00,2025,DAL,PHI,5,1,6,0,1,American Airlines Center,0.0,N/A,fallback
401802645,2025-11-15,22:00,2025,CGY,WPG,3,4,7,0,1,Scotiabank Saddledome,0.0,N/A,fallback
401802646,2025-11-15,22:00,2025,SEA,SJ,4,1,5,0,1,Climate Pledge Arena,0.0,N/A,fallback
401802647,2025-11-16,09:00,2025,PIT,NSH,4,0,4,0,1,Avicii Arena,0.0,N/A,fallback
401802648,2025-11-16,17:00,2025,TBL,VAN,2,6,8,0,1,Benchmark International Arena,0.0,N/A,fallback
401802649,2025-11-16,18:00,2025,MIN,VGK,3,2,5,0,1,Grand Casino Arena,0.0,N/A,fallback
401802650,2025-11-16,19:00,2025,NYR,DET,1,2,3,0,1,Madison Square Garden,0.0,N/A,fallback
401802651,2025-11-16,21:00,2025,COL,NYI,4,1,5,0,1,Ball Arena,0.0,N/A,fallback
401802652,2025-11-17,19:00,2025,BOS,CAR,1,3,4,0,1,TD Garden,0.0,N/A,fallback
401802653,2025-11-17,19:00,2025,BUF,EDM,5,1,6,0,1,KeyBank Center,0.0,N/A,fallback
401802654,2025-11-17,19:00,2025,FLA,VAN,8,5,13,0,1,Amerant Bank Arena,0.0,N/A,fallback
401802655,2025-11-17,19:00,2025,WSH,LAK,2,1,3,0,1,Capital One Arena,0.0,N/A,fallback
401802656,2025-11-17,19:30,2025,CBJ,MTL,4,3,7,0,1,Nationwide Arena,0.0,N/A,fallback
401802657,2025-11-17,22:00,2025,ANA,UTA,3,2,5,0,1,Honda Center,0.0,N/A,fallback
401802658,2025-11-18,19:00,2025,TOR,STL,3,2,5,0,1,Scotiabank Arena,0.0,N/A,fallback
401802659,2025-11-18,19:00,2025,DET,SEA,4,2,6,0,1,Little Caesars Arena,0.0,N/A,fallback
401802660,2025-11-18,19:00,2025,TBL,NJ,5,1,6,0,1,Benchmark International Arena,0.0,N/A,fallback
401802661,2025-11-18,20:00,2025,DAL,NYI,2,3,5,0,1,American Airlines Center,0.0,N/A,fallback
401802662,2025-11-18,20:00,2025,WPG,CBJ,5,2,7,0,1,Canada Life Centre,0.0,N/A,fallback
401802663,2025-11-18,20:30,2025,CHI,CGY,5,2,7,0,1,United Center,0.0,N/A,fallback
401802664,2025-11-18,22:00,2025,VGK,NYR,3,2,5,0,1,T-Mobile Arena,0.0,N/A,fallback
401802665,2025-11-18,22:00,2025,SJ,UTA,3,2,5,0,1,SAP Center at San Jose,0.0,N/A,fallback
401802666,2025-11-19,19:00,2025,WSH,EDM,7,4,11,0,1,Capital One Arena,0.0,N/A,fallback
401802667,2025-11-19,19:30,2025,BUF,CGY,2,6,8,0,1,KeyBank Center,0.0,N/A,fallback
401802668,2025-11-19,21:30,2025,MIN,CAR,4,3,7,0,1,Grand Casino Arena,0.0,N/A,fallback
401802669,2025-11-19,22:00,2025,ANA,BOS,4,3,7,0,1,Honda Center,0.0,N/A,fallback
401802670,2025-11-20,19:00,2025,TOR,CBJ,2,3,5,0,1,Scotiabank Arena,0.0,N/A,fallback
401802671,2025-11-20,19:00,2025,MTL,WSH,4,8,12,0,1,Bell Centre,0.0,N/A,fallback
401802672,2025-11-20,19:00,2025,DET,NYI,0,5,5,0,1,Little Caesars Arena,0.0,N/A,fallback
401802674,2025-11-20,19:00,2025,FLA,NJ,1,0,1,0,1,Amerant Bank Arena,0.0,N/A,fallback
401802675,2025-11-20,19:00,2025,PHI,STL,3,2,5,0,1,Xfinity Mobile Arena,0.0,N/A,fallback
401802673,2025-11-20,19:30,2025,TBL,EDM,2,1,3,0,1,Benchmark International Arena,0.0,N/A,fallback
401802676,2025-11-20,20:00,2025,CHI,SEA,2,3,5,0,1,United Center,0.0,N/A,fallback
401802677,2025-11-20,21:00,2025,COL,NYR,6,3,9,0,1,Ball Arena,0.0,N/A,fallback
401802678,2025-11-20,21:00,2025,UTA,VGK,1,4,5,0,1,Delta Center,0.0,N/A,fallback
401802679,2025-11-20,22:00,2025,VAN,DAL,2,4,6,0,1,Rogers Arena,0.0,N/A,fallback
401802680,2025-11-20,22:00,2025,ANA,OTT,2,3,5,0,1,Honda Center,0.0,N/A,fallback
401802681,2025-11-20,22:00,2025,SJ,LAK,4,3,7,0,1,SAP Center at San Jose,0.0,N/A,fallback
401802698,2025-11-23,13:00,2025,BUF,CAR,4,1,5,0,1,KeyBank Center,0.0,N/A,fallback
401802699,2025-11-23,16:00,2025,WPG,MIN,0,3,3,0,1,Canada Life Centre,0.0,N/A,fallback
401802700,2025-11-23,17:00,2025,NYI,SEA,1,0,1,0,1,UBS Arena,0.0,N/A,fallback
401802701,2025-11-23,19:00,2025,CHI,COL,0,1,1,0,1,United Center,0.0,N/A,fallback
401802702,2025-11-23,20:00,2025,SJ,BOS,3,1,4,0,1,SAP Center at San Jose,0.0,N/A,fallback
401802703,2025-11-23,21:00,2025,VAN,CGY,2,5,7,0,1,Rogers Arena,0.0,N/A,fallback
401802704,2025-11-24,19:00,2025,TBL,PHI,3,0,3,0,1,Benchmark International Arena,0.0,N/A,fallback
401802705,2025-11-24,19:00,2025,NJ,DET,4,3,7,0,1,Prudential Center,0.0,N/A,fallback
401802706,2025-11-24,19:00,2025,NYR,STL,3,2,5,0,1,Madison Square Garden,0.0,N/A,fallback
401802707,2025-11-24,19:00,2025,WSH,CBJ,5,1,6,0,1,Capital One Arena,0.0,N/A,fallback
401802708,2025-11-24,20:00,2025,NSH,FLA,3,8,11,0,1,Bridgestone Arena,0.0,N/A,fallback
401802709,2025-11-24,21:00,2025,UTA,VGK,5,1,6,0,1,Delta Center,0.0,N/A,fallback
401802710,2025-11-24,21:00,2025,LAK,OTT,2,1,3,0,1,crypto.com Arena,0.0,N/A,fallback
401802711,2025-11-25,21:00,2025,EDM,DAL,3,8,11,0,1,Rogers Place,0.0,N/A,fallback
401802712,2025-11-26,19:00,2025,DET,NSH,3,6,9,0,1,Little Caesars Arena,0.0,N/A,fallback
401802713,2025-11-26,19:00,2025,TBL,CGY,5,1,6,0,1,Benchmark International Arena,0.0,N/A,fallback
401802714,2025-11-26,19:00,2025,FLA,PHI,2,4,6,0,1,Amerant Bank Arena,0.0,N/A,fallback
401802715,2025-11-26,19:00,2025,NJ,STL,3,2,5,0,1,Prudential Center,0.0,N/A,fallback
401802716,2025-11-26,19:00,2025,NYI,BOS,1,3,4,0,1,UBS Arena,0.0,N/A,fallback
401802717,2025-11-26,19:00,2025,PIT,BUF,4,2,6,0,1,PPG Paints Arena,0.0,N/A,fallback
401802718,2025-11-26,19:00,2025,WSH,WPG,4,3,7,0,1,Capital One Arena,0.0,N/A,fallback
401802719,2025-11-26,19:00,2025,CAR,NYR,2,4,6,0,1,Lenovo Center,0.0,N/A,fallback
401802720,2025-11-26,19:00,2025,CBJ,TOR,1,2,3,0,1,Nationwide Arena,0.0,N/A,fallback
401802721,2025-11-26,20:30,2025,CHI,MIN,3,4,7,0,1,United Center,0.0,N/A,fallback
401802722,2025-11-26,21:00,2025,COL,SJ,6,0,6,0,1,Ball Arena,0.0,N/A,fallback
401802723,2025-11-26,21:30,2025,UTA,MTL,3,4,7,0,1,Delta Center,0.0,N/A,fallback
401802724,2025-11-26,22:00,2025,VGK,OTT,3,4,7,0,1,T-Mobile Arena,0.0,N/A,fallback
401802725,2025-11-26,22:00,2025,ANA,VAN,4,5,9,0,1,Honda Center,0.0,N/A,fallback
401802726,2025-11-26,22:00,2025,SEA,DAL,2,3,5,0,1,Climate Pledge Arena,0.0,N/A,fallback
401802682,2025-11-21,19:00,2025,BUF,CHI,9,3,12,0,1,KeyBank Center,0.0,N/A,fallback
401802683,2025-11-21,19:00,2025,PIT,MIN,0,5,5,0,1,PPG Paints Arena,0.0,N/A,fallback
401802684,2025-11-21,20:00,2025,WPG,CAR,3,4,7,0,1,Canada Life Centre,0.0,N/A,fallback
401802685,2025-11-21,22:30,2025,LAK,BOS,1,2,3,0,1,crypto.com Arena,0.0,N/A,fallback
401802686,2025-11-22,13:00,2025,DET,CBJ,4,3,7,0,1,Little Caesars Arena,0.0,N/A,fallback
401802687,2025-11-22,15:30,2025,NYI,STL,1,2,3,0,1,UBS Arena,0.0,N/A,fallback
401802688,2025-11-22,19:00,2025,MTL,TOR,5,2,7,0,1,Bell Centre,0.0,N/A,fallback
401802689,2025-11-22,19:00,2025,FLA,EDM,3,6,9,0,1,Amerant Bank Arena,0.0,N/A,fallback
401802690,2025-11-22,19:00,2025,PHI,NJ,6,3,9,0,1,Xfinity Mobile Arena,0.0,N/A,fallback
401802691,2025-11-22,19:00,2025,PIT,SEA,2,3,5,0,1,PPG Paints Arena,0.0,N/A,fallback
401802692,2025-11-22,19:00,2025,WSH,TBL,3,5,8,0,1,Capital One Arena,0.0,N/A,fallback
401802693,2025-11-22,19:00,2025,SJ,OTT,2,3,5,0,1,SAP Center at San Jose,0.0,N/A,fallback
401802694,2025-11-22,20:00,2025,NSH,COL,0,3,3,0,1,Bridgestone Arena,0.0,N/A,fallback
401802695,2025-11-22,21:00,2025,UTA,NYR,3,2,5,0,1,Delta Center,0.0,N/A,fallback
401802696,2025-11-22,22:00,2025,CGY,DAL,3,2,5,0,1,Scotiabank Saddledome,0.0,N/A,fallback
401802697,2025-11-22,22:00,2025,ANA,VGK,4,3,7,0,1,Honda Center,0.0,N/A,fallback
401802757,2025-12-01,19:00,2025,NJ,CBJ,3,5,8,0,1,Prudential Center,0.0,N/A,fallback
401802758,2025-12-01,19:00,2025,PHI,PIT,1,5,6,0,1,Xfinity Mobile Arena,0.0,N/A,fallback
401802759,2025-12-01,19:30,2025,BUF,WPG,5,1,6,0,1,KeyBank Center,0.0,N/A,fallback
401802760,2025-12-01,20:00,2025,STL,ANA,1,4,5,0,1,Enterprise Center,0.0,N/A,fallback
401802761,2025-12-01,22:00,2025,SJ,UTA,6,3,9,0,1,SAP Center at San Jose,0.0,N/A,fallback
401802753,2025-11-30,13:00,2025,NYI,WSH,1,4,5,0,1,UBS Arena,0.0,N/A,fallback
401802754,2025-11-30,15:30,2025,CHI,ANA,5,3,8,0,1,United Center,0.0,N/A,fallback
401802755,2025-11-30,17:00,2025,CAR,CGY,1,0,1,0,1,Lenovo Center,0.0,N/A,fallback
401802756,2025-11-30,18:00,2025,DAL,OTT,6,1,7,0,1,American Airlines Center,0.0,N/A,fallback
401802728,2025-11-28,12:00,2025,DET,TBL,3,6,9,0,1,Little Caesars Arena,0.0,N/A,fallback
401802727,2025-11-28,13:00,2025,BOS,NYR,2,6,8,0,1,TD Garden,0.0,N/A,fallback
401802729,2025-11-28,15:30,2025,MIN,COL,3,2,5,0,1,Grand Casino Arena,0.0,N/A,fallback
401802730,2025-11-28,16:00,2025,BUF,NJ,0,5,5,0,1,KeyBank Center,0.0,N/A,fallback
401802731,2025-11-28,16:00,2025,FLA,CGY,3,5,8,0,1,Amerant Bank Arena,0.0,N/A,fallback
401802732,2025-11-28,16:00,2025,NYI,PHI,3,4,7,0,1,UBS Arena,0.0,N/A,fallback
401802733,2025-11-28,16:00,2025,STL,OTT,4,3,7,0,1,Enterprise Center,0.0,N/A,fallback
401802734,2025-11-28,16:00,2025,VGK,MTL,1,4,5,0,1,T-Mobile Arena,0.0,N/A,fallback
401802735,2025-11-28,16:00,2025,ANA,LAK,5,4,9,0,1,Honda Center,0.0,N/A,fallback
401802736,2025-11-28,16:00,2025,SJ,VAN,3,2,5,0,1,SAP Center at San Jose,0.0,N/A,fallback
401802737,2025-11-28,17:00,2025,WSH,TOR,4,2,6,0,1,Capital One Arena,0.0,N/A,fallback
401802738,2025-11-28,17:00,2025,CAR,WPG,5,1,6,0,1,Lenovo Center,0.0,N/A,fallback
401802739,2025-11-28,19:00,2025,CBJ,PIT,3,4,7,0,1,Nationwide Arena,0.0,N/A,fallback
401802740,2025-11-28,20:00,2025,CHI,NSH,3,4,7,0,1,United Center,0.0,N/A,fallback
401802741,2025-11-28,20:00,2025,DAL,UTA,4,3,7,0,1,American Airlines Center,0.0,N/A,fallback
401802762,2025-12-02,19:00,2025,MTL,OTT,2,5,7,0,1,Bell Centre,0.0,N/A,fallback
401802763,2025-12-02,19:00,2025,DET,BOS,5,4,9,0,1,Little Caesars Arena,0.0,N/A,fallback
401802765,2025-12-02,19:00,2025,NYI,TBL,2,1,3,0,1,UBS Arena,0.0,N/A,fallback
401802766,2025-12-02,19:00,2025,NYR,DAL,3,2,5,0,1,Madison Square Garden,0.0,N/A,fallback
401802764,2025-12-02,19:30,2025,FLA,TOR,1,4,5,0,1,Amerant Bank Arena,0.0,N/A,fallback
401802767,2025-12-02,20:00,2025,NSH,CGY,5,1,6,0,1,Bridgestone Arena,0.0,N/A,fallback
401802768,2025-12-02,21:00,2025,COL,VAN,3,1,4,0,1,Ball Arena,0.0,N/A,fallback
401802769,2025-12-02,21:00,2025,EDM,MIN,0,1,1,0,1,Rogers Place,0.0,N/A,fallback
401802770,2025-12-02,22:00,2025,VGK,CHI,4,3,7,0,1,T-Mobile Arena,0.0,N/A,fallback
401802771,2025-12-02,22:30,2025,LAK,WSH,1,3,4,0,1,crypto.com Arena,0.0,N/A,fallback
401802772,2025-12-03,19:00,2025,NJ,DAL,0,3,3,0,1,Prudential Center,0.0,N/A,fallback
401802773,2025-12-03,19:30,2025,MTL,WPG,3,2,5,0,1,Bell Centre,0.0,N/A,fallback
401802774,2025-12-03,19:30,2025,PHI,BUF,5,2,7,0,1,Xfinity Mobile Arena,0.0,N/A,fallback
401802775,2025-12-03,22:00,2025,ANA,UTA,0,7,7,0,1,Honda Center,0.0,N/A,fallback
401802776,2025-12-03,22:00,2025,SJ,WSH,1,7,8,0,1,SAP Center at San Jose,0.0,N/A,fallback
401802742,2025-11-29,14:00,2025,NYR,TBL,1,4,5,0,1,Madison Square Garden,0.0,N/A,fallback
401802743,2025-11-29,15:00,2025,COL,MTL,7,2,9,0,1,Ball Arena,0.0,N/A,fallback
401802744,2025-11-29,16:00,2025,SEA,EDM,0,4,4,0,1,Climate Pledge Arena,0.0,N/A,fallback
401802745,2025-11-29,19:00,2025,BOS,DET,3,2,5,0,1,TD Garden,0.0,N/A,fallback
401802746,2025-11-29,19:00,2025,NJ,PHI,3,5,8,0,1,Prudential Center,0.0,N/A,fallback
401802747,2025-11-29,19:00,2025,PIT,TOR,2,7,9,0,1,PPG Paints Arena,0.0,N/A,fallback
401802748,2025-11-29,19:00,2025,NSH,WPG,2,5,7,0,1,Bridgestone Arena,0.0,N/A,fallback
401802749,2025-11-29,20:00,2025,STL,UTA,1,0,1,0,1,Enterprise Center,0.0,N/A,fallback
401802750,2025-11-29,20:00,2025,MIN,BUF,2,3,5,0,1,Grand Casino Arena,0.0,N/A,fallback
401802751,2025-11-29,22:00,2025,VGK,SJ,4,3,7,0,1,T-Mobile Arena,0.0,N/A,fallback
401802752,2025-11-29,22:00,2025,LAK,VAN,2,1,3,0,1,crypto.com Arena,0.0,N/A,fallback
401802777,2025-12-04,19:00,2025,BOS,STL,5,2,7,0,1,TD Garden,0.0,N/A,fallback
401802778,2025-12-04,19:00,2025,OTT,NYR,2,4,6,0,1,Canadian Tire Centre,0.0,N/A,fallback
401802779,2025-12-04,19:00,2025,TBL,PIT,3,4,7,0,1,Benchmark International Arena,0.0,N/A,fallback
401802780,2025-12-04,19:00,2025,FLA,NSH,1,2,3,0,1,Amerant Bank Arena,0.0,N/A,fallback
401802781,2025-12-04,19:00,2025,NYI,COL,6,3,9,0,1,UBS Arena,0.0,N/A,fallback
401802782,2025-12-04,19:00,2025,CAR,TOR,1,5,6,0,1,Lenovo Center,0.0,N/A,fallback
401802783,2025-12-04,19:30,2025,CBJ,DET,6,5,11,0,1,Nationwide Arena,0.0,N/A,fallback
401802784,2025-12-04,21:00,2025,CGY,MIN,4,1,5,0,1,Scotiabank Saddledome,0.0,N/A,fallback
401802785,2025-12-04,21:00,2025,EDM,SEA,9,4,13,0,1,Rogers Place,0.0,N/A,fallback
401802786,2025-12-04,22:00,2025,LAK,CHI,1,2,3,0,1,crypto.com Arena,0.0,N/A,fallback
401802792,2025-12-06,12:30,2025,NYR,COL,2,3,5,0,1,Madison Square Garden,0.0,N/A,fallback
401802793,2025-12-06,15:30,2025,FLA,CBJ,7,6,13,0,1,Amerant Bank Arena,0.0,N/A,fallback
401802794,2025-12-06,19:00,2025,BOS,NJ,4,1,5,0,1,TD Garden,0.0,N/A,fallback
401802795,2025-12-06,19:00,2025,TOR,MTL,1,2,3,0,1,Scotiabank Arena,0.0,N/A,fallback
401802796,2025-12-06,19:00,2025,OTT,STL,1,2,3,0,1,Canadian Tire Centre,0.0,N/A,fallback
401802797,2025-12-06,19:00,2025,TBL,NYI,0,2,2,0,1,Benchmark International Arena,0.0,N/A,fallback
401802798,2025-12-06,19:00,2025,CAR,NSH,6,3,9,0,1,Lenovo Center,0.0,N/A,fallback
401802799,2025-12-06,19:00,2025,CGY,UTA,2,0,2,0,1,Scotiabank Saddledome,0.0,N/A,fallback
401802800,2025-12-06,21:00,2025,LAK,CHI,6,0,6,0,1,crypto.com Arena,0.0,N/A,fallback
401802801,2025-12-06,22:00,2025,EDM,WPG,6,2,8,0,1,Rogers Place,0.0,N/A,fallback
401802802,2025-12-06,22:00,2025,VAN,MIN,4,2,6,0,1,Rogers Arena,0.0,N/A,fallback
401802803,2025-12-06,22:00,2025,SEA,DET,3,4,7,0,1,Climate Pledge Arena,0.0,N/A,fallback
401802787,2025-12-05,19:00,2025,NJ,VGK,0,3,3,0,1,Prudential Center,0.0,N/A,fallback
401802788,2025-12-05,19:00,2025,WPG,BUF,4,1,5,0,1,Canada Life Centre,0.0,N/A,fallback
401802789,2025-12-05,20:00,2025,DAL,SJ,4,1,5,0,1,American Airlines Center,0.0,N/A,fallback
401802790,2025-12-05,21:00,2025,VAN,UTA,1,4,5,0,1,Rogers Arena,0.0,N/A,fallback
401802791,2025-12-05,22:00,2025,ANA,WSH,4,3,7,0,1,Honda Center,0.0,N/A,fallback
401802804,2025-12-07,13:00,2025,PHI,COL,2,3,5,0,1,Xfinity Mobile Arena,0.0,N/A,fallback
401802805,2025-12-07,17:00,2025,FLA,NYI,4,1,5,0,1,Amerant Bank Arena,0.0,N/A,fallback
401802806,2025-12-07,17:00,2025,CAR,SJ,1,4,5,0,1,Lenovo Center,0.0,N/A,fallback
401802807,2025-12-07,18:00,2025,DAL,PIT,3,2,5,0,1,American Airlines Center,0.0,N/A,fallback
401802808,2025-12-07,19:00,2025,MTL,STL,3,4,7,0,1,Bell Centre,0.0,N/A,fallback
401802809,2025-12-07,19:00,2025,NYR,VGK,2,3,5,0,1,Madison Square Garden,0.0,N/A,fallback
401802810,2025-12-07,19:00,2025,WSH,CBJ,2,0,2,0,1,Capital One Arena,0.0,N/A,fallback
401802811,2025-12-07,20:00,2025,ANA,CHI,7,1,8,0,1,Honda Center,0.0,N/A,fallback
401802812,2025-12-08,19:30,2025,TOR,TBL,2,0,2,0,1,Scotiabank Arena,0.0,N/A,fallback
401802813,2025-12-08,21:00,2025,UTA,LAK,2,4,6,0,1,Delta Center,0.0,N/A,fallback
401802814,2025-12-08,21:00,2025,CGY,BUF,7,4,11,0,1,Scotiabank Saddledome,0.0,N/A,fallback
401802815,2025-12-08,22:00,2025,VAN,DET,0,4,4,0,1,Rogers Arena,0.0,N/A,fallback
401802816,2025-12-08,22:00,2025,SEA,MIN,1,4,5,0,1,Climate Pledge Arena,0.0,N/A,fallback
401802817,2025-12-09,19:00,2025,MTL,TBL,1,6,7,0,1,Bell Centre,0.0,N/A,fallback
401802818,2025-12-09,19:00,2025,OTT,NJ,3,4,7,0,1,Canadian Tire Centre,0.0,N/A,fallback
401802819,2025-12-09,19:00,2025,NYI,VGK,5,4,9,0,1,UBS Arena,0.0,N/A,fallback
401802820,2025-12-09,19:00,2025,PHI,SJ,4,1,5,0,1,Xfinity Mobile Arena,0.0,N/A,fallback
401802821,2025-12-09,19:00,2025,PIT,ANA,3,4,7,0,1,PPG Paints Arena,0.0,N/A,fallback
401802822,2025-12-09,19:30,2025,CAR,CBJ,4,1,5,0,1,Lenovo Center,0.0,N/A,fallback
401802823,2025-12-09,20:00,2025,STL,BOS,2,5,7,0,1,Enterprise Center,0.0,N/A,fallback
401802824,2025-12-09,20:00,2025,WPG,DAL,3,4,7,0,1,Canada Life Centre,0.0,N/A,fallback
401802825,2025-12-09,21:00,2025,EDM,BUF,3,4,7,0,1,Rogers Place,0.0,N/A,fallback
401802826,2025-12-09,21:30,2025,NSH,COL,4,3,7,0,1,Bridgestone Arena,0.0,N/A,fallback
401802827,2025-12-10,19:30,2025,CHI,NYR,3,0,3,0,1,United Center,0.0,N/A,fallback
401802828,2025-12-10,20:30,2025,CGY,DET,3,4,7,0,1,Scotiabank Saddledome,0.0,N/A,fallback
401802829,2025-12-10,21:00,2025,UTA,FLA,3,4,7,0,1,Delta Center,0.0,N/A,fallback
401802830,2025-12-10,22:00,2025,SEA,LAK,3,2,5,0,1,Climate Pledge Arena,0.0,N/A,fallback
401802831,2025-12-11,19:00,2025,TOR,SJ,2,3,5,0,1,Scotiabank Arena,0.0,N/A,fallback
401802832,2025-12-11,19:00,2025,NJ,TBL,4,8,12,0,1,Prudential Center,0.0,N/A,fallback
401802833,2025-12-11,19:00,2025,NYI,ANA,5,2,7,0,1,UBS Arena,0.0,N/A,fallback
401802834,2025-12-11,19:00,2025,PHI,VGK,2,3,5,0,1,Xfinity Mobile Arena,0.0,N/A,fallback
401802836,2025-12-11,19:00,2025,WSH,CAR,2,3,5,0,1,Capital One Arena,0.0,N/A,fallback
401802837,2025-12-11,19:00,2025,CBJ,OTT,3,6,9,0,1,Nationwide Arena,0.0,N/A,fallback
401802835,2025-12-11,19:30,2025,PIT,MTL,2,4,6,0,1,PPG Paints Arena,0.0,N/A,fallback
401802838,2025-12-11,20:00,2025,NSH,STL,7,2,9,0,1,Bridgestone Arena,0.0,N/A,fallback
401802839,2025-12-11,20:00,2025,MIN,DAL,5,2,7,0,1,Grand Casino Arena,0.0,N/A,fallback
401802840,2025-12-11,20:00,2025,WPG,BOS,3,6,9,0,1,Canada Life Centre,0.0,N/A,fallback
401802842,2025-12-11,21:00,2025,EDM,DET,4,1,5,0,1,Rogers Place,0.0,N/A,fallback
401802841,2025-12-11,21:30,2025,COL,FLA,6,2,8,0,1,Ball Arena,0.0,N/A,fallback
401802843,2025-12-11,22:00,2025,VAN,BUF,2,3,5,0,1,Rogers Arena,0.0,N/A,fallback
401802859,2025-12-14,12:30,2025,NJ,VAN,1,2,3,0,1,Prudential Center,0.0,N/A,fallback
401802860,2025-12-14,15:00,2025,PIT,UTA,4,5,9,0,1,PPG Paints Arena,0.0,N/A,fallback
401802861,2025-12-14,17:00,2025,CAR,PHI,3,2,5,0,1,Lenovo Center,0.0,N/A,fallback
401802862,2025-12-14,18:00,2025,MIN,BOS,6,2,8,0,1,Grand Casino Arena,0.0,N/A,fallback
401802863,2025-12-14,19:00,2025,MTL,EDM,4,1,5,0,1,Bell Centre,0.0,N/A,fallback
401802864,2025-12-14,20:00,2025,SEA,BUF,1,3,4,0,1,Climate Pledge Arena,0.0,N/A,fallback
401802865,2025-12-15,19:00,2025,TBL,FLA,2,5,7,0,1,Benchmark International Arena,0.0,N/A,fallback
401802866,2025-12-15,19:00,2025,NYR,ANA,1,4,5,0,1,Madison Square Garden,0.0,N/A,fallback
401802867,2025-12-15,19:30,2025,WPG,OTT,2,3,5,0,1,Canada Life Centre,0.0,N/A,fallback
401802868,2025-12-15,20:00,2025,STL,NSH,2,5,7,0,1,Enterprise Center,0.0,N/A,fallback
401802869,2025-12-15,20:00,2025,DAL,LAK,4,1,5,0,1,American Airlines Center,0.0,N/A,fallback
401802870,2025-12-16,19:00,2025,BOS,UTA,4,1,5,0,1,TD Garden,0.0,N/A,fallback
401802871,2025-12-16,19:00,2025,TOR,CHI,3,2,5,0,1,Scotiabank Arena,0.0,N/A,fallback
401802872,2025-12-16,19:00,2025,MTL,PHI,1,4,5,0,1,Bell Centre,0.0,N/A,fallback
401802873,2025-12-16,19:00,2025,DET,NYI,3,2,5,0,1,Little Caesars Arena,0.0,N/A,fallback
401802874,2025-12-16,19:00,2025,NYR,VAN,0,3,3,0,1,Madison Square Garden,0.0,N/A,fallback
401802876,2025-12-16,19:00,2025,CBJ,ANA,4,3,7,0,1,Nationwide Arena,0.0,N/A,fallback
401802875,2025-12-16,19:30,2025,PIT,EDM,4,6,10,0,1,PPG Paints Arena,0.0,N/A,fallback
401802877,2025-12-16,20:00,2025,MIN,WSH,5,0,5,0,1,Grand Casino Arena,0.0,N/A,fallback
401802878,2025-12-16,22:00,2025,SJ,CGY,6,3,9,0,1,SAP Center at San Jose,0.0,N/A,fallback
401802879,2025-12-16,22:00,2025,SEA,COL,3,5,8,0,1,Climate Pledge Arena,0.0,N/A,fallback
401802844,2025-12-12,20:00,2025,STL,CHI,3,2,5,0,1,Enterprise Center,0.0,N/A,fallback
401802845,2025-12-12,21:00,2025,UTA,SEA,5,3,8,0,1,Delta Center,0.0,N/A,fallback
401802880,2025-12-17,19:00,2025,FLA,LAK,3,2,5,0,1,Amerant Bank Arena,0.0,N/A,fallback
401802881,2025-12-17,19:30,2025,DET,UTA,1,4,5,0,1,Little Caesars Arena,0.0,N/A,fallback
401802882,2025-12-17,20:00,2025,STL,WPG,1,0,1,0,1,Enterprise Center,0.0,N/A,fallback
401802883,2025-12-17,20:00,2025,NSH,CAR,1,4,5,0,1,Bridgestone Arena,0.0,N/A,fallback
401802884,2025-12-17,22:00,2025,VGK,NJ,1,2,3,0,1,T-Mobile Arena,0.0,N/A,fallback
401802846,2025-12-13,12:30,2025,NJ,ANA,4,1,5,0,1,Prudential Center,0.0,N/A,fallback
401802847,2025-12-13,14:00,2025,MIN,OTT,3,2,5,0,1,Grand Casino Arena,0.0,N/A,fallback
401802848,2025-12-13,15:00,2025,PIT,SJ,5,6,11,0,1,PPG Paints Arena,0.0,N/A,fallback
401802849,2025-12-13,15:30,2025,NYI,TBL,3,2,5,0,1,UBS Arena,0.0,N/A,fallback
401802850,2025-12-13,19:00,2025,TOR,EDM,3,6,9,0,1,Scotiabank Arena,0.0,N/A,fallback
401802851,2025-12-13,19:00,2025,NYR,MTL,5,4,9,0,1,Madison Square Garden,0.0,N/A,fallback
401802852,2025-12-13,19:00,2025,PHI,CAR,3,4,7,0,1,Xfinity Mobile Arena,0.0,N/A,fallback
401802853,2025-12-13,19:00,2025,CBJ,VGK,2,3,5,0,1,Nationwide Arena,0.0,N/A,fallback
401802854,2025-12-13,19:00,2025,WPG,WSH,5,1,6,0,1,Canada Life Centre,0.0,N/A,fallback
401802855,2025-12-13,20:00,2025,CHI,DET,0,4,4,0,1,United Center,0.0,N/A,fallback
401802856,2025-12-13,20:00,2025,DAL,FLA,0,4,4,0,1,American Airlines Center,0.0,N/A,fallback
401802857,2025-12-13,21:00,2025,COL,NSH,4,2,6,0,1,Ball Arena,0.0,N/A,fallback
401802858,2025-12-13,22:00,2025,LAK,CGY,1,2,3,0,1,crypto.com Arena,0.0,N/A,fallback
401802895,2025-12-19,19:00,2025,FLA,CAR,4,3,7,0,1,Amerant Bank Arena,0.0,N/A,fallback
401802896,2025-12-19,19:00,2025,NYI,VAN,1,4,5,0,1,UBS Arena,0.0,N/A,fallback
401802897,2025-12-19,21:00,2025,COL,WPG,3,2,5,0,1,Ball Arena,0.0,N/A,fallback
401802898,2025-12-19,21:00,2025,UTA,NJ,1,2,3,0,1,Delta Center,0.0,N/A,fallback
401802899,2025-12-19,22:00,2025,ANA,DAL,3,8,11,0,1,Honda Center,0.0,N/A,fallback
401802885,2025-12-18,19:00,2025,BOS,EDM,1,3,4,0,1,TD Garden,0.0,N/A,fallback
401802887,2025-12-18,19:00,2025,MTL,CHI,4,1,5,0,1,Bell Centre,0.0,N/A,fallback
401802888,2025-12-18,19:00,2025,OTT,PIT,4,0,4,0,1,Canadian Tire Centre,0.0,N/A,fallback
401802889,2025-12-18,19:00,2025,TBL,LAK,1,2,3,0,1,Benchmark International Arena,0.0,N/A,fallback
401802890,2025-12-18,19:00,2025,WSH,TOR,4,0,4,0,1,Capital One Arena,0.0,N/A,fallback
401802891,2025-12-18,19:00,2025,CBJ,MIN,2,5,7,0,1,Nationwide Arena,0.0,N/A,fallback
401802886,2025-12-18,19:30,2025,BUF,PHI,5,3,8,0,1,KeyBank Center,0.0,N/A,fallback
401802892,2025-12-18,20:00,2025,STL,NYR,1,2,3,0,1,Enterprise Center,0.0,N/A,fallback
401802893,2025-12-18,21:00,2025,CGY,SEA,4,2,6,0,1,Scotiabank Saddledome,0.0,N/A,fallback
401802894,2025-12-18,22:00,2025,SJ,DAL,3,5,8,0,1,SAP Center at San Jose,0.0,N/A,fallback
401802913,2025-12-21,13:00,2025,DET,WSH,3,2,5,0,1,Little Caesars Arena,0.0,N/A,fallback
401802914,2025-12-21,18:00,2025,MIN,COL,1,5,6,0,1,Grand Casino Arena,0.0,N/A,fallback
401802915,2025-12-21,19:00,2025,BOS,OTT,2,6,8,0,1,TD Garden,0.0,N/A,fallback
401802916,2025-12-21,19:00,2025,NJ,BUF,1,3,4,0,1,Prudential Center,0.0,N/A,fallback
401802917,2025-12-21,19:00,2025,PIT,MTL,4,3,7,0,1,PPG Paints Arena,0.0,N/A,fallback
401802918,2025-12-21,19:00,2025,NSH,NYR,2,1,3,0,1,Bridgestone Arena,0.0,N/A,fallback
401802919,2025-12-21,19:00,2025,DAL,TOR,5,1,6,0,1,American Airlines Center,0.0,N/A,fallback
401802920,2025-12-21,19:00,2025,UTA,WPG,4,3,7,0,1,Delta Center,0.0,N/A,fallback
401802921,2025-12-21,20:00,2025,EDM,VGK,4,3,7,0,1,Rogers Place,0.0,N/A,fallback
401802922,2025-12-22,19:00,2025,TBL,STL,4,1,5,0,1,Benchmark International Arena,0.0,N/A,fallback
401802923,2025-12-22,19:30,2025,PHI,VAN,5,2,7,0,1,Xfinity Mobile Arena,0.0,N/A,fallback
401802924,2025-12-22,22:00,2025,ANA,SEA,1,3,4,0,1,Honda Center,0.0,N/A,fallback
401802925,2025-12-22,22:00,2025,LAK,CBJ,1,3,4,0,1,crypto.com Arena,0.0,N/A,fallback
401802926,2025-12-23,16:00,2025,TOR,PIT,6,3,9,0,1,Scotiabank Arena,0.0,N/A,fallback
401802930,2025-12-23,18:30,2025,DET,DAL,4,3,7,0,1,Little Caesars Arena,0.0,N/A,fallback
401802927,2025-12-23,19:00,2025,WSH,NYR,3,7,10,0,1,Capital One Arena,0.0,N/A,fallback
401802928,2025-12-23,19:00,2025,BOS,MTL,2,6,8,0,1,TD Garden,0.0,N/A,fallback
401802929,2025-12-23,19:00,2025,OTT,BUF,2,3,5,0,1,Canadian Tire Centre,0.0,N/A,fallback
401802931,2025-12-23,19:00,2025,NYI,NJ,2,1,3,0,1,UBS Arena,0.0,N/A,fallback
401802932,2025-12-23,19:00,2025,CAR,FLA,2,5,7,0,1,Lenovo Center,0.0,N/A,fallback
401802933,2025-12-23,20:00,2025,MIN,NSH,2,3,5,0,1,Grand Casino Arena,0.0,N/A,fallback
401802934,2025-12-23,21:00,2025,CHI,PHI,1,3,4,0,1,United Center,0.0,N/A,fallback
401802935,2025-12-23,21:00,2025,COL,UTA,1,0,1,0,1,Ball Arena,0.0,N/A,fallback
401802936,2025-12-23,21:00,2025,EDM,CGY,5,1,6,0,1,Rogers Place,0.0,N/A,fallback
401802937,2025-12-23,22:00,2025,VGK,SJ,7,2,9,0,1,T-Mobile Arena,0.0,N/A,fallback
401802938,2025-12-23,22:00,2025,LAK,SEA,2,3,5,0,1,crypto.com Arena,0.0,N/A,fallback
401802900,2025-12-20,12:30,2025,NYR,PHI,5,4,9,0,1,Madison Square Garden,0.0,N/A,fallback
401802901,2025-12-20,12:30,2025,WSH,DET,2,5,7,0,1,Capital One Arena,0.0,N/A,fallback
401802902,2025-12-20,15:00,2025,OTT,CHI,6,4,10,0,1,Canadian Tire Centre,0.0,N/A,fallback
401802903,2025-12-20,15:00,2025,MIN,EDM,5,2,7,0,1,Grand Casino Arena,0.0,N/A,fallback
401802904,2025-12-20,17:00,2025,BUF,NYI,3,2,5,0,1,KeyBank Center,0.0,N/A,fallback
401802905,2025-12-20,18:00,2025,FLA,STL,2,6,8,0,1,Amerant Bank Arena,0.0,N/A,fallback
401802906,2025-12-20,19:00,2025,BOS,VAN,4,5,9,0,1,TD Garden,0.0,N/A,fallback
401802907,2025-12-20,19:00,2025,MTL,PIT,4,0,4,0,1,Bell Centre,0.0,N/A,fallback
401802908,2025-12-20,19:00,2025,TBL,CAR,6,4,10,0,1,Benchmark International Arena,0.0,N/A,fallback
401802909,2025-12-20,19:00,2025,NSH,TOR,5,3,8,0,1,Bridgestone Arena,0.0,N/A,fallback
401802910,2025-12-20,22:00,2025,CGY,VGK,6,3,9,0,1,Scotiabank Saddledome,0.0,N/A,fallback
401802911,2025-12-20,22:00,2025,ANA,CBJ,4,3,7,0,1,Honda Center,0.0,N/A,fallback
401802912,2025-12-20,22:00,2025,SJ,SEA,2,4,6,0,1,SAP Center at San Jose,0.0,N/A,fallback
401802939,2025-12-27,18:00,2025,NYI,NYR,2,0,2,0,1,UBS Arena,0.0,N/A,fallback
401802940,2025-12-27,19:00,2025,BUF,BOS,4,1,5,0,1,KeyBank Center,0.0,N/A,fallback
401802941,2025-12-27,19:00,2025,TOR,OTT,7,5,12,0,1,Scotiabank Arena,0.0,N/A,fallback
401802942,2025-12-27,19:00,2025,FLA,TBL,2,4,6,0,1,Amerant Bank Arena,0.0,N/A,fallback
401802943,2025-12-27,19:00,2025,NJ,WSH,3,4,7,0,1,Prudential Center,0.0,N/A,fallback
401802944,2025-12-27,19:00,2025,CAR,DET,5,2,7,0,1,Lenovo Center,0.0,N/A,fallback
401802945,2025-12-27,19:00,2025,WPG,MIN,3,4,7,0,1,Canada Life Centre,0.0,N/A,fallback
401802946,2025-12-27,20:00,2025,STL,NSH,3,2,5,0,1,Enterprise Center,0.0,N/A,fallback
401802947,2025-12-27,20:00,2025,DAL,CHI,3,4,7,0,1,American Airlines Center,0.0,N/A,fallback
401802948,2025-12-27,21:00,2025,LAK,ANA,6,1,7,0,1,crypto.com Arena,0.0,N/A,fallback
401802949,2025-12-27,22:00,2025,CGY,EDM,3,2,5,0,1,Scotiabank Saddledome,0.0,N/A,fallback
401802950,2025-12-27,22:00,2025,VAN,SJ,3,6,9,0,1,Rogers Arena,0.0,N/A,fallback
401802951,2025-12-27,22:00,2025,VGK,COL,5,6,11,0,1,T-Mobile Arena,0.0,N/A,fallback
401802953,2025-12-28,17:00,2025,TBL,MTL,5,4,9,0,1,Benchmark International Arena,0.0,N/A,fallback
401802954,2025-12-28,17:00,2025,CBJ,NYI,4,2,6,0,1,Nationwide Arena,0.0,N/A,fallback
401802952,2025-12-28,19:00,2025,DET,TOR,3,2,5,0,1,Little Caesars Arena,0.0,N/A,fallback
401802955,2025-12-28,19:00,2025,CHI,PIT,3,7,10,0,1,United Center,0.0,N/A,fallback
401802956,2025-12-28,20:00,2025,SEA,PHI,4,1,5,0,1,Climate Pledge Arena,0.0,N/A,fallback
401802958,2025-12-29,19:00,2025,FLA,WSH,5,3,8,0,1,Amerant Bank Arena,0.0,N/A,fallback
401802959,2025-12-29,19:00,2025,CAR,NYR,3,2,5,0,1,Lenovo Center,0.0,N/A,fallback
401802957,2025-12-29,19:30,2025,OTT,CBJ,1,4,5,0,1,Canadian Tire Centre,0.0,N/A,fallback
401802960,2025-12-29,19:30,2025,WPG,EDM,1,3,4,0,1,Canada Life Centre,0.0,N/A,fallback
401802961,2025-12-29,20:00,2025,STL,BUF,2,4,6,0,1,Enterprise Center,0.0,N/A,fallback
401802962,2025-12-29,21:00,2025,COL,LAK,5,2,7,0,1,Ball Arena,0.0,N/A,fallback
401802963,2025-12-29,21:00,2025,UTA,NSH,3,4,7,0,1,Delta Center,0.0,N/A,fallback
401802964,2025-12-29,21:00,2025,CGY,BOS,2,1,3,0,1,Scotiabank Saddledome,0.0,N/A,fallback
401802965,2025-12-29,22:00,2025,VGK,MIN,2,5,7,0,1,T-Mobile Arena,0.0,N/A,fallback
401802966,2025-12-29,22:00,2025,ANA,SJ,4,5,9,0,1,Honda Center,0.0,N/A,fallback
401802967,2025-12-29,22:00,2025,SEA,VAN,2,3,5,0,1,Climate Pledge Arena,0.0,N/A,fallback
401802968,2025-12-30,19:00,2025,TOR,NJ,4,0,4,0,1,Scotiabank Arena,0.0,N/A,fallback
401802969,2025-12-30,19:00,2025,FLA,MTL,2,3,5,0,1,Amerant Bank Arena,0.0,N/A,fallback
401802970,2025-12-30,19:00,2025,PIT,CAR,5,1,6,0,1,PPG Paints Arena,0.0,N/A,fallback
401802971,2025-12-30,20:30,2025,CHI,NYI,2,3,5,0,1,United Center,0.0,N/A,fallback
401802972,2025-12-30,22:00,2025,VAN,PHI,3,6,9,0,1,Rogers Arena,0.0,N/A,fallback
401802973,2025-12-31,12:30,2025,WSH,NYR,6,3,9,0,1,Capital One Arena,0.0,N/A,fallback
401802974,2025-12-31,15:00,2025,VGK,NSH,2,4,6,0,1,T-Mobile Arena,0.0,N/A,fallback
401802975,2025-12-31,16:00,2025,ANA,TBL,3,4,7,0,1,Honda Center,0.0,N/A,fallback
401802976,2025-12-31,16:00,2025,SJ,MIN,4,3,7,0,1,SAP Center at San Jose,0.0,N/A,fallback
401802977,2025-12-31,18:30,2025,DET,WPG,2,1,3,0,1,Little Caesars Arena,0.0,N/A,fallback
401802978,2025-12-31,19:00,2025,CBJ,NJ,2,3,5,0,1,Nationwide Arena,0.0,N/A,fallback
401802979,2025-12-31,20:00,2025,DAL,BUF,1,4,5,0,1,American Airlines Center,0.0,N/A,fallback
401802980,2025-12-31,21:00,2025,COL,STL,6,1,7,0,1,Ball Arena,0.0,N/A,fallback
401802981,2025-12-31,21:30,2025,CGY,PHI,5,1,6,0,1,Scotiabank Saddledome,0.0,N/A,fallback
401802982,2025-12-31,21:30,2025,EDM,BOS,2,6,8,0,1,Rogers Place,0.0,N/A,fallback
401803008,2026-01-04,14:00,2026,DAL,MTL,3,4,7,0,1,American Airlines Center,0.0,N/A,fallback
401803009,2026-01-04,15:00,2026,CBJ,PIT,4,5,9,0,1,Nationwide Arena,0.0,N/A,fallback
401803010,2026-01-04,17:00,2026,FLA,COL,2,1,3,0,1,Amerant Bank Arena,0.0,N/A,fallback
401803011,2026-01-04,19:00,2026,NJ,CAR,1,3,4,0,1,Prudential Center,0.0,N/A,fallback
401803012,2026-01-04,19:00,2026,CHI,VGK,3,2,5,0,1,United Center,0.0,N/A,fallback
401803013,2026-01-05,19:00,2026,NYR,UTA,2,3,5,0,1,Madison Square Garden,0.0,N/A,fallback
401803014,2026-01-05,19:00,2026,WSH,ANA,7,4,11,0,1,Capital One Arena,0.0,N/A,fallback
401803015,2026-01-05,19:30,2026,OTT,DET,3,5,8,0,1,Canadian Tire Centre,0.0,N/A,fallback
401803016,2026-01-05,21:30,2026,CGY,SEA,1,5,6,0,1,Scotiabank Saddledome,0.0,N/A,fallback
401803017,2026-01-05,22:30,2026,LAK,MIN,4,2,6,0,1,crypto.com Arena,0.0,N/A,fallback
401802983,2026-01-01,13:00,2026,OTT,WSH,4,3,7,0,1,Canadian Tire Centre,0.0,N/A,fallback
401802984,2026-01-01,15:00,2026,NYI,UTA,2,7,9,0,1,UBS Arena,0.0,N/A,fallback
401802985,2026-01-01,19:00,2026,TOR,WPG,6,5,11,0,1,Scotiabank Arena,0.0,N/A,fallback
401802986,2026-01-01,19:00,2026,PIT,DET,4,3,7,0,1,PPG Paints Arena,0.0,N/A,fallback
401802987,2026-01-01,19:00,2026,CAR,MTL,5,7,12,0,1,Lenovo Center,0.0,N/A,fallback
401802990,2026-01-01,19:00,2026,LAK,TBL,3,5,8,0,1,crypto.com Arena,0.0,N/A,fallback
401802988,2026-01-01,20:30,2026,CHI,DAL,4,3,7,0,1,United Center,0.0,N/A,fallback
401802989,2026-01-01,22:00,2026,SEA,NSH,4,1,5,0,1,Climate Pledge Arena,0.0,N/A,fallback
401802991,2026-01-02,15:00,2026,STL,VGK,4,3,7,0,1,Enterprise Center,0.0,N/A,fallback
401802992,2026-01-02,20:00,2026,FLA,NYR,1,5,6,0,1,loanDepot park,0.0,N/A,fallback
401802993,2026-01-02,22:30,2026,VAN,SEA,3,4,7,0,1,Rogers Arena,0.0,N/A,fallback
401802994,2026-01-02,22:30,2026,ANA,MIN,2,5,7,0,1,Honda Center,0.0,N/A,fallback
401803018,2026-01-06,19:00,2026,BUF,VAN,5,3,8,0,1,KeyBank Center,0.0,N/A,fallback
401803019,2026-01-06,19:00,2026,TBL,COL,4,2,6,0,1,Benchmark International Arena,0.0,N/A,fallback
401803021,2026-01-06,19:00,2026,PHI,ANA,5,2,7,0,1,Xfinity Mobile Arena,0.0,N/A,fallback
401803022,2026-01-06,19:00,2026,CAR,DAL,6,3,9,0,1,Lenovo Center,0.0,N/A,fallback
401803020,2026-01-06,19:30,2026,NYI,NJ,9,0,9,0,1,UBS Arena,0.0,N/A,fallback
401803023,2026-01-06,19:30,2026,TOR,FLA,4,1,5,0,1,Scotiabank Arena,0.0,N/A,fallback
401803024,2026-01-06,20:00,2026,WPG,VGK,3,4,7,0,1,Canada Life Centre,0.0,N/A,fallback
401803025,2026-01-06,21:00,2026,EDM,NSH,6,2,8,0,1,Rogers Place,0.0,N/A,fallback
401803026,2026-01-06,22:00,2026,SJ,CBJ,5,2,7,0,1,SAP Center at San Jose,0.0,N/A,fallback
401803027,2026-01-06,22:00,2026,SEA,BOS,7,4,11,0,1,Climate Pledge Arena,0.0,N/A,fallback
401803028,2026-01-07,19:00,2026,WSH,DAL,1,4,5,0,1,Capital One Arena,0.0,N/A,fallback
401803029,2026-01-07,19:30,2026,MTL,CGY,4,1,5,0,1,Bell Centre,0.0,N/A,fallback
401803030,2026-01-07,21:30,2026,CHI,STL,7,3,10,0,1,United Center,0.0,N/A,fallback
401803031,2026-01-07,21:30,2026,UTA,OTT,3,1,4,0,1,Delta Center,0.0,N/A,fallback
401803032,2026-01-07,22:30,2026,LAK,SJ,3,4,7,0,1,crypto.com Arena,0.0,N/A,fallback
401803045,2026-01-09,20:00,2026,CHI,WSH,1,5,6,0,1,United Center,0.0,N/A,fallback
401803046,2026-01-09,20:00,2026,WPG,LAK,5,1,6,0,1,Canada Life Centre,0.0,N/A,fallback
401803047,2026-01-09,21:00,2026,UTA,STL,4,2,6,0,1,Delta Center,0.0,N/A,fallback
401802995,2026-01-03,12:00,2026,DET,PIT,1,4,5,0,1,Little Caesars Arena,0.0,N/A,fallback
401802996,2026-01-03,15:00,2026,NJ,UTA,4,1,5,0,1,Prudential Center,0.0,N/A,fallback
401802997,2026-01-03,15:00,2026,CBJ,BUF,5,1,6,0,1,Nationwide Arena,0.0,N/A,fallback
401802998,2026-01-03,15:30,2026,EDM,PHI,2,5,7,0,1,Rogers Place,0.0,N/A,fallback
401802999,2026-01-03,16:00,2026,STL,MTL,2,0,2,0,1,Enterprise Center,0.0,N/A,fallback
401803000,2026-01-03,16:00,2026,SJ,TBL,3,7,10,0,1,SAP Center at San Jose,0.0,N/A,fallback
401803001,2026-01-03,19:00,2026,OTT,WPG,4,2,6,0,1,Canadian Tire Centre,0.0,N/A,fallback
401803002,2026-01-03,19:00,2026,NYI,TOR,4,3,7,0,1,UBS Arena,0.0,N/A,fallback
401803003,2026-01-03,19:00,2026,WSH,CHI,2,3,5,0,1,Capital One Arena,0.0,N/A,fallback
401803004,2026-01-03,19:00,2026,CAR,COL,3,5,8,0,1,Lenovo Center,0.0,N/A,fallback
401803005,2026-01-03,19:00,2026,CGY,NSH,3,4,7,0,1,Scotiabank Saddledome,0.0,N/A,fallback
401803006,2026-01-03,21:00,2026,LAK,MIN,5,4,9,0,1,crypto.com Arena,0.0,N/A,fallback
401803007,2026-01-03,22:00,2026,VAN,BOS,2,3,5,0,1,Rogers Arena,0.0,N/A,fallback
401803048,2026-01-10,13:00,2026,BOS,NYR,10,2,12,0,1,TD Garden,0.0,N/A,fallback
401803049,2026-01-10,15:30,2026,PIT,CGY,1,2,3,0,1,PPG Paints Arena,0.0,N/A,fallback
401803050,2026-01-10,16:00,2026,COL,CBJ,4,0,4,0,1,Ball Arena,0.0,N/A,fallback
401803051,2026-01-10,16:00,2026,SJ,DAL,5,4,9,0,1,SAP Center at San Jose,0.0,N/A,fallback
401803052,2026-01-10,19:00,2026,BUF,ANA,5,3,8,0,1,KeyBank Center,0.0,N/A,fallback
401803053,2026-01-10,19:00,2026,TOR,VAN,5,0,5,0,1,Scotiabank Arena,0.0,N/A,fallback
401803054,2026-01-10,19:00,2026,MTL,DET,0,4,4,0,1,Bell Centre,0.0,N/A,fallback
401803055,2026-01-10,19:00,2026,OTT,FLA,2,3,5,0,1,Canadian Tire Centre,0.0,N/A,fallback
401803056,2026-01-10,19:00,2026,PHI,TBL,2,7,9,0,1,Xfinity Mobile Arena,0.0,N/A,fallback
401803057,2026-01-10,19:00,2026,CAR,SEA,3,2,5,0,1,Lenovo Center,0.0,N/A,fallback
401803058,2026-01-10,20:00,2026,NSH,CHI,0,3,3,0,1,Bridgestone Arena,0.0,N/A,fallback
401803059,2026-01-10,20:00,2026,MIN,NYI,3,4,7,0,1,Grand Casino Arena,0.0,N/A,fallback
401803060,2026-01-10,22:00,2026,EDM,LAK,3,4,7,0,1,Rogers Place,0.0,N/A,fallback
401803061,2026-01-10,22:00,2026,VGK,STL,4,2,6,0,1,T-Mobile Arena,0.0,N/A,fallback
401803062,2026-01-11,14:00,2026,WPG,NJ,4,3,7,0,1,Canada Life Centre,0.0,N/A,fallback
401803063,2026-01-11,17:00,2026,BOS,PIT,1,0,1,0,1,TD Garden,0.0,N/A,fallback
401803064,2026-01-11,19:00,2026,NSH,WSH,3,2,5,0,1,Bridgestone Arena,0.0,N/A,fallback
401803065,2026-01-11,19:00,2026,UTA,CBJ,2,3,5,0,1,Delta Center,0.0,N/A,fallback
401803066,2026-01-11,20:00,2026,SJ,VGK,2,7,9,0,1,SAP Center at San Jose,0.0,N/A,fallback
401803033,2026-01-08,19:00,2026,BOS,CGY,4,1,5,0,1,TD Garden,0.0,N/A,fallback
401803034,2026-01-08,19:00,2026,MTL,FLA,6,2,8,0,1,Bell Centre,0.0,N/A,fallback
401803035,2026-01-08,19:00,2026,DET,VAN,5,1,6,0,1,Little Caesars Arena,0.0,N/A,fallback
401803036,2026-01-08,19:00,2026,NYR,BUF,2,5,7,0,1,Madison Square Garden,0.0,N/A,fallback
401803037,2026-01-08,19:00,2026,PHI,TOR,1,2,3,0,1,Xfinity Mobile Arena,0.0,N/A,fallback
401803038,2026-01-08,19:00,2026,PIT,NJ,4,1,5,0,1,PPG Paints Arena,0.0,N/A,fallback
401803039,2026-01-08,19:00,2026,CAR,ANA,5,2,7,0,1,Lenovo Center,0.0,N/A,fallback
401803040,2026-01-08,20:00,2026,NSH,NYI,2,1,3,0,1,Bridgestone Arena,0.0,N/A,fallback
401803041,2026-01-08,20:00,2026,WPG,EDM,3,4,7,0,1,Canada Life Centre,0.0,N/A,fallback
401803042,2026-01-08,21:00,2026,COL,OTT,8,2,10,0,1,Ball Arena,0.0,N/A,fallback
401803043,2026-01-08,22:00,2026,VGK,CBJ,5,3,8,0,1,T-Mobile Arena,0.0,N/A,fallback
401803044,2026-01-08,22:00,2026,SEA,MIN,2,3,5,0,1,Climate Pledge Arena,0.0,N/A,fallback
401803067,2026-01-12,19:00,2026,BUF,FLA,3,4,7,0,1,KeyBank Center,0.0,N/A,fallback
401803068,2026-01-12,19:00,2026,DET,CAR,4,3,7,0,1,Little Caesars Arena,0.0,N/A,fallback
401803069,2026-01-12,19:00,2026,NYR,SEA,2,4,6,0,1,Madison Square Garden,0.0,N/A,fallback
401803070,2026-01-12,19:00,2026,PHI,TBL,1,5,6,0,1,Xfinity Mobile Arena,0.0,N/A,fallback
401803071,2026-01-12,19:30,2026,MTL,VAN,6,3,9,0,1,Bell Centre,0.0,N/A,fallback
401803072,2026-01-12,20:00,2026,MIN,NJ,2,5,7,0,1,Grand Casino Arena,0.0,N/A,fallback
401803073,2026-01-12,20:30,2026,CHI,EDM,1,4,5,0,1,United Center,0.0,N/A,fallback
401803074,2026-01-12,22:00,2026,COL,TOR,3,4,7,0,1,Ball Arena,0.0,N/A,fallback
401803075,2026-01-12,22:00,2026,LAK,DAL,1,3,4,0,1,crypto.com Arena,0.0,N/A,fallback
401803076,2026-01-13,19:00,2026,OTT,VAN,2,1,3,0,1,Canadian Tire Centre,0.0,N/A,fallback
401803077,2026-01-13,19:00,2026,PIT,TBL,1,2,3,0,1,PPG Paints Arena,0.0,N/A,fallback
401803078,2026-01-13,19:00,2026,WSH,MTL,3,2,5,0,1,Capital One Arena,0.0,N/A,fallback
401803079,2026-01-13,19:00,2026,CBJ,CGY,5,3,8,0,1,Nationwide Arena,0.0,N/A,fallback
401803080,2026-01-13,19:30,2026,BOS,DET,3,0,3,0,1,TD Garden,0.0,N/A,fallback
401803081,2026-01-13,19:30,2026,STL,CAR,3,0,3,0,1,Enterprise Center,0.0,N/A,fallback
401803082,2026-01-13,20:00,2026,NSH,EDM,4,3,7,0,1,Bridgestone Arena,0.0,N/A,fallback
401803083,2026-01-13,20:00,2026,WPG,NYI,5,4,9,0,1,Canada Life Centre,0.0,N/A,fallback
401803084,2026-01-13,22:00,2026,UTA,TOR,6,1,7,0,1,Delta Center,0.0,N/A,fallback
401803085,2026-01-13,22:00,2026,ANA,DAL,3,1,4,0,1,Honda Center,0.0,N/A,fallback
401803086,2026-01-14,19:00,2026,NJ,SEA,3,2,5,0,1,Prudential Center,0.0,N/A,fallback
401803087,2026-01-14,19:30,2026,BUF,PHI,5,2,7,0,1,KeyBank Center,0.0,N/A,fallback
401803088,2026-01-14,19:30,2026,NYR,OTT,4,8,12,0,1,Madison Square Garden,0.0,N/A,fallback
401803089,2026-01-14,22:00,2026,LAK,VGK,2,3,5,0,1,crypto.com Arena,0.0,N/A,fallback
401803100,2026-01-16,19:00,2026,DET,SJ,4,2,6,0,1,Little Caesars Arena,0.0,N/A,fallback
401803101,2026-01-16,19:00,2026,CAR,FLA,9,1,10,0,1,Lenovo Center,0.0,N/A,fallback
401803102,2026-01-16,20:00,2026,STL,TBL,3,2,5,0,1,Enterprise Center,0.0,N/A,fallback
401803103,2026-01-16,21:00,2026,COL,NSH,3,7,10,0,1,Ball Arena,0.0,N/A,fallback
401803104,2026-01-16,22:30,2026,LAK,ANA,2,3,5,0,1,crypto.com Arena,0.0,N/A,fallback
401803091,2026-01-15,19:00,2026,BUF,MTL,5,3,8,0,1,KeyBank Center,0.0,N/A,fallback
401803092,2026-01-15,19:00,2026,PIT,PHI,6,3,9,0,1,PPG Paints Arena,0.0,N/A,fallback
401803093,2026-01-15,19:00,2026,WSH,SJ,2,3,5,0,1,Capital One Arena,0.0,N/A,fallback
401803094,2026-01-15,19:00,2026,CBJ,VAN,4,1,5,0,1,Nationwide Arena,0.0,N/A,fallback
401803090,2026-01-15,20:00,2026,BOS,SEA,4,2,6,0,1,TD Garden,0.0,N/A,fallback
401803095,2026-01-15,20:00,2026,MIN,WPG,2,6,8,0,1,Grand Casino Arena,0.0,N/A,fallback
401803096,2026-01-15,20:30,2026,CHI,CGY,1,3,4,0,1,United Center,0.0,N/A,fallback
401803097,2026-01-15,21:00,2026,UTA,DAL,2,1,3,0,1,Delta Center,0.0,N/A,fallback
401803098,2026-01-15,21:00,2026,EDM,NYI,0,1,1,0,1,Rogers Place,0.0,N/A,fallback
401803099,2026-01-15,21:30,2026,VGK,TOR,6,5,11,0,1,T-Mobile Arena,0.0,N/A,fallback
401803121,2026-01-19,13:30,2026,CAR,BUF,2,1,3,0,1,Lenovo Center,0.0,N/A,fallback
401803122,2026-01-19,16:00,2026,COL,WSH,5,2,7,0,1,Ball Arena,0.0,N/A,fallback
401803123,2026-01-19,17:00,2026,SEA,PIT,3,6,9,0,1,Climate Pledge Arena,0.0,N/A,fallback
401803124,2026-01-19,18:00,2026,FLA,SJ,1,4,5,0,1,Amerant Bank Arena,0.0,N/A,fallback
401803125,2026-01-19,19:30,2026,TOR,MIN,3,6,9,0,1,Scotiabank Arena,0.0,N/A,fallback
401803126,2026-01-19,20:00,2026,VGK,PHI,1,2,3,0,1,T-Mobile Arena,0.0,N/A,fallback
401803127,2026-01-19,20:30,2026,CHI,WPG,2,0,2,0,1,United Center,0.0,N/A,fallback
401803128,2026-01-19,21:00,2026,CGY,NJ,1,2,3,0,1,Scotiabank Saddledome,0.0,N/A,fallback
401803129,2026-01-19,22:00,2026,VAN,NYI,3,4,7,0,1,Rogers Arena,0.0,N/A,fallback
401803130,2026-01-19,22:00,2026,ANA,NYR,5,3,8,0,1,Honda Center,0.0,N/A,fallback
401803118,2026-01-18,14:00,2026,DAL,TBL,1,4,5,0,1,American Airlines Center,0.0,N/A,fallback
401803119,2026-01-18,17:00,2026,DET,OTT,4,3,7,0,1,Little Caesars Arena,0.0,N/A,fallback
401803120,2026-01-18,20:00,2026,EDM,STL,5,0,5,0,1,Rogers Place,0.0,N/A,fallback
401803105,2026-01-17,12:30,2026,BUF,MIN,4,5,9,0,1,KeyBank Center,0.0,N/A,fallback
401803106,2026-01-17,13:00,2026,PHI,NYR,3,6,9,0,1,Xfinity Mobile Arena,0.0,N/A,fallback
401803107,2026-01-17,15:00,2026,CGY,NYI,4,2,6,0,1,Scotiabank Saddledome,0.0,N/A,fallback
401803108,2026-01-17,17:00,2026,UTA,SEA,6,3,9,0,1,Delta Center,0.0,N/A,fallback
401803109,2026-01-17,19:00,2026,OTT,MTL,5,6,11,0,1,Canadian Tire Centre,0.0,N/A,fallback
401803110,2026-01-17,19:00,2026,NJ,CAR,1,4,5,0,1,Prudential Center,0.0,N/A,fallback
401803111,2026-01-17,19:00,2026,PIT,CBJ,3,4,7,0,1,PPG Paints Arena,0.0,N/A,fallback
401803112,2026-01-17,19:00,2026,WSH,FLA,2,5,7,0,1,Capital One Arena,0.0,N/A,fallback
401803113,2026-01-17,19:00,2026,WPG,TOR,3,4,7,0,1,Canada Life Centre,0.0,N/A,fallback
401803114,2026-01-17,20:00,2026,CHI,BOS,2,5,7,0,1,United Center,0.0,N/A,fallback
401803115,2026-01-17,22:00,2026,VAN,EDM,0,6,6,0,1,Rogers Arena,0.0,N/A,fallback
401803116,2026-01-17,22:00,2026,VGK,NSH,7,2,9,0,1,T-Mobile Arena,0.0,N/A,fallback
401803117,2026-01-17,22:00,2026,ANA,LAK,2,1,3,0,1,Honda Center,0.0,N/A,fallback
401803131,2026-01-20,19:00,2026,MTL,MIN,4,3,7,0,1,Bell Centre,0.0,N/A,fallback
401803132,2026-01-20,19:00,2026,TBL,SJ,4,1,5,0,1,Benchmark International Arena,0.0,N/A,fallback
401803133,2026-01-20,19:00,2026,CBJ,OTT,1,4,5,0,1,Nationwide Arena,0.0,N/A,fallback
401803134,2026-01-20,19:30,2026,DAL,BOS,6,2,8,0,1,American Airlines Center,0.0,N/A,fallback
401803135,2026-01-20,20:00,2026,NSH,BUF,3,5,8,0,1,Bridgestone Arena,0.0,N/A,fallback
401803136,2026-01-20,20:00,2026,WPG,STL,3,1,4,0,1,Canada Life Centre,0.0,N/A,fallback
401803137,2026-01-20,22:00,2026,EDM,NJ,1,2,3,0,1,Rogers Place,0.0,N/A,fallback
401803138,2026-01-20,22:00,2026,LAK,NYR,4,3,7,0,1,crypto.com Arena,0.0,N/A,fallback
401803145,2026-01-22,19:00,2026,BOS,VGK,4,3,7,0,1,TD Garden,0.0,N/A,fallback
401803146,2026-01-22,19:00,2026,MTL,BUF,2,4,6,0,1,Bell Centre,0.0,N/A,fallback
401803147,2026-01-22,19:00,2026,CAR,CHI,3,4,7,0,1,Lenovo Center,0.0,N/A,fallback
401803148,2026-01-22,19:00,2026,CBJ,DAL,1,0,1,0,1,Nationwide Arena,0.0,N/A,fallback
401803149,2026-01-22,20:00,2026,NSH,OTT,5,3,8,0,1,Bridgestone Arena,0.0,N/A,fallback
401803150,2026-01-22,20:00,2026,WPG,FLA,1,2,3,0,1,Canada Life Centre,0.0,N/A,fallback
401803151,2026-01-22,21:00,2026,EDM,PIT,2,6,8,0,1,Rogers Place,0.0,N/A,fallback
401803152,2026-01-22,21:30,2026,MIN,DET,4,3,7,0,1,Grand Casino Arena,0.0,N/A,fallback
401803139,2026-01-21,19:00,2026,TOR,DET,1,2,3,0,1,Scotiabank Arena,0.0,N/A,fallback
401803140,2026-01-21,21:00,2026,COL,ANA,1,2,3,0,1,Ball Arena,0.0,N/A,fallback
401803141,2026-01-21,21:00,2026,UTA,PHI,5,4,9,0,1,Delta Center,0.0,N/A,fallback
401803142,2026-01-21,21:30,2026,CGY,PIT,1,4,5,0,1,Scotiabank Saddledome,0.0,N/A,fallback
401803144,2026-01-21,21:30,2026,SEA,NYI,4,1,5,0,1,Climate Pledge Arena,0.0,N/A,fallback
401803143,2026-01-21,22:00,2026,VAN,WSH,4,3,7,0,1,Rogers Arena,0.0,N/A,fallback
401803153,2026-01-23,19:00,2026,TOR,VGK,3,6,9,0,1,Scotiabank Arena,0.0,N/A,fallback
401803154,2026-01-23,19:00,2026,CHI,TBL,1,2,3,0,1,United Center,0.0,N/A,fallback
401803155,2026-01-23,20:00,2026,DAL,STL,3,2,5,0,1,American Airlines Center,0.0,N/A,fallback
401803156,2026-01-23,21:00,2026,COL,PHI,3,7,10,0,1,Ball Arena,0.0,N/A,fallback
401803157,2026-01-23,21:00,2026,CGY,WSH,1,3,4,0,1,Scotiabank Saddledome,0.0,N/A,fallback
401803158,2026-01-23,22:00,2026,VAN,NJ,4,5,9,0,1,Rogers Arena,0.0,N/A,fallback
401803159,2026-01-23,22:00,2026,SJ,NYR,3,1,4,0,1,SAP Center at San Jose,0.0,N/A,fallback
401803160,2026-01-23,22:00,2026,SEA,ANA,2,4,6,0,1,Climate Pledge Arena,0.0,N/A,fallback
401803161,2026-01-24,13:00,2026,NYI,BUF,0,5,5,0,1,UBS Arena,0.0,N/A,fallback
401803162,2026-01-24,13:30,2026,NSH,UTA,2,5,7,0,1,Bridgestone Arena,0.0,N/A,fallback
401803163,2026-01-24,19:00,2026,BOS,MTL,4,3,7,0,1,TD Garden,0.0,N/A,fallback
401803164,2026-01-24,19:00,2026,OTT,CAR,1,4,5,0,1,Canadian Tire Centre,0.0,N/A,fallback
401803165,2026-01-24,19:00,2026,CBJ,TBL,8,5,13,0,1,Nationwide Arena,0.0,N/A,fallback
401803166,2026-01-24,19:00,2026,WPG,DET,1,5,6,0,1,Canada Life Centre,0.0,N/A,fallback
401803167,2026-01-24,20:00,2026,STL,LAK,4,5,9,0,1,Enterprise Center,0.0,N/A,fallback
401803168,2026-01-24,21:00,2026,MIN,FLA,3,4,7,0,1,Grand Casino Arena,0.0,N/A,fallback
401803169,2026-01-24,22:00,2026,EDM,WSH,6,5,11,0,1,Rogers Place,0.0,N/A,fallback
401803176,2026-01-26,19:00,2026,TBL,UTA,2,0,2,0,1,Benchmark International Arena,0.0,N/A,fallback
401803177,2026-01-26,19:00,2026,NYR,BOS,4,3,7,0,1,Madison Square Garden,0.0,N/A,fallback
401803178,2026-01-26,19:00,2026,PHI,NYI,0,4,4,0,1,Xfinity Mobile Arena,0.0,N/A,fallback
401803180,2026-01-26,20:30,2026,EDM,ANA,7,4,11,0,1,Rogers Place,0.0,N/A,fallback
401803193,2026-01-28,19:00,2026,NYI,NYR,5,2,7,0,1,UBS Arena,0.0,N/A,fallback
401803191,2026-01-28,19:30,2026,CBJ,PHI,5,3,8,0,1,Nationwide Arena,0.0,N/A,fallback
401803192,2026-01-28,19:30,2026,OTT,COL,5,2,7,0,1,Canadian Tire Centre,0.0,N/A,fallback
401803170,2026-01-25,13:30,2026,TOR,COL,1,4,5,0,1,Scotiabank Arena,0.0,N/A,fallback
401803171,2026-01-25,15:00,2026,SEA,NJ,4,2,6,0,1,Climate Pledge Arena,0.0,N/A,fallback
401803172,2026-01-25,17:00,2026,OTT,VGK,7,1,8,0,1,Canadian Tire Centre,0.0,N/A,fallback
401803173,2026-01-25,18:00,2026,VAN,PIT,2,3,5,0,1,Rogers Arena,0.0,N/A,fallback
401803174,2026-01-25,19:00,2026,CHI,FLA,1,5,6,0,1,United Center,0.0,N/A,fallback
401803175,2026-01-25,20:00,2026,CGY,ANA,3,4,7,0,1,Scotiabank Saddledome,0.0,N/A,fallback
401803181,2026-01-27,19:00,2026,BOS,NSH,3,2,5,0,1,TD Garden,0.0,N/A,fallback
401803182,2026-01-27,19:00,2026,TOR,BUF,4,7,11,0,1,Scotiabank Arena,0.0,N/A,fallback
401803183,2026-01-27,19:00,2026,MTL,VGK,3,2,5,0,1,Bell Centre,0.0,N/A,fallback
401803184,2026-01-27,19:00,2026,DET,LAK,1,3,4,0,1,Little Caesars Arena,0.0,N/A,fallback
401803185,2026-01-27,19:00,2026,FLA,UTA,3,4,7,0,1,Amerant Bank Arena,0.0,N/A,fallback
401803186,2026-01-27,19:00,2026,NJ,WPG,3,4,7,0,1,Prudential Center,0.0,N/A,fallback
401803187,2026-01-27,20:00,2026,STL,DAL,3,4,7,0,1,Enterprise Center,0.0,N/A,fallback
401803188,2026-01-27,20:00,2026,MIN,CHI,4,3,7,0,1,Grand Casino Arena,0.0,N/A,fallback
401803189,2026-01-27,22:00,2026,VAN,SJ,2,5,7,0,1,Rogers Arena,0.0,N/A,fallback
401803190,2026-01-27,22:00,2026,SEA,WSH,5,1,6,0,1,Climate Pledge Arena,0.0,N/A,fallback
401803194,2026-01-29,19:00,2026,BOS,PHI,6,3,9,0,1,TD Garden,0.0,N/A,fallback
401803195,2026-01-29,19:00,2026,BUF,LAK,4,1,5,0,1,KeyBank Center,0.0,N/A,fallback
401803196,2026-01-29,19:00,2026,MTL,COL,7,3,10,0,1,Bell Centre,0.0,N/A,fallback
401803198,2026-01-29,19:00,2026,TBL,WPG,4,1,5,0,1,Benchmark International Arena,0.0,N/A,fallback
401803199,2026-01-29,19:00,2026,NJ,NSH,3,2,5,0,1,Prudential Center,0.0,N/A,fallback
401803200,2026-01-29,19:00,2026,NYR,NYI,1,2,3,0,1,Madison Square Garden,0.0,N/A,fallback
401803201,2026-01-29,19:00,2026,PIT,CHI,6,2,8,0,1,PPG Paints Arena,0.0,N/A,fallback
401803202,2026-01-29,19:00,2026,CAR,UTA,5,4,9,0,1,Lenovo Center,0.0,N/A,fallback
401803197,2026-01-29,19:30,2026,DET,WSH,3,4,7,0,1,Little Caesars Arena,0.0,N/A,fallback
401803203,2026-01-29,20:00,2026,STL,FLA,5,4,9,0,1,Enterprise Center,0.0,N/A,fallback
401803204,2026-01-29,20:00,2026,MIN,CGY,4,1,5,0,1,Grand Casino Arena,0.0,N/A,fallback
401803205,2026-01-29,21:00,2026,EDM,SJ,4,3,7,0,1,Rogers Place,0.0,N/A,fallback
401803206,2026-01-29,22:00,2026,VAN,ANA,2,0,2,0,1,Rogers Arena,0.0,N/A,fallback
401803207,2026-01-29,22:00,2026,VGK,DAL,4,5,9,0,1,T-Mobile Arena,0.0,N/A,fallback
401803208,2026-01-29,22:00,2026,SEA,TOR,5,2,7,0,1,Climate Pledge Arena,0.0,N/A,fallback
401803209,2026-01-30,20:30,2026,CHI,CBJ,2,4,6,0,1,United Center,0.0,N/A,fallback
401803225,2026-02-01,15:00,2026,CAR,LAK,3,2,5,0,1,Lenovo Center,0.0,N/A,fallback
401803224,2026-02-01,18:30,2026,TBL,BOS,6,5,11,0,1,Raymond James Stadium,0.0,N/A,fallback
401803226,2026-02-01,21:30,2026,ANA,VGK,4,3,7,0,1,Honda Center,0.0,N/A,fallback
401803210,2026-01-31,12:30,2026,PHI,LAK,2,3,5,0,1,Xfinity Mobile Arena,0.0,N/A,fallback
401803211,2026-01-31,13:00,2026,DET,COL,0,5,5,0,1,Little Caesars Arena,0.0,N/A,fallback
401803212,2026-01-31,15:30,2026,PIT,NYR,6,5,11,0,1,PPG Paints Arena,0.0,N/A,fallback
401803213,2026-01-31,16:00,2026,FLA,WPG,1,2,3,0,1,Amerant Bank Arena,0.0,N/A,fallback
401803214,2026-01-31,16:00,2026,CGY,SJ,3,2,5,0,1,Scotiabank Saddledome,0.0,N/A,fallback
401803215,2026-01-31,17:00,2026,WSH,CAR,4,3,7,0,1,Capital One Arena,0.0,N/A,fallback
401803216,2026-01-31,19:00,2026,BUF,MTL,2,4,6,0,1,KeyBank Center,0.0,N/A,fallback
401803217,2026-01-31,19:00,2026,OTT,NJ,4,1,5,0,1,Canadian Tire Centre,0.0,N/A,fallback
401803218,2026-01-31,19:00,2026,NYI,NSH,3,4,7,0,1,UBS Arena,0.0,N/A,fallback
401803219,2026-01-31,19:00,2026,STL,CBJ,3,5,8,0,1,Enterprise Center,0.0,N/A,fallback
401803220,2026-01-31,19:00,2026,VAN,TOR,2,3,5,0,1,Rogers Arena,0.0,N/A,fallback
401803221,2026-01-31,21:00,2026,UTA,DAL,2,3,5,0,1,Delta Center,0.0,N/A,fallback
401803222,2026-01-31,22:00,2026,EDM,MIN,3,7,10,0,1,Rogers Place,0.0,N/A,fallback
401803223,2026-01-31,22:00,2026,VGK,SEA,2,3,5,0,1,T-Mobile Arena,0.0,N/A,fallback
401803244,2026-02-04,19:00,2026,FLA,BOS,5,4,9,0,1,Amerant Bank Arena,0.0,N/A,fallback
401803245,2026-02-04,19:00,2026,CBJ,CHI,4,0,4,0,1,Nationwide Arena,0.0,N/A,fallback
401803246,2026-02-04,19:00,2026,WPG,MTL,1,5,6,0,1,Canada Life Centre,0.0,N/A,fallback
401803247,2026-02-04,20:00,2026,NSH,MIN,5,6,11,0,1,Bridgestone Arena,0.0,N/A,fallback
401803248,2026-02-04,21:00,2026,COL,SJ,4,2,6,0,1,Ball Arena,0.0,N/A,fallback
401803249,2026-02-04,21:00,2026,UTA,DET,4,1,5,0,1,Delta Center,0.0,N/A,fallback
401803250,2026-02-04,21:30,2026,DAL,STL,5,4,9,0,1,American Airlines Center,0.0,N/A,fallback
401803251,2026-02-04,22:00,2026,CGY,EDM,4,3,7,0,1,Scotiabank Saddledome,0.0,N/A,fallback
401803252,2026-02-04,22:00,2026,VGK,VAN,5,2,7,0,1,T-Mobile Arena,0.0,N/A,fallback
401803253,2026-02-04,22:00,2026,LAK,SEA,2,4,6,0,1,crypto.com Arena,0.0,N/A,fallback
401803227,2026-02-02,19:00,2026,FLA,BUF,3,5,8,0,1,Amerant Bank Arena,0.0,N/A,fallback
401803228,2026-02-02,19:00,2026,PIT,OTT,2,3,5,0,1,PPG Paints Arena,0.0,N/A,fallback
401803229,2026-02-02,19:00,2026,WSH,NYI,4,1,5,0,1,Capital One Arena,0.0,N/A,fallback
401803230,2026-02-02,19:30,2026,MIN,MTL,4,3,7,0,1,Grand Casino Arena,0.0,N/A,fallback
401803231,2026-02-02,20:00,2026,NSH,STL,6,5,11,0,1,Bridgestone Arena,0.0,N/A,fallback
401803232,2026-02-02,20:30,2026,CHI,SJ,6,3,9,0,1,United Center,0.0,N/A,fallback
401803233,2026-02-02,20:30,2026,DAL,WPG,4,3,7,0,1,American Airlines Center,0.0,N/A,fallback
401803234,2026-02-02,21:00,2026,COL,DET,0,2,2,0,1,Ball Arena,0.0,N/A,fallback
401803235,2026-02-02,21:30,2026,UTA,VAN,6,2,8,0,1,Delta Center,0.0,N/A,fallback
401803236,2026-02-02,22:00,2026,CGY,TOR,2,4,6,0,1,Scotiabank Saddledome,0.0,N/A,fallback
401803254,2026-02-05,19:00,2026,BUF,PIT,2,5,7,0,1,KeyBank Center,0.0,N/A,fallback
401803256,2026-02-05,19:00,2026,NJ,NYI,1,3,4,0,1,Prudential Center,0.0,N/A,fallback
401803257,2026-02-05,19:00,2026,NYR,CAR,0,2,2,0,1,Madison Square Garden,0.0,N/A,fallback
401803258,2026-02-05,19:00,2026,PHI,OTT,1,2,3,0,1,Xfinity Mobile Arena,0.0,N/A,fallback
401803259,2026-02-05,19:00,2026,WSH,NSH,4,2,6,0,1,Capital One Arena,0.0,N/A,fallback
401803255,2026-02-05,19:30,2026,TBL,FLA,6,1,7,0,1,Benchmark International Arena,0.0,N/A,fallback
401803260,2026-02-05,22:00,2026,VGK,LAK,4,1,5,0,1,T-Mobile Arena,0.0,N/A,fallback
401803238,2026-02-03,19:00,2026,NJ,CBJ,0,3,3,0,1,Prudential Center,0.0,N/A,fallback
401803240,2026-02-03,19:00,2026,PHI,WSH,4,2,6,0,1,Xfinity Mobile Arena,0.0,N/A,fallback
401803241,2026-02-03,19:00,2026,CAR,OTT,4,3,7,0,1,Lenovo Center,0.0,N/A,fallback
401803237,2026-02-03,19:30,2026,TBL,BUF,4,3,7,0,1,Benchmark International Arena,0.0,N/A,fallback
401803239,2026-02-03,19:30,2026,NYI,PIT,5,4,9,0,1,UBS Arena,0.0,N/A,fallback
401803242,2026-02-03,20:30,2026,EDM,TOR,2,5,7,0,1,Rogers Place,0.0,N/A,fallback
401803243,2026-02-03,22:00,2026,ANA,SEA,4,2,6,0,1,Honda Center,0.0,N/A,fallback
401803261,2026-02-25,19:00,2026,NJ,BUF,1,2,3,0,1,Prudential Center,0.0,N/A,fallback
401803262,2026-02-25,19:00,2026,WSH,PHI,3,1,4,0,1,Capital One Arena,0.0,N/A,fallback
401803263,2026-02-25,19:30,2026,TBL,TOR,4,2,6,0,1,Benchmark International Arena,0.0,N/A,fallback
401803264,2026-02-25,20:00,2026,DAL,SEA,4,1,5,0,1,American Airlines Center,0.0,N/A,fallback
401803265,2026-02-25,21:00,2026,UTA,COL,2,4,6,0,1,Delta Center,0.0,N/A,fallback
401803266,2026-02-25,22:00,2026,VAN,WPG,2,3,5,0,1,Rogers Arena,0.0,N/A,fallback
401803267,2026-02-25,22:20,2026,LAK,VGK,4,6,10,0,1,crypto.com Arena,0.0,N/A,fallback
401803268,2026-02-25,22:30,2026,ANA,EDM,6,5,11,0,1,Honda Center,0.0,N/A,fallback
401803269,2026-02-26,19:00,2026,BOS,CBJ,4,2,6,0,1,TD Garden,0.0,N/A,fallback
401803270,2026-02-26,19:00,2026,MTL,NYI,3,4,7,0,1,Bell Centre,0.0,N/A,fallback
401803271,2026-02-26,19:00,2026,OTT,DET,1,2,3,0,1,Canadian Tire Centre,0.0,N/A,fallback
401803272,2026-02-26,19:00,2026,FLA,TOR,5,1,6,0,1,Amerant Bank Arena,0.0,N/A,fallback
401803273,2026-02-26,19:00,2026,PIT,NJ,4,1,5,0,1,PPG Paints Arena,0.0,N/A,fallback
401803274,2026-02-26,19:00,2026,CAR,TBL,5,4,9,0,1,Lenovo Center,0.0,N/A,fallback
401803275,2026-02-26,20:00,2026,NYR,PHI,2,3,5,0,1,Madison Square Garden,0.0,N/A,fallback
401803276,2026-02-26,20:00,2026,STL,SEA,5,1,6,0,1,Enterprise Center,0.0,N/A,fallback
401803277,2026-02-26,20:00,2026,NSH,CHI,4,2,6,0,1,Bridgestone Arena,0.0,N/A,fallback
401803278,2026-02-26,21:00,2026,COL,MIN,2,5,7,0,1,Ball Arena,0.0,N/A,fallback
401803279,2026-02-26,22:00,2026,SJ,CGY,1,4,5,0,1,SAP Center at San Jose,0.0,N/A,fallback
401803280,2026-02-26,22:30,2026,LAK,EDM,1,8,9,0,1,crypto.com Arena,0.0,N/A,fallback
401803285,2026-02-28,12:30,2026,NYR,PIT,3,2,5,0,1,Madison Square Garden,0.0,N/A,fallback
401803286,2026-02-28,15:20,2026,PHI,BOS,3,1,4,0,1,Xfinity Mobile Arena,0.0,N/A,fallback
401803287,2026-02-28,16:00,2026,SJ,EDM,5,4,9,0,1,SAP Center at San Jose,0.0,N/A,fallback
401803294,2026-02-28,17:00,2026,STL,NJ,1,3,4,0,1,Enterprise Center,0.0,N/A,fallback
401803288,2026-02-28,18:00,2026,CBJ,NYI,3,4,7,0,1,Nationwide Arena,0.0,N/A,fallback
401803289,2026-02-28,18:00,2026,COL,CHI,3,1,4,0,1,Ball Arena,0.0,N/A,fallback
401803290,2026-02-28,19:00,2026,TOR,OTT,2,5,7,0,1,Scotiabank Arena,0.0,N/A,fallback
401803291,2026-02-28,19:00,2026,MTL,WSH,6,2,8,0,1,Bell Centre,0.0,N/A,fallback
401803292,2026-02-28,19:00,2026,TBL,BUF,2,6,8,0,1,Benchmark International Arena,0.0,N/A,fallback
401803293,2026-02-28,19:00,2026,CAR,DET,5,2,7,0,1,Lenovo Center,0.0,N/A,fallback
401803295,2026-02-28,19:00,2026,LAK,CGY,2,0,2,0,1,crypto.com Arena,0.0,N/A,fallback
401803296,2026-02-28,20:00,2026,DAL,NSH,3,2,5,0,1,American Airlines Center,0.0,N/A,fallback
401803297,2026-02-28,22:00,2026,SEA,VAN,5,1,6,0,1,Climate Pledge Arena,0.0,N/A,fallback
401803298,2026-03-01,13:00,2026,PIT,VGK,5,0,5,0,1,PPG Paints Arena,0.0,N/A,fallback
401803300,2026-03-01,16:00,2026,UTA,CHI,0,4,4,0,1,Delta Center,0.0,N/A,fallback
401803301,2026-03-01,16:00,2026,SJ,WPG,2,1,3,0,1,SAP Center at San Jose,0.0,N/A,fallback
401803302,2026-03-01,17:00,2026,MIN,STL,1,3,4,0,1,Grand Casino Arena,0.0,N/A,fallback
401803299,2026-03-01,18:30,2026,NYI,FLA,5,4,9,0,1,UBS Arena,0.0,N/A,fallback
401803303,2026-03-01,20:00,2026,ANA,CGY,3,2,5,0,1,Honda Center,0.0,N/A,fallback
401803281,2026-02-27,19:00,2026,FLA,BUF,2,3,5,0,1,Amerant Bank Arena,0.0,N/A,fallback
401803282,2026-02-27,19:00,2026,WSH,VGK,3,2,5,0,1,Capital One Arena,0.0,N/A,fallback
401803283,2026-02-27,21:00,2026,UTA,MIN,5,2,7,0,1,Delta Center,0.0,N/A,fallback
401803284,2026-02-27,22:00,2026,ANA,WPG,5,4,9,0,1,Honda Center,0.0,N/A,fallback
401803306,2026-03-02,14:00,2026,NSH,DET,2,4,6,0,1,Bridgestone Arena,0.0,N/A,fallback
401803304,2026-03-02,19:00,2026,NYR,CBJ,4,5,9,0,1,Madison Square Garden,0.0,N/A,fallback
401803305,2026-03-02,19:30,2026,TOR,PHI,2,3,5,0,1,Scotiabank Arena,0.0,N/A,fallback
401803307,2026-03-02,22:00,2026,VAN,DAL,1,6,7,0,1,Rogers Arena,0.0,N/A,fallback
401803308,2026-03-02,22:00,2026,SEA,CAR,2,1,3,0,1,Climate Pledge Arena,0.0,N/A,fallback
401803309,2026-03-02,22:30,2026,LAK,COL,2,4,6,0,1,crypto.com Arena,0.0,N/A,fallback
401803321,2026-03-04,19:00,2026,DET,VGK,3,4,7,0,1,Little Caesars Arena,0.0,N/A,fallback
401803322,2026-03-04,19:00,2026,NJ,TOR,4,3,7,0,1,Prudential Center,0.0,N/A,fallback
401803323,2026-03-04,22:00,2026,VAN,CAR,4,6,10,0,1,Rogers Arena,0.0,N/A,fallback
401803324,2026-03-04,22:00,2026,ANA,NYI,5,1,6,0,1,Honda Center,0.0,N/A,fallback
401803325,2026-03-04,22:00,2026,SEA,STL,2,3,5,0,1,Climate Pledge Arena,0.0,N/A,fallback
401803326,2026-03-05,19:00,2026,NYR,TOR,6,2,8,0,1,Madison Square Garden,0.0,N/A,fallback
401803327,2026-03-05,19:00,2026,PHI,UTA,0,3,3,0,1,Xfinity Mobile Arena,0.0,N/A,fallback
401803328,2026-03-05,19:00,2026,PIT,BUF,1,5,6,0,1,PPG Paints Arena,0.0,N/A,fallback
401803329,2026-03-05,19:00,2026,CBJ,FLA,4,2,6,0,1,Nationwide Arena,0.0,N/A,fallback
401803330,2026-03-05,20:00,2026,NSH,BOS,6,3,9,0,1,Bridgestone Arena,0.0,N/A,fallback
401803331,2026-03-05,20:00,2026,WPG,TBL,4,1,5,0,1,Canada Life Centre,0.0,N/A,fallback
401803332,2026-03-05,21:00,2026,CGY,OTT,1,4,5,0,1,Scotiabank Saddledome,0.0,N/A,fallback
401803333,2026-03-05,21:30,2026,LAK,NYI,5,3,8,0,1,crypto.com Arena,0.0,N/A,fallback
401803334,2026-03-06,19:00,2026,DET,FLA,1,3,4,0,1,Little Caesars Arena,0.0,N/A,fallback
401803335,2026-03-06,20:00,2026,DAL,COL,4,5,9,0,1,American Airlines Center,0.0,N/A,fallback
401803336,2026-03-06,20:30,2026,CHI,VAN,3,6,9,0,1,United Center,0.0,N/A,fallback
401803337,2026-03-06,21:00,2026,EDM,CAR,3,6,9,0,1,Rogers Place,0.0,N/A,fallback
401803338,2026-03-06,21:00,2026,ANA,MTL,6,5,11,0,1,Honda Center,0.0,N/A,fallback
401803339,2026-03-06,22:00,2026,VGK,MIN,2,4,6,0,1,T-Mobile Arena,0.0,N/A,fallback
401803340,2026-03-06,22:00,2026,SJ,STL,2,3,5,0,1,SAP Center at San Jose,0.0,N/A,fallback
401803352,2026-03-08,13:00,2026,COL,MIN,3,2,5,0,1,Ball Arena,0.0,N/A,fallback
401803353,2026-03-08,15:30,2026,PIT,BOS,5,4,9,0,1,PPG Paints Arena,0.0,N/A,fallback
401803354,2026-03-08,17:00,2026,BUF,TBL,8,7,15,0,1,KeyBank Center,0.0,N/A,fallback
401803355,2026-03-08,17:00,2026,DAL,CHI,4,3,7,0,1,American Airlines Center,0.0,N/A,fallback
401803356,2026-03-08,18:00,2026,NJ,DET,0,3,3,0,1,Prudential Center,0.0,N/A,fallback
401803357,2026-03-08,20:00,2026,ANA,STL,0,4,4,0,1,Honda Center,0.0,N/A,fallback
401803358,2026-03-08,20:45,2026,VGK,EDM,2,4,6,0,1,T-Mobile Arena,0.0,N/A,fallback
401803341,2026-03-07,12:30,2026,BOS,WSH,3,1,4,0,1,TD Garden,0.0,N/A,fallback
401803342,2026-03-07,15:00,2026,NJ,NYR,6,3,9,0,1,Prudential Center,0.0,N/A,fallback
401803343,2026-03-07,17:30,2026,BUF,NSH,3,2,5,0,1,KeyBank Center,0.0,N/A,fallback
401803344,2026-03-07,17:30,2026,PIT,PHI,3,4,7,0,1,PPG Paints Arena,0.0,N/A,fallback
401803345,2026-03-07,19:00,2026,TOR,TBL,2,5,7,0,1,Scotiabank Arena,0.0,N/A,fallback
401803346,2026-03-07,19:00,2026,CBJ,UTA,4,5,9,0,1,Nationwide Arena,0.0,N/A,fallback
401803347,2026-03-07,19:00,2026,WPG,VAN,3,2,5,0,1,Canada Life Centre,0.0,N/A,fallback
401803348,2026-03-07,19:00,2026,LAK,MTL,3,4,7,0,1,crypto.com Arena,0.0,N/A,fallback
401803349,2026-03-07,22:00,2026,CGY,CAR,5,4,9,0,1,Scotiabank Saddledome,0.0,N/A,fallback
401803350,2026-03-07,22:00,2026,SJ,NYI,1,2,3,0,1,SAP Center at San Jose,0.0,N/A,fallback
401803351,2026-03-07,22:00,2026,SEA,OTT,4,7,11,0,1,Climate Pledge Arena,0.0,N/A,fallback
401857755,2026-03-09,15:00,2026,CBJ,LAK,4,5,9,0,1,Nationwide Arena,0.0,N/A,fallback
401803359,2026-03-09,18:00,2026,PHI,NYR,2,6,8,0,1,Xfinity Mobile Arena,0.0,N/A,fallback
401803360,2026-03-09,18:00,2026,WSH,CGY,7,3,10,0,1,Capital One Arena,0.0,N/A,fallback
401803361,2026-03-09,19:30,2026,CHI,UTA,3,2,5,0,1,United Center,0.0,N/A,fallback
401803362,2026-03-09,20:00,2026,VAN,OTT,0,2,2,0,1,Rogers Arena,0.0,N/A,fallback
401803310,2026-03-03,19:00,2026,BOS,PIT,2,1,3,0,1,TD Garden,0.0,N/A,fallback
401803311,2026-03-03,19:00,2026,BUF,VGK,3,2,5,0,1,KeyBank Center,0.0,N/A,fallback
401803312,2026-03-03,19:00,2026,NJ,FLA,5,1,6,0,1,Prudential Center,0.0,N/A,fallback
401803313,2026-03-03,19:00,2026,WSH,UTA,2,3,5,0,1,Capital One Arena,0.0,N/A,fallback
401803314,2026-03-03,19:00,2026,CBJ,NSH,3,2,5,0,1,Nationwide Arena,0.0,N/A,fallback
401803315,2026-03-03,20:00,2026,WPG,CHI,3,2,5,0,1,Canada Life Centre,0.0,N/A,fallback
401803316,2026-03-03,21:00,2026,CGY,DAL,1,6,7,0,1,Scotiabank Saddledome,0.0,N/A,fallback
401803317,2026-03-03,21:00,2026,EDM,OTT,5,4,9,0,1,Rogers Place,0.0,N/A,fallback
401803318,2026-03-03,21:30,2026,MIN,TBL,5,1,6,0,1,Grand Casino Arena,0.0,N/A,fallback
401803319,2026-03-03,22:00,2026,ANA,COL,1,5,6,0,1,Honda Center,0.0,N/A,fallback
401803320,2026-03-03,22:00,2026,SJ,MTL,7,5,12,0,1,SAP Center at San Jose,0.0,N/A,fallback
401803376,2026-03-11,18:30,2026,OTT,MTL,2,3,5,0,1,Canadian Tire Centre,0.0,N/A,fallback
401803377,2026-03-11,18:30,2026,PHI,WSH,4,1,5,0,1,Xfinity Mobile Arena,0.0,N/A,fallback
401803408,2026-03-15,14:00,2026,WPG,STL,3,2,5,0,1,Canada Life Centre,0.0,N/A,fallback
401803409,2026-03-15,16:00,2026,OTT,SJ,7,4,11,0,1,Canadian Tire Centre,0.0,N/A,fallback
401803410,2026-03-15,18:00,2026,MTL,ANA,3,4,7,0,1,Bell Centre,0.0,N/A,fallback
401803411,2026-03-15,18:30,2026,MIN,TOR,2,4,6,0,1,Grand Casino Arena,0.0,N/A,fallback
401803412,2026-03-15,19:00,2026,EDM,NSH,3,1,4,0,1,Rogers Place,0.0,N/A,fallback
401803413,2026-03-15,19:00,2026,SEA,FLA,6,2,8,0,1,Climate Pledge Arena,0.0,N/A,fallback
401803392,2026-03-13,18:00,2026,NYI,LAK,2,3,5,0,1,UBS Arena,0.0,N/A,fallback
401803393,2026-03-13,19:00,2026,STL,EDM,3,2,5,0,1,Enterprise Center,0.0,N/A,fallback
401803394,2026-03-14,12:00,2026,OTT,ANA,2,0,2,0,1,Canadian Tire Centre,0.0,N/A,fallback
401803395,2026-03-14,14:00,2026,WSH,BOS,2,3,5,0,1,Capital One Arena,0.0,N/A,fallback
401803396,2026-03-14,15:00,2026,WPG,COL,3,1,4,0,1,Canada Life Centre,0.0,N/A,fallback
401803397,2026-03-14,17:00,2026,MIN,NYR,2,4,6,0,1,Grand Casino Arena,0.0,N/A,fallback
401803398,2026-03-14,18:00,2026,BUF,TOR,3,2,5,0,1,KeyBank Center,0.0,N/A,fallback
401803399,2026-03-14,18:00,2026,MTL,SJ,2,4,6,0,1,Bell Centre,0.0,N/A,fallback
401803400,2026-03-14,18:00,2026,TBL,CAR,2,4,6,0,1,Benchmark International Arena,0.0,N/A,fallback
401803401,2026-03-14,18:00,2026,NJ,LAK,6,4,10,0,1,Prudential Center,0.0,N/A,fallback
401803402,2026-03-14,18:00,2026,NYI,CGY,3,2,5,0,1,UBS Arena,0.0,N/A,fallback
401803403,2026-03-14,18:30,2026,PHI,CBJ,1,2,3,0,1,Xfinity Mobile Arena,0.0,N/A,fallback
401803404,2026-03-14,19:00,2026,DAL,DET,3,2,5,0,1,American Airlines Center,0.0,N/A,fallback
401803405,2026-03-14,20:00,2026,UTA,PIT,3,4,7,0,1,Delta Center,0.0,N/A,fallback
401803406,2026-03-14,21:00,2026,VAN,SEA,2,5,7,0,1,Rogers Arena,0.0,N/A,fallback
401803407,2026-03-14,21:00,2026,VGK,CHI,4,0,4,0,1,T-Mobile Arena,0.0,N/A,fallback
401803414,2026-03-16,18:00,2026,DET,CGY,5,2,7,0,1,Little Caesars Arena,0.0,N/A,fallback
401803415,2026-03-16,18:00,2026,NJ,BOS,4,3,7,0,1,Prudential Center,0.0,N/A,fallback
401803416,2026-03-16,18:00,2026,NYR,LAK,1,4,5,0,1,Madison Square Garden,0.0,N/A,fallback
401803417,2026-03-16,19:00,2026,DAL,UTA,3,6,9,0,1,American Airlines Center,0.0,N/A,fallback
401803418,2026-03-16,20:50,2026,COL,PIT,2,7,9,0,1,Ball Arena,0.0,N/A,fallback
401803363,2026-03-10,18:00,2026,BOS,LAK,2,1,3,0,1,TD Garden,0.0,N/A,fallback
401803364,2026-03-10,18:00,2026,BUF,SJ,6,3,9,0,1,KeyBank Center,0.0,N/A,fallback
401803365,2026-03-10,18:00,2026,MTL,TOR,3,1,4,0,1,Bell Centre,0.0,N/A,fallback
401803366,2026-03-10,18:00,2026,TBL,CBJ,2,5,7,0,1,Benchmark International Arena,0.0,N/A,fallback
401803367,2026-03-10,18:00,2026,FLA,DET,4,3,7,0,1,Amerant Bank Arena,0.0,N/A,fallback
401803368,2026-03-10,18:00,2026,NYR,CGY,4,0,4,0,1,Madison Square Garden,0.0,N/A,fallback
401803369,2026-03-10,18:00,2026,CAR,PIT,5,4,9,0,1,Lenovo Center,0.0,N/A,fallback
401803370,2026-03-10,18:30,2026,STL,NYI,3,4,7,0,1,Enterprise Center,0.0,N/A,fallback
401803371,2026-03-10,19:00,2026,DAL,VGK,2,1,3,0,1,American Airlines Center,0.0,N/A,fallback
401803372,2026-03-10,19:00,2026,MIN,UTA,5,0,5,0,1,Grand Casino Arena,0.0,N/A,fallback
401803373,2026-03-10,19:30,2026,WPG,ANA,1,4,5,0,1,Canada Life Centre,0.0,N/A,fallback
401803374,2026-03-10,21:00,2026,COL,EDM,3,4,7,0,1,Ball Arena,0.0,N/A,fallback
401803375,2026-03-10,21:00,2026,SEA,NSH,2,4,6,0,1,Climate Pledge Arena,0.0,N/A,fallback
401803378,2026-03-12,18:00,2026,BOS,SJ,2,4,6,0,1,TD Garden,0.0,N/A,fallback
401803379,2026-03-12,18:00,2026,BUF,WSH,1,2,3,0,1,KeyBank Center,0.0,N/A,fallback
401803380,2026-03-12,18:00,2026,TOR,ANA,6,4,10,0,1,Scotiabank Arena,0.0,N/A,fallback
401803381,2026-03-12,18:00,2026,TBL,DET,4,1,5,0,1,Benchmark International Arena,0.0,N/A,fallback
401803382,2026-03-12,18:00,2026,FLA,CBJ,2,1,3,0,1,Amerant Bank Arena,0.0,N/A,fallback
401803383,2026-03-12,18:00,2026,NJ,CGY,4,5,9,0,1,Prudential Center,0.0,N/A,fallback
401803384,2026-03-12,18:00,2026,CAR,STL,1,3,4,0,1,Lenovo Center,0.0,N/A,fallback
401803385,2026-03-12,19:00,2026,DAL,EDM,7,2,9,0,1,American Airlines Center,0.0,N/A,fallback
401803386,2026-03-12,19:00,2026,MIN,PHI,2,3,5,0,1,Grand Casino Arena,0.0,N/A,fallback
401803387,2026-03-12,19:00,2026,WPG,NYR,3,6,9,0,1,Canada Life Centre,0.0,N/A,fallback
401803388,2026-03-12,20:00,2026,UTA,CHI,2,3,5,0,1,Delta Center,0.0,N/A,fallback
401803389,2026-03-12,21:00,2026,VAN,NSH,4,3,7,0,1,Rogers Arena,0.0,N/A,fallback
401803390,2026-03-12,21:00,2026,VGK,PIT,6,2,8,0,1,T-Mobile Arena,0.0,N/A,fallback
401803391,2026-03-12,21:00,2026,SEA,COL,1,5,6,0,1,Climate Pledge Arena,0.0,N/A,fallback
401803419,2026-03-17,18:00,2026,TOR,NYI,1,3,4,0,1,Scotiabank Arena,0.0,N/A,fallback
401803420,2026-03-17,18:00,2026,MTL,BOS,3,2,5,0,1,Bell Centre,0.0,N/A,fallback
401803421,2026-03-17,18:00,2026,CBJ,CAR,5,1,6,0,1,Nationwide Arena,0.0,N/A,fallback
401803423,2026-03-17,18:30,2026,CHI,MIN,3,4,7,0,1,United Center,0.0,N/A,fallback
401803422,2026-03-17,19:00,2026,WPG,NSH,3,4,7,0,1,Canada Life Centre,0.0,N/A,fallback
401803424,2026-03-17,20:00,2026,EDM,SJ,5,3,8,0,1,Rogers Place,0.0,N/A,fallback
401803425,2026-03-17,21:00,2026,VAN,FLA,5,2,7,0,1,Rogers Arena,0.0,N/A,fallback
401803426,2026-03-17,21:00,2026,VGK,BUF,0,2,2,0,1,T-Mobile Arena,0.0,N/A,fallback
401803427,2026-03-17,21:00,2026,SEA,TBL,2,6,8,0,1,Climate Pledge Arena,0.0,N/A,fallback
401803428,2026-03-18,18:00,2026,NYR,NJ,3,6,9,0,1,Madison Square Garden,0.0,N/A,fallback
401803429,2026-03-18,18:00,2026,CAR,PIT,6,5,11,0,1,Lenovo Center,0.0,N/A,fallback
401803430,2026-03-18,18:30,2026,WSH,OTT,4,1,5,0,1,Capital One Arena,0.0,N/A,fallback
401803431,2026-03-18,20:30,2026,COL,DAL,1,2,3,0,1,Ball Arena,0.0,N/A,fallback
401803432,2026-03-18,20:30,2026,CGY,STL,2,1,3,0,1,Scotiabank Saddledome,0.0,N/A,fallback
401803433,2026-03-18,21:00,2026,ANA,PHI,2,3,5,0,1,Honda Center,0.0,N/A,fallback
401803434,2026-03-19,18:00,2026,BOS,WPG,6,1,7,0,1,TD Garden,0.0,N/A,fallback
401803435,2026-03-19,18:00,2026,OTT,NYI,3,2,5,0,1,Canadian Tire Centre,0.0,N/A,fallback
401803436,2026-03-19,18:00,2026,DET,MTL,3,1,4,0,1,Little Caesars Arena,0.0,N/A,fallback
401803437,2026-03-19,18:00,2026,CBJ,NYR,6,3,9,0,1,Nationwide Arena,0.0,N/A,fallback
401803439,2026-03-19,18:30,2026,MIN,CHI,1,2,3,0,1,Grand Casino Arena,0.0,N/A,fallback
401803438,2026-03-19,19:00,2026,NSH,SEA,3,1,4,0,1,Bridgestone Arena,0.0,N/A,fallback
401803440,2026-03-19,20:00,2026,EDM,FLA,0,4,4,0,1,Rogers Place,0.0,N/A,fallback
401803441,2026-03-19,21:00,2026,VAN,TBL,2,6,8,0,1,Rogers Arena,0.0,N/A,fallback
401803442,2026-03-19,21:00,2026,VGK,UTA,0,4,4,0,1,T-Mobile Arena,0.0,N/A,fallback
401803443,2026-03-19,21:00,2026,SJ,BUF,0,5,5,0,1,SAP Center at San Jose,0.0,N/A,fallback
401803444,2026-03-19,21:30,2026,LAK,PHI,3,4,7,0,1,crypto.com Arena,0.0,N/A,fallback
401803445,2026-03-20,18:00,2026,TOR,CAR,3,4,7,0,1,Scotiabank Arena,0.0,N/A,fallback
401803446,2026-03-20,18:00,2026,WSH,NJ,2,1,3,0,1,Capital One Arena,0.0,N/A,fallback
401803447,2026-03-20,19:30,2026,CHI,COL,1,4,5,0,1,United Center,0.0,N/A,fallback
401803448,2026-03-20,20:00,2026,CGY,FLA,4,1,5,0,1,Scotiabank Saddledome,0.0,N/A,fallback
401803449,2026-03-20,21:00,2026,UTA,ANA,1,4,5,0,1,Delta Center,0.0,N/A,fallback
401803450,2026-03-21,12:00,2026,PIT,WPG,5,4,9,0,1,PPG Paints Arena,0.0,N/A,fallback
401803451,2026-03-21,13:00,2026,NSH,VGK,4,1,5,0,1,Bridgestone Arena,0.0,N/A,fallback
401803452,2026-03-21,15:00,2026,MIN,DAL,2,1,3,0,1,Grand Casino Arena,0.0,N/A,fallback
401803453,2026-03-21,15:00,2026,LAK,BUF,1,4,5,0,1,crypto.com Arena,0.0,N/A,fallback
401803454,2026-03-21,15:00,2026,SJ,PHI,1,4,5,0,1,SAP Center at San Jose,0.0,N/A,fallback
401803455,2026-03-21,16:00,2026,CBJ,SEA,5,2,7,0,1,Nationwide Arena,0.0,N/A,fallback
401803456,2026-03-21,18:00,2026,MTL,NYI,7,3,10,0,1,Bell Centre,0.0,N/A,fallback
401803457,2026-03-21,18:00,2026,OTT,TOR,5,2,7,0,1,Canadian Tire Centre,0.0,N/A,fallback
401803458,2026-03-21,18:00,2026,VAN,STL,1,3,4,0,1,Rogers Arena,0.0,N/A,fallback
401803459,2026-03-21,19:00,2026,DET,BOS,2,4,6,0,1,Little Caesars Arena,0.0,N/A,fallback
401803460,2026-03-21,21:00,2026,EDM,TBL,2,5,7,0,1,Rogers Place,0.0,N/A,fallback
401803461,2026-03-22,11:00,2026,NYR,WPG,2,3,5,0,1,Madison Square Garden,0.0,N/A,fallback
401803462,2026-03-22,11:30,2026,WSH,COL,2,3,5,0,1,Capital One Arena,0.0,N/A,fallback
401803463,2026-03-22,14:00,2026,PIT,CAR,1,5,6,0,1,PPG Paints Arena,0.0,N/A,fallback
401803464,2026-03-22,14:00,2026,CHI,NSH,2,3,5,0,1,United Center,0.0,N/A,fallback
401803465,2026-03-22,18:00,2026,NYI,CBJ,1,0,1,0,1,UBS Arena,0.0,N/A,fallback
401803466,2026-03-22,18:00,2026,DAL,VGK,2,3,5,0,1,American Airlines Center,0.0,N/A,fallback
401803467,2026-03-22,19:00,2026,CGY,TBL,4,3,7,0,1,Scotiabank Saddledome,0.0,N/A,fallback
401803468,2026-03-22,19:00,2026,ANA,BUF,6,5,11,0,1,Honda Center,0.0,N/A,fallback
401803469,2026-03-22,20:00,2026,UTA,LAK,4,3,7,0,1,Delta Center,0.0,N/A,fallback
401803470,2026-03-23,18:30,2026,NYR,OTT,1,2,3,0,1,Madison Square Garden,0.0,N/A,fallback
