game_id,date,time,season,home_team,away_team,home_starting_pitcher,away_starting_pitcher,home_starting_pitcher_id,away_starting_pitcher_id,pitcher_source,pitcher_data_available,home_runs_total,away_runs_total,home_r1,away_r1,home_r2,away_r2,home_r3,away_r3,home_r4,away_r4,home_r5,away_r5,home_runs_f5,away_runs_f5,attendance,odds_details,odds_over_under,odds_data_quality,home_is_favorite,home_hits,away_hits,status_completed,status_state,status_description,status_detail,home_starting_pitcher_ip,away_starting_pitcher_ip,home_starting_pitcher_er,away_starting_pitcher_er,home_starting_pitcher_hits,away_starting_pitcher_hits,home_starting_pitcher_bb,away_starting_pitcher_bb,home_starting_pitcher_k,away_starting_pitcher_k,home_starting_pitcher_hr,away_starting_pitcher_hr,pitcher_stats_available,home_moneyline_odds,away_moneyline_odds,closing_moneyline_odds,closing_spread_odds,closing_total_odds,market_source,competition_id
846416,2026-04-22,17:30,2026,Tecos de los Dos Laredos,Charros de Jalisco,Brandon Brennan,Cesar Gomez,592165,685461,statsapi_probable_pitcher,1,0,0,0,0,0,0,0,0,0,0,0,0,0,0,0,No Line,0.0,none,-1,0,0,0,pre,Scheduled,Scheduled,,,,,,,,,,,,,0,,,,,,none,846416
846053,2026-04-22,19:00,2026,El Aguila de Veracruz,Olmecas de Tabasco,Braulio Torres-Perez,Raul Carrillo,679001,585132,statsapi_probable_pitcher,1,0,0,0,0,0,0,0,0,0,0,0,0,0,0,0,No Line,0.0,none,-1,0,0,0,pre,Scheduled,Scheduled,,,,,,,,,,,,,0,,,,,,none,846053
846555,2026-04-22,19:00,2026,Piratas de Campeche,Tigres de Quintana Roo,Miller Hogan,Melvi Acosta,676949,666673,statsapi_probable_pitcher,1,0,0,0,0,0,0,0,0,0,0,0,0,0,0,0,No Line,0.0,none,-1,0,0,0,pre,Scheduled,Scheduled,,,,,,,,,,,,,0,,,,,,none,846555
846599,2026-04-22,19:00,2026,Pericos de Puebla,Conspiradores de Queretaro,Fernando Lozano,Luis Romero,683138,673603,statsapi_probable_pitcher,1,0,0,0,0,0,0,0,0,0,0,0,0,0,0,0,No Line,0.0,none,-1,0,0,0,pre,Scheduled,Scheduled,,,,,,,,,,,,,0,,,,,,none,846599
846325,2026-04-22,19:30,2026,Sultanes de Monterrey,Caliente de Durango,Stephen Tarpley,Jorge Bautista,605501,682926,statsapi_probable_pitcher,1,0,0,0,0,0,0,0,0,0,0,0,0,0,0,0,No Line,0.0,none,-1,0,0,0,pre,Scheduled,Scheduled,,,,,,,,,,,,,0,,,,,,none,846325
846513,2026-04-22,19:30,2026,Rieleros de Aguascalientes,Saraperos de Saltillo,Greg Duncan,Wilmer Font,827710,521655,statsapi_probable_pitcher,1,0,0,0,0,0,0,0,0,0,0,0,0,0,0,0,No Line,0.0,none,-1,0,0,0,pre,Scheduled,Scheduled,,,,,,,,,,,,,0,,,,,,none,846513
846693,2026-04-22,19:30,2026,Leones de Yucatan,Diablos Rojos del Mexico,Tommy Doyle,James Kaprielian,656382,621076,statsapi_probable_pitcher,1,0,0,0,0,0,0,0,0,0,0,0,0,0,0,0,No Line,0.0,none,-1,0,0,0,pre,Scheduled,Scheduled,,,,,,,,,,,,,0,,,,,,none,846693
846741,2026-04-22,19:30,2026,Algodoneros Union Laguna,Toros de Tijuana,Erasmo Ramírez,Randy Wynne,541640,691094,statsapi_probable_pitcher,1,0,0,0,0,0,0,0,0,0,0,0,0,0,0,0,No Line,0.0,none,-1,0,0,0,pre,Scheduled,Scheduled,,,,,,,,,,,,,0,,,,,,none,846741
846843,2026-04-22,19:30,2026,Bravos de Leon,Guerreros de Oaxaca,Phillips Valdez,Robert Dugger,570488,667498,statsapi_probable_pitcher,1,0,0,0,0,0,0,0,0,0,0,0,0,0,0,0,No Line,0.0,none,-1,0,0,0,pre,Scheduled,Scheduled,,,,,,,,,,,,,0,,,,,,none,846843
846368,2026-04-22,19:45,2026,Acereros del Norte,Dorados de Chihuahua,,Daniel De La Fuente,,675880,statsapi_probable_pitcher,1,0,0,0,0,0,0,0,0,0,0,0,0,0,0,0,No Line,0.0,none,-1,0,0,0,pre,Scheduled,Scheduled,,,,,,,,,,,,,0,,,,,,none,846368
846408,2026-04-23,18:00,2026,Tecos de los Dos Laredos,Charros de Jalisco,Adrian De Horta,Kurt Heyer,641506,571776,statsapi_probable_pitcher,1,0,0,0,0,0,0,0,0,0,0,0,0,0,0,0,No Line,0.0,none,-1,0,0,0,pre,Scheduled,Scheduled,,,,,,,,,,,,,0,,,,,,none,846408
846055,2026-04-23,19:00,2026,El Aguila de Veracruz,Olmecas de Tabasco,Dinelson Lamet,Luis Cessa,659275,570666,statsapi_probable_pitcher,1,0,0,0,0,0,0,0,0,0,0,0,0,0,0,0,No Line,0.0,none,-1,0,0,0,pre,Scheduled,Scheduled,,,,,,,,,,,,,0,,,,,,none,846055
846553,2026-04-23,19:00,2026,Piratas de Campeche,Tigres de Quintana Roo,,Xzavion Curry,,675540,statsapi_probable_pitcher,1,0,0,0,0,0,0,0,0,0,0,0,0,0,0,0,No Line,0.0,none,-1,0,0,0,pre,Scheduled,Scheduled,,,,,,,,,,,,,0,,,,,,none,846553
846606,2026-04-23,19:00,2026,Pericos de Puebla,Conspiradores de Queretaro,Vladimir Gutierrez,Esmil Rogers,661269,469134,statsapi_probable_pitcher,1,0,0,0,0,0,0,0,0,0,0,0,0,0,0,0,No Line,0.0,none,-1,0,0,0,pre,Scheduled,Scheduled,,,,,,,,,,,,,0,,,,,,none,846606
846318,2026-04-23,19:30,2026,Sultanes de Monterrey,Caliente de Durango,Manny Banuelos,Odrisamer Despaigne,544365,628333,statsapi_probable_pitcher,1,0,0,0,0,0,0,0,0,0,0,0,0,0,0,0,No Line,0.0,none,-1,0,0,0,pre,Scheduled,Scheduled,,,,,,,,,,,,,0,,,,,,none,846318
846502,2026-04-23,19:30,2026,Rieleros de Aguascalientes,Saraperos de Saltillo,Adrian Almeida,,622426,,statsapi_probable_pitcher,1,0,0,0,0,0,0,0,0,0,0,0,0,0,0,0,No Line,0.0,none,-1,0,0,0,pre,Scheduled,Scheduled,,,,,,,,,,,,,0,,,,,,none,846502
846698,2026-04-23,19:30,2026,Leones de Yucatan,Diablos Rojos del Mexico,Yoanner Negrin,Ricardo Pinto,594582,620982,statsapi_probable_pitcher,1,0,0,0,0,0,0,0,0,0,0,0,0,0,0,0,No Line,0.0,none,-1,0,0,0,pre,Scheduled,Scheduled,,,,,,,,,,,,,0,,,,,,none,846698
846845,2026-04-23,19:30,2026,Bravos de Leon,Guerreros de Oaxaca,Thaddeus Ward,Tommy Romero,663658,676720,statsapi_probable_pitcher,1,0,0,0,0,0,0,0,0,0,0,0,0,0,0,0,No Line,0.0,none,-1,0,0,0,pre,Scheduled,Scheduled,,,,,,,,,,,,,0,,,,,,none,846845
846367,2026-04-23,19:45,2026,Acereros del Norte,Dorados de Chihuahua,Wilmer Rios,Devin Smeltzer,658140,656970,statsapi_probable_pitcher,1,0,0,0,0,0,0,0,0,0,0,0,0,0,0,0,No Line,0.0,none,-1,0,0,0,pre,Scheduled,Scheduled,,,,,,,,,,,,,0,,,,,,none,846367
846407,2026-04-24,17:30,2026,Tecos de los Dos Laredos,Saraperos de Saltillo,,,,,statsapi_schedule,0,0,0,0,0,0,0,0,0,0,0,0,0,0,0,0,No Line,0.0,none,-1,0,0,0,pre,Scheduled,Scheduled,,,,,,,,,,,,,0,,,,,,none,846407
846282,2026-04-24,18:30,2026,Tigres de Quintana Roo,Bravos de Leon,,,,,statsapi_schedule,0,0,0,0,0,0,0,0,0,0,0,0,0,0,0,0,No Line,0.0,none,-1,0,0,0,pre,Scheduled,Scheduled,,,,,,,,,,,,,0,,,,,,none,846282
846190,2026-04-24,19:00,2026,Guerreros de Oaxaca,Olmecas de Tabasco,,,,,statsapi_schedule,0,0,0,0,0,0,0,0,0,0,0,0,0,0,0,0,No Line,0.0,none,-1,0,0,0,pre,Scheduled,Scheduled,,,,,,,,,,,,,0,,,,,,none,846190
846556,2026-04-24,19:00,2026,Piratas de Campeche,Pericos de Puebla,,,,,statsapi_schedule,0,0,0,0,0,0,0,0,0,0,0,0,0,0,0,0,No Line,0.0,none,-1,0,0,0,pre,Scheduled,Scheduled,,,,,,,,,,,,,0,,,,,,none,846556
845959,2026-04-24,19:30,2026,Charros de Jalisco,Caliente de Durango,,,,,statsapi_schedule,0,0,0,0,0,0,0,0,0,0,0,0,0,0,0,0,No Line,0.0,none,-1,0,0,0,pre,Scheduled,Scheduled,,,,,,,,,,,,,0,,,,,,none,845959
846695,2026-04-24,19:30,2026,Leones de Yucatan,El Aguila de Veracruz,,,,,statsapi_schedule,0,0,0,0,0,0,0,0,0,0,0,0,0,0,0,0,No Line,0.0,none,-1,0,0,0,pre,Scheduled,Scheduled,,,,,,,,,,,,,0,,,,,,none,846695
846749,2026-04-24,19:30,2026,Algodoneros Union Laguna,Rieleros de Aguascalientes,,,,,statsapi_schedule,0,0,0,0,0,0,0,0,0,0,0,0,0,0,0,0,No Line,0.0,none,-1,0,0,0,pre,Scheduled,Scheduled,,,,,,,,,,,,,0,,,,,,none,846749
846007,2026-04-24,20:00,2026,Conspiradores de Queretaro,Diablos Rojos del Mexico,,,,,statsapi_schedule,0,0,0,0,0,0,0,0,0,0,0,0,0,0,0,0,No Line,0.0,none,-1,0,0,0,pre,Scheduled,Scheduled,,,,,,,,,,,,,0,,,,,,none,846007
846225,2026-04-24,21:00,2026,Dorados de Chihuahua,Sultanes de Monterrey,,,,,statsapi_schedule,0,0,0,0,0,0,0,0,0,0,0,0,0,0,0,0,No Line,0.0,none,-1,0,0,0,pre,Scheduled,Scheduled,,,,,,,,,,,,,0,,,,,,none,846225
846103,2026-04-24,22:35,2026,Toros de Tijuana,Acereros del Norte,,,,,statsapi_schedule,0,0,0,0,0,0,0,0,0,0,0,0,0,0,0,0,No Line,0.0,none,-1,0,0,0,pre,Scheduled,Scheduled,,,,,,,,,,,,,0,,,,,,none,846103
846273,2026-04-25,17:00,2026,Tigres de Quintana Roo,Bravos de Leon,,,,,statsapi_schedule,0,0,0,0,0,0,0,0,0,0,0,0,0,0,0,0,No Line,0.0,none,-1,0,0,0,pre,Scheduled,Scheduled,,,,,,,,,,,,,0,,,,,,none,846273
845957,2026-04-25,18:00,2026,Charros de Jalisco,Caliente de Durango,,,,,statsapi_schedule,0,0,0,0,0,0,0,0,0,0,0,0,0,0,0,0,No Line,0.0,none,-1,0,0,0,pre,Scheduled,Scheduled,,,,,,,,,,,,,0,,,,,,none,845957
846004,2026-04-25,18:00,2026,Conspiradores de Queretaro,Diablos Rojos del Mexico,,,,,statsapi_schedule,0,0,0,0,0,0,0,0,0,0,0,0,0,0,0,0,No Line,0.0,none,-1,0,0,0,pre,Scheduled,Scheduled,,,,,,,,,,,,,0,,,,,,none,846004
846192,2026-04-25,18:00,2026,Guerreros de Oaxaca,Olmecas de Tabasco,,,,,statsapi_schedule,0,0,0,0,0,0,0,0,0,0,0,0,0,0,0,0,No Line,0.0,none,-1,0,0,0,pre,Scheduled,Scheduled,,,,,,,,,,,,,0,,,,,,none,846192
846412,2026-04-25,18:00,2026,Tecos de los Dos Laredos,Saraperos de Saltillo,,,,,statsapi_schedule,0,0,0,0,0,0,0,0,0,0,0,0,0,0,0,0,No Line,0.0,none,-1,0,0,0,pre,Scheduled,Scheduled,,,,,,,,,,,,,0,,,,,,none,846412
846560,2026-04-25,18:15,2026,Piratas de Campeche,Pericos de Puebla,,,,,statsapi_schedule,0,0,0,0,0,0,0,0,0,0,0,0,0,0,0,0,No Line,0.0,none,-1,0,0,0,pre,Scheduled,Scheduled,,,,,,,,,,,,,0,,,,,,none,846560
846746,2026-04-25,18:30,2026,Algodoneros Union Laguna,Rieleros de Aguascalientes,,,,,statsapi_schedule,0,0,0,0,0,0,0,0,0,0,0,0,0,0,0,0,No Line,0.0,none,-1,0,0,0,pre,Scheduled,Scheduled,,,,,,,,,,,,,0,,,,,,none,846746
846226,2026-04-25,19:00,2026,Dorados de Chihuahua,Sultanes de Monterrey,,,,,statsapi_schedule,0,0,0,0,0,0,0,0,0,0,0,0,0,0,0,0,No Line,0.0,none,-1,0,0,0,pre,Scheduled,Scheduled,,,,,,,,,,,,,0,,,,,,none,846226
846696,2026-04-25,19:00,2026,Leones de Yucatan,El Aguila de Veracruz,,,,,statsapi_schedule,0,0,0,0,0,0,0,0,0,0,0,0,0,0,0,0,No Line,0.0,none,-1,0,0,0,pre,Scheduled,Scheduled,,,,,,,,,,,,,0,,,,,,none,846696
846092,2026-04-25,20:05,2026,Toros de Tijuana,Acereros del Norte,,,,,statsapi_schedule,0,0,0,0,0,0,0,0,0,0,0,0,0,0,0,0,No Line,0.0,none,-1,0,0,0,pre,Scheduled,Scheduled,,,,,,,,,,,,,0,,,,,,none,846092
846277,2026-04-26,16:00,2026,Tigres de Quintana Roo,Bravos de Leon,,,,,statsapi_schedule,0,0,0,0,0,0,0,0,0,0,0,0,0,0,0,0,No Line,0.0,none,-1,0,0,0,pre,Scheduled,Scheduled,,,,,,,,,,,,,0,,,,,,none,846277
845961,2026-04-26,17:00,2026,Charros de Jalisco,Caliente de Durango,,,,,statsapi_schedule,0,0,0,0,0,0,0,0,0,0,0,0,0,0,0,0,No Line,0.0,none,-1,0,0,0,pre,Scheduled,Scheduled,,,,,,,,,,,,,0,,,,,,none,845961
846005,2026-04-26,17:00,2026,Conspiradores de Queretaro,Diablos Rojos del Mexico,,,,,statsapi_schedule,0,0,0,0,0,0,0,0,0,0,0,0,0,0,0,0,No Line,0.0,none,-1,0,0,0,pre,Scheduled,Scheduled,,,,,,,,,,,,,0,,,,,,none,846005
846413,2026-04-26,17:30,2026,Tecos de los Dos Laredos,Saraperos de Saltillo,,,,,statsapi_schedule,0,0,0,0,0,0,0,0,0,0,0,0,0,0,0,0,No Line,0.0,none,-1,0,0,0,pre,Scheduled,Scheduled,,,,,,,,,,,,,0,,,,,,none,846413
846180,2026-04-26,18:00,2026,Guerreros de Oaxaca,Olmecas de Tabasco,,,,,statsapi_schedule,0,0,0,0,0,0,0,0,0,0,0,0,0,0,0,0,No Line,0.0,none,-1,0,0,0,pre,Scheduled,Scheduled,,,,,,,,,,,,,0,,,,,,none,846180
846227,2026-04-26,18:00,2026,Dorados de Chihuahua,Sultanes de Monterrey,,,,,statsapi_schedule,0,0,0,0,0,0,0,0,0,0,0,0,0,0,0,0,No Line,0.0,none,-1,0,0,0,pre,Scheduled,Scheduled,,,,,,,,,,,,,0,,,,,,none,846227
846692,2026-04-26,18:00,2026,Leones de Yucatan,El Aguila de Veracruz,,,,,statsapi_schedule,0,0,0,0,0,0,0,0,0,0,0,0,0,0,0,0,No Line,0.0,none,-1,0,0,0,pre,Scheduled,Scheduled,,,,,,,,,,,,,0,,,,,,none,846692
846552,2026-04-26,18:15,2026,Piratas de Campeche,Pericos de Puebla,,,,,statsapi_schedule,0,0,0,0,0,0,0,0,0,0,0,0,0,0,0,0,No Line,0.0,none,-1,0,0,0,pre,Scheduled,Scheduled,,,,,,,,,,,,,0,,,,,,none,846552
846744,2026-04-26,18:30,2026,Algodoneros Union Laguna,Rieleros de Aguascalientes,,,,,statsapi_schedule,0,0,0,0,0,0,0,0,0,0,0,0,0,0,0,0,No Line,0.0,none,-1,0,0,0,pre,Scheduled,Scheduled,,,,,,,,,,,,,0,,,,,,none,846744
846094,2026-04-26,19:05,2026,Toros de Tijuana,Acereros del Norte,,,,,statsapi_schedule,0,0,0,0,0,0,0,0,0,0,0,0,0,0,0,0,No Line,0.0,none,-1,0,0,0,pre,Scheduled,Scheduled,,,,,,,,,,,,,0,,,,,,none,846094
846276,2026-04-27,17:30,2026,Tigres de Quintana Roo,Leones de Yucatan,,,,,statsapi_schedule,0,0,0,0,0,0,0,0,0,0,0,0,0,0,0,0,No Line,0.0,none,-1,0,0,0,pre,Scheduled,Scheduled,,,,,,,,,,,,,0,,,,,,none,846276
846274,2026-04-28,17:30,2026,Tigres de Quintana Roo,Leones de Yucatan,,,,,statsapi_schedule,0,0,0,0,0,0,0,0,0,0,0,0,0,0,0,0,No Line,0.0,none,-1,0,0,0,pre,Scheduled,Scheduled,,,,,,,,,,,,,0,,,,,,none,846274
846547,2026-04-28,19:00,2026,Piratas de Campeche,Diablos Rojos del Mexico,,,,,statsapi_schedule,0,0,0,0,0,0,0,0,0,0,0,0,0,0,0,0,No Line,0.0,none,-1,0,0,0,pre,Scheduled,Scheduled,,,,,,,,,,,,,0,,,,,,none,846547
846601,2026-04-28,19:00,2026,Pericos de Puebla,Guerreros de Oaxaca,,,,,statsapi_schedule,0,0,0,0,0,0,0,0,0,0,0,0,0,0,0,0,No Line,0.0,none,-1,0,0,0,pre,Scheduled,Scheduled,,,,,,,,,,,,,0,,,,,,none,846601
846141,2026-04-28,19:10,2026,Caliente de Durango,Toros de Tijuana,,,,,statsapi_schedule,0,0,0,0,0,0,0,0,0,0,0,0,0,0,0,0,No Line,0.0,none,-1,0,0,0,pre,Scheduled,Scheduled,,,,,,,,,,,,,0,,,,,,none,846141
846323,2026-04-28,19:30,2026,Sultanes de Monterrey,Tecos de los Dos Laredos,,,,,statsapi_schedule,0,0,0,0,0,0,0,0,0,0,0,0,0,0,0,0,No Line,0.0,none,-1,0,0,0,pre,Scheduled,Scheduled,,,,,,,,,,,,,0,,,,,,none,846323
846501,2026-04-28,19:30,2026,Rieleros de Aguascalientes,Acereros del Norte,,,,,statsapi_schedule,0,0,0,0,0,0,0,0,0,0,0,0,0,0,0,0,No Line,0.0,none,-1,0,0,0,pre,Scheduled,Scheduled,,,,,,,,,,,,,0,,,,,,none,846501
846649,2026-04-28,19:30,2026,Saraperos de Saltillo,Algodoneros Union Laguna,,,,,statsapi_schedule,0,0,0,0,0,0,0,0,0,0,0,0,0,0,0,0,No Line,0.0,none,-1,0,0,0,pre,Scheduled,Scheduled,,,,,,,,,,,,,0,,,,,,none,846649
846795,2026-04-28,19:30,2026,Olmecas de Tabasco,Conspiradores de Queretaro,,,,,statsapi_schedule,0,0,0,0,0,0,0,0,0,0,0,0,0,0,0,0,No Line,0.0,none,-1,0,0,0,pre,Scheduled,Scheduled,,,,,,,,,,,,,0,,,,,,none,846795
846842,2026-04-28,19:30,2026,Bravos de Leon,El Aguila de Veracruz,,,,,statsapi_schedule,0,0,0,0,0,0,0,0,0,0,0,0,0,0,0,0,No Line,0.0,none,-1,0,0,0,pre,Scheduled,Scheduled,,,,,,,,,,,,,0,,,,,,none,846842
846230,2026-04-28,20:00,2026,Dorados de Chihuahua,Charros de Jalisco,,,,,statsapi_schedule,0,0,0,0,0,0,0,0,0,0,0,0,0,0,0,0,No Line,0.0,none,-1,0,0,0,pre,Scheduled,Scheduled,,,,,,,,,,,,,0,,,,,,none,846230
846275,2026-04-29,17:30,2026,Tigres de Quintana Roo,Leones de Yucatan,,,,,statsapi_schedule,0,0,0,0,0,0,0,0,0,0,0,0,0,0,0,0,No Line,0.0,none,-1,0,0,0,pre,Scheduled,Scheduled,,,,,,,,,,,,,0,,,,,,none,846275
846548,2026-04-29,19:00,2026,Piratas de Campeche,Diablos Rojos del Mexico,,,,,statsapi_schedule,0,0,0,0,0,0,0,0,0,0,0,0,0,0,0,0,No Line,0.0,none,-1,0,0,0,pre,Scheduled,Scheduled,,,,,,,,,,,,,0,,,,,,none,846548
846603,2026-04-29,19:00,2026,Pericos de Puebla,Guerreros de Oaxaca,,,,,statsapi_schedule,0,0,0,0,0,0,0,0,0,0,0,0,0,0,0,0,No Line,0.0,none,-1,0,0,0,pre,Scheduled,Scheduled,,,,,,,,,,,,,0,,,,,,none,846603
846144,2026-04-29,19:10,2026,Caliente de Durango,Toros de Tijuana,,,,,statsapi_schedule,0,0,0,0,0,0,0,0,0,0,0,0,0,0,0,0,No Line,0.0,none,-1,0,0,0,pre,Scheduled,Scheduled,,,,,,,,,,,,,0,,,,,,none,846144
846317,2026-04-29,19:30,2026,Sultanes de Monterrey,Tecos de los Dos Laredos,,,,,statsapi_schedule,0,0,0,0,0,0,0,0,0,0,0,0,0,0,0,0,No Line,0.0,none,-1,0,0,0,pre,Scheduled,Scheduled,,,,,,,,,,,,,0,,,,,,none,846317
846500,2026-04-29,19:30,2026,Rieleros de Aguascalientes,Acereros del Norte,,,,,statsapi_schedule,0,0,0,0,0,0,0,0,0,0,0,0,0,0,0,0,No Line,0.0,none,-1,0,0,0,pre,Scheduled,Scheduled,,,,,,,,,,,,,0,,,,,,none,846500
846645,2026-04-29,19:30,2026,Saraperos de Saltillo,Algodoneros Union Laguna,,,,,statsapi_schedule,0,0,0,0,0,0,0,0,0,0,0,0,0,0,0,0,No Line,0.0,none,-1,0,0,0,pre,Scheduled,Scheduled,,,,,,,,,,,,,0,,,,,,none,846645
846791,2026-04-29,19:30,2026,Olmecas de Tabasco,Conspiradores de Queretaro,,,,,statsapi_schedule,0,0,0,0,0,0,0,0,0,0,0,0,0,0,0,0,No Line,0.0,none,-1,0,0,0,pre,Scheduled,Scheduled,,,,,,,,,,,,,0,,,,,,none,846791
846834,2026-04-29,19:30,2026,Bravos de Leon,El Aguila de Veracruz,,,,,statsapi_schedule,0,0,0,0,0,0,0,0,0,0,0,0,0,0,0,0,No Line,0.0,none,-1,0,0,0,pre,Scheduled,Scheduled,,,,,,,,,,,,,0,,,,,,none,846834
846232,2026-04-29,20:00,2026,Dorados de Chihuahua,Charros de Jalisco,,,,,statsapi_schedule,0,0,0,0,0,0,0,0,0,0,0,0,0,0,0,0,No Line,0.0,none,-1,0,0,0,pre,Scheduled,Scheduled,,,,,,,,,,,,,0,,,,,,none,846232
846546,2026-04-30,19:00,2026,Piratas de Campeche,Diablos Rojos del Mexico,,,,,statsapi_schedule,0,0,0,0,0,0,0,0,0,0,0,0,0,0,0,0,No Line,0.0,none,-1,0,0,0,pre,Scheduled,Scheduled,,,,,,,,,,,,,0,,,,,,none,846546
846591,2026-04-30,19:00,2026,Pericos de Puebla,Guerreros de Oaxaca,,,,,statsapi_schedule,0,0,0,0,0,0,0,0,0,0,0,0,0,0,0,0,No Line,0.0,none,-1,0,0,0,pre,Scheduled,Scheduled,,,,,,,,,,,,,0,,,,,,none,846591
846131,2026-04-30,19:10,2026,Caliente de Durango,Toros de Tijuana,,,,,statsapi_schedule,0,0,0,0,0,0,0,0,0,0,0,0,0,0,0,0,No Line,0.0,none,-1,0,0,0,pre,Scheduled,Scheduled,,,,,,,,,,,,,0,,,,,,none,846131
846319,2026-04-30,19:30,2026,Sultanes de Monterrey,Tecos de los Dos Laredos,,,,,statsapi_schedule,0,0,0,0,0,0,0,0,0,0,0,0,0,0,0,0,No Line,0.0,none,-1,0,0,0,pre,Scheduled,Scheduled,,,,,,,,,,,,,0,,,,,,none,846319
846499,2026-04-30,19:30,2026,Rieleros de Aguascalientes,Acereros del Norte,,,,,statsapi_schedule,0,0,0,0,0,0,0,0,0,0,0,0,0,0,0,0,No Line,0.0,none,-1,0,0,0,pre,Scheduled,Scheduled,,,,,,,,,,,,,0,,,,,,none,846499
846646,2026-04-30,19:30,2026,Saraperos de Saltillo,Algodoneros Union Laguna,,,,,statsapi_schedule,0,0,0,0,0,0,0,0,0,0,0,0,0,0,0,0,No Line,0.0,none,-1,0,0,0,pre,Scheduled,Scheduled,,,,,,,,,,,,,0,,,,,,none,846646
846794,2026-04-30,19:30,2026,Olmecas de Tabasco,Conspiradores de Queretaro,,,,,statsapi_schedule,0,0,0,0,0,0,0,0,0,0,0,0,0,0,0,0,No Line,0.0,none,-1,0,0,0,pre,Scheduled,Scheduled,,,,,,,,,,,,,0,,,,,,none,846794
846837,2026-04-30,19:30,2026,Bravos de Leon,El Aguila de Veracruz,,,,,statsapi_schedule,0,0,0,0,0,0,0,0,0,0,0,0,0,0,0,0,No Line,0.0,none,-1,0,0,0,pre,Scheduled,Scheduled,,,,,,,,,,,,,0,,,,,,none,846837
846229,2026-04-30,20:00,2026,Dorados de Chihuahua,Charros de Jalisco,,,,,statsapi_schedule,0,0,0,0,0,0,0,0,0,0,0,0,0,0,0,0,No Line,0.0,none,-1,0,0,0,pre,Scheduled,Scheduled,,,,,,,,,,,,,0,,,,,,none,846229
846006,2026-05-01,19:00,2026,Conspiradores de Queretaro,Piratas de Campeche,,,,,statsapi_schedule,0,0,0,0,0,0,0,0,0,0,0,0,0,0,0,0,No Line,0.0,none,-1,0,0,0,pre,Scheduled,Scheduled,,,,,,,,,,,,,0,,,,,,none,846006
846045,2026-05-01,19:00,2026,El Aguila de Veracruz,Tigres de Quintana Roo,,,,,statsapi_schedule,0,0,0,0,0,0,0,0,0,0,0,0,0,0,0,0,No Line,0.0,none,-1,0,0,0,pre,Scheduled,Scheduled,,,,,,,,,,,,,0,,,,,,none,846045
846460,2026-05-01,19:00,2026,Diablos Rojos del Mexico,Guerreros de Oaxaca,,,,,statsapi_schedule,0,0,0,0,0,0,0,0,0,0,0,0,0,0,0,0,No Line,0.0,none,-1,0,0,0,pre,Scheduled,Scheduled,,,,,,,,,,,,,0,,,,,,none,846460
846324,2026-05-01,19:30,2026,Sultanes de Monterrey,Charros de Jalisco,,,,,statsapi_schedule,0,0,0,0,0,0,0,0,0,0,0,0,0,0,0,0,No Line,0.0,none,-1,0,0,0,pre,Scheduled,Scheduled,,,,,,,,,,,,,0,,,,,,none,846324
846650,2026-05-01,19:30,2026,Saraperos de Saltillo,Caliente de Durango,,,,,statsapi_schedule,0,0,0,0,0,0,0,0,0,0,0,0,0,0,0,0,No Line,0.0,none,-1,0,0,0,pre,Scheduled,Scheduled,,,,,,,,,,,,,0,,,,,,none,846650
846690,2026-05-01,19:30,2026,Leones de Yucatan,Pericos de Puebla,,,,,statsapi_schedule,0,0,0,0,0,0,0,0,0,0,0,0,0,0,0,0,No Line,0.0,none,-1,0,0,0,pre,Scheduled,Scheduled,,,,,,,,,,,,,0,,,,,,none,846690
846735,2026-05-01,19:30,2026,Algodoneros Union Laguna,Dorados de Chihuahua,,,,,statsapi_schedule,0,0,0,0,0,0,0,0,0,0,0,0,0,0,0,0,No Line,0.0,none,-1,0,0,0,pre,Scheduled,Scheduled,,,,,,,,,,,,,0,,,,,,none,846735
846790,2026-05-01,19:30,2026,Olmecas de Tabasco,Bravos de Leon,,,,,statsapi_schedule,0,0,0,0,0,0,0,0,0,0,0,0,0,0,0,0,No Line,0.0,none,-1,0,0,0,pre,Scheduled,Scheduled,,,,,,,,,,,,,0,,,,,,none,846790
846366,2026-05-01,19:45,2026,Acereros del Norte,Tecos de los Dos Laredos,,,,,statsapi_schedule,0,0,0,0,0,0,0,0,0,0,0,0,0,0,0,0,No Line,0.0,none,-1,0,0,0,pre,Scheduled,Scheduled,,,,,,,,,,,,,0,,,,,,none,846366
846090,2026-05-01,21:35,2026,Toros de Tijuana,Rieleros de Aguascalientes,,,,,statsapi_schedule,0,0,0,0,0,0,0,0,0,0,0,0,0,0,0,0,No Line,0.0,none,-1,0,0,0,pre,Scheduled,Scheduled,,,,,,,,,,,,,0,,,,,,none,846090
846463,2026-05-02,16:00,2026,Diablos Rojos del Mexico,Guerreros de Oaxaca,,,,,statsapi_schedule,0,0,0,0,0,0,0,0,0,0,0,0,0,0,0,0,No Line,0.0,none,-1,0,0,0,pre,Scheduled,Scheduled,,,,,,,,,,,,,0,,,,,,none,846463
846321,2026-05-02,17:00,2026,Sultanes de Monterrey,Charros de Jalisco,,,,,statsapi_schedule,0,0,0,0,0,0,0,0,0,0,0,0,0,0,0,0,No Line,0.0,none,-1,0,0,0,pre,Scheduled,Scheduled,,,,,,,,,,,,,0,,,,,,none,846321
846003,2026-05-02,18:00,2026,Conspiradores de Queretaro,Piratas de Campeche,,,,,statsapi_schedule,0,0,0,0,0,0,0,0,0,0,0,0,0,0,0,0,No Line,0.0,none,-1,0,0,0,pre,Scheduled,Scheduled,,,,,,,,,,,,,0,,,,,,none,846003
846041,2026-05-02,18:00,2026,El Aguila de Veracruz,Tigres de Quintana Roo,,,,,statsapi_schedule,0,0,0,0,0,0,0,0,0,0,0,0,0,0,0,0,No Line,0.0,none,-1,0,0,0,pre,Scheduled,Scheduled,,,,,,,,,,,,,0,,,,,,none,846041
846653,2026-05-02,18:00,2026,Saraperos de Saltillo,Caliente de Durango,,,,,statsapi_schedule,0,0,0,0,0,0,0,0,0,0,0,0,0,0,0,0,No Line,0.0,none,-1,0,0,0,pre,Scheduled,Scheduled,,,,,,,,,,,,,0,,,,,,none,846653
846740,2026-05-02,18:30,2026,Algodoneros Union Laguna,Dorados de Chihuahua,,,,,statsapi_schedule,0,0,0,0,0,0,0,0,0,0,0,0,0,0,0,0,No Line,0.0,none,-1,0,0,0,pre,Scheduled,Scheduled,,,,,,,,,,,,,0,,,,,,none,846740
846697,2026-05-02,19:00,2026,Leones de Yucatan,Pericos de Puebla,,,,,statsapi_schedule,0,0,0,0,0,0,0,0,0,0,0,0,0,0,0,0,No Line,0.0,none,-1,0,0,0,pre,Scheduled,Scheduled,,,,,,,,,,,,,0,,,,,,none,846697
846793,2026-05-02,19:00,2026,Olmecas de Tabasco,Bravos de Leon,,,,,statsapi_schedule,0,0,0,0,0,0,0,0,0,0,0,0,0,0,0,0,No Line,0.0,none,-1,0,0,0,pre,Scheduled,Scheduled,,,,,,,,,,,,,0,,,,,,none,846793
846370,2026-05-02,19:45,2026,Acereros del Norte,Tecos de los Dos Laredos,,,,,statsapi_schedule,0,0,0,0,0,0,0,0,0,0,0,0,0,0,0,0,No Line,0.0,none,-1,0,0,0,pre,Scheduled,Scheduled,,,,,,,,,,,,,0,,,,,,none,846370
846091,2026-05-02,20:05,2026,Toros de Tijuana,Rieleros de Aguascalientes,,,,,statsapi_schedule,0,0,0,0,0,0,0,0,0,0,0,0,0,0,0,0,No Line,0.0,none,-1,0,0,0,pre,Scheduled,Scheduled,,,,,,,,,,,,,0,,,,,,none,846091
846452,2026-05-03,14:00,2026,Diablos Rojos del Mexico,Guerreros de Oaxaca,,,,,statsapi_schedule,0,0,0,0,0,0,0,0,0,0,0,0,0,0,0,0,No Line,0.0,none,-1,0,0,0,pre,Scheduled,Scheduled,,,,,,,,,,,,,0,,,,,,none,846452
846001,2026-05-03,17:00,2026,Conspiradores de Queretaro,Piratas de Campeche,,,,,statsapi_schedule,0,0,0,0,0,0,0,0,0,0,0,0,0,0,0,0,No Line,0.0,none,-1,0,0,0,pre,Scheduled,Scheduled,,,,,,,,,,,,,0,,,,,,none,846001
846320,2026-05-03,17:00,2026,Sultanes de Monterrey,Charros de Jalisco,,,,,statsapi_schedule,0,0,0,0,0,0,0,0,0,0,0,0,0,0,0,0,No Line,0.0,none,-1,0,0,0,pre,Scheduled,Scheduled,,,,,,,,,,,,,0,,,,,,none,846320
846648,2026-05-03,17:00,2026,Saraperos de Saltillo,Caliente de Durango,,,,,statsapi_schedule,0,0,0,0,0,0,0,0,0,0,0,0,0,0,0,0,No Line,0.0,none,-1,0,0,0,pre,Scheduled,Scheduled,,,,,,,,,,,,,0,,,,,,none,846648
846040,2026-05-03,18:00,2026,El Aguila de Veracruz,Tigres de Quintana Roo,,,,,statsapi_schedule,0,0,0,0,0,0,0,0,0,0,0,0,0,0,0,0,No Line,0.0,none,-1,0,0,0,pre,Scheduled,Scheduled,,,,,,,,,,,,,0,,,,,,none,846040
846369,2026-05-03,18:00,2026,Acereros del Norte,Tecos de los Dos Laredos,,,,,statsapi_schedule,0,0,0,0,0,0,0,0,0,0,0,0,0,0,0,0,No Line,0.0,none,-1,0,0,0,pre,Scheduled,Scheduled,,,,,,,,,,,,,0,,,,,,none,846369
846694,2026-05-03,18:00,2026,Leones de Yucatan,Pericos de Puebla,,,,,statsapi_schedule,0,0,0,0,0,0,0,0,0,0,0,0,0,0,0,0,No Line,0.0,none,-1,0,0,0,pre,Scheduled,Scheduled,,,,,,,,,,,,,0,,,,,,none,846694
846792,2026-05-03,18:00,2026,Olmecas de Tabasco,Bravos de Leon,,,,,statsapi_schedule,0,0,0,0,0,0,0,0,0,0,0,0,0,0,0,0,No Line,0.0,none,-1,0,0,0,pre,Scheduled,Scheduled,,,,,,,,,,,,,0,,,,,,none,846792
846739,2026-05-03,18:30,2026,Algodoneros Union Laguna,Dorados de Chihuahua,,,,,statsapi_schedule,0,0,0,0,0,0,0,0,0,0,0,0,0,0,0,0,No Line,0.0,none,-1,0,0,0,pre,Scheduled,Scheduled,,,,,,,,,,,,,0,,,,,,none,846739
846089,2026-05-03,19:05,2026,Toros de Tijuana,Rieleros de Aguascalientes,,,,,statsapi_schedule,0,0,0,0,0,0,0,0,0,0,0,0,0,0,0,0,No Line,0.0,none,-1,0,0,0,pre,Scheduled,Scheduled,,,,,,,,,,,,,0,,,,,,none,846089
846642,2026-05-04,19:30,2026,Saraperos de Saltillo,Acereros del Norte,,,,,statsapi_schedule,0,0,0,0,0,0,0,0,0,0,0,0,0,0,0,0,No Line,0.0,none,-1,0,0,0,pre,Scheduled,Scheduled,,,,,,,,,,,,,0,,,,,,none,846642
846414,2026-05-05,17:30,2026,Tecos de los Dos Laredos,Caliente de Durango,,,,,statsapi_schedule,0,0,0,0,0,0,0,0,0,0,0,0,0,0,0,0,No Line,0.0,none,-1,0,0,0,pre,Scheduled,Scheduled,,,,,,,,,,,,,0,,,,,,none,846414
846000,2026-05-05,19:00,2026,Conspiradores de Queretaro,Guerreros de Oaxaca,,,,,statsapi_schedule,0,0,0,0,0,0,0,0,0,0,0,0,0,0,0,0,No Line,0.0,none,-1,0,0,0,pre,Scheduled,Scheduled,,,,,,,,,,,,,0,,,,,,none,846000
846453,2026-05-05,19:00,2026,Diablos Rojos del Mexico,El Aguila de Veracruz,,,,,statsapi_schedule,0,0,0,0,0,0,0,0,0,0,0,0,0,0,0,0,No Line,0.0,none,-1,0,0,0,pre,Scheduled,Scheduled,,,,,,,,,,,,,0,,,,,,none,846453
846594,2026-05-05,19:00,2026,Pericos de Puebla,Tigres de Quintana Roo,,,,,statsapi_schedule,0,0,0,0,0,0,0,0,0,0,0,0,0,0,0,0,No Line,0.0,none,-1,0,0,0,pre,Scheduled,Scheduled,,,,,,,,,,,,,0,,,,,,none,846594
845956,2026-05-05,19:30,2026,Charros de Jalisco,Algodoneros Union Laguna,,,,,statsapi_schedule,0,0,0,0,0,0,0,0,0,0,0,0,0,0,0,0,No Line,0.0,none,-1,0,0,0,pre,Scheduled,Scheduled,,,,,,,,,,,,,0,,,,,,none,845956
846497,2026-05-05,19:30,2026,Rieleros de Aguascalientes,Dorados de Chihuahua,,,,,statsapi_schedule,0,0,0,0,0,0,0,0,0,0,0,0,0,0,0,0,No Line,0.0,none,-1,0,0,0,pre,Scheduled,Scheduled,,,,,,,,,,,,,0,,,,,,none,846497
846641,2026-05-05,19:30,2026,Saraperos de Saltillo,Acereros del Norte,,,,,statsapi_schedule,0,0,0,0,0,0,0,0,0,0,0,0,0,0,0,0,No Line,0.0,none,-1,0,0,0,pre,Scheduled,Scheduled,,,,,,,,,,,,,0,,,,,,none,846641
846789,2026-05-05,19:30,2026,Olmecas de Tabasco,Leones de Yucatan,,,,,statsapi_schedule,0,0,0,0,0,0,0,0,0,0,0,0,0,0,0,0,No Line,0.0,none,-1,0,0,0,pre,Scheduled,Scheduled,,,,,,,,,,,,,0,,,,,,none,846789
846838,2026-05-05,19:30,2026,Bravos de Leon,Piratas de Campeche,,,,,statsapi_schedule,0,0,0,0,0,0,0,0,0,0,0,0,0,0,0,0,No Line,0.0,none,-1,0,0,0,pre,Scheduled,Scheduled,,,,,,,,,,,,,0,,,,,,none,846838
846096,2026-05-05,21:35,2026,Toros de Tijuana,Sultanes de Monterrey,,,,,statsapi_schedule,0,0,0,0,0,0,0,0,0,0,0,0,0,0,0,0,No Line,0.0,none,-1,0,0,0,pre,Scheduled,Scheduled,,,,,,,,,,,,,0,,,,,,none,846096
846410,2026-05-06,18:00,2026,Tecos de los Dos Laredos,Caliente de Durango,,,,,statsapi_schedule,0,0,0,0,0,0,0,0,0,0,0,0,0,0,0,0,No Line,0.0,none,-1,0,0,0,pre,Scheduled,Scheduled,,,,,,,,,,,,,0,,,,,,none,846410
846002,2026-05-06,19:00,2026,Conspiradores de Queretaro,Guerreros de Oaxaca,,,,,statsapi_schedule,0,0,0,0,0,0,0,0,0,0,0,0,0,0,0,0,No Line,0.0,none,-1,0,0,0,pre,Scheduled,Scheduled,,,,,,,,,,,,,0,,,,,,none,846002
846455,2026-05-06,19:00,2026,Diablos Rojos del Mexico,El Aguila de Veracruz,,,,,statsapi_schedule,0,0,0,0,0,0,0,0,0,0,0,0,0,0,0,0,No Line,0.0,none,-1,0,0,0,pre,Scheduled,Scheduled,,,,,,,,,,,,,0,,,,,,none,846455
846595,2026-05-06,19:00,2026,Pericos de Puebla,Tigres de Quintana Roo,,,,,statsapi_schedule,0,0,0,0,0,0,0,0,0,0,0,0,0,0,0,0,No Line,0.0,none,-1,0,0,0,pre,Scheduled,Scheduled,,,,,,,,,,,,,0,,,,,,none,846595
845954,2026-05-06,19:30,2026,Charros de Jalisco,Algodoneros Union Laguna,,,,,statsapi_schedule,0,0,0,0,0,0,0,0,0,0,0,0,0,0,0,0,No Line,0.0,none,-1,0,0,0,pre,Scheduled,Scheduled,,,,,,,,,,,,,0,,,,,,none,845954
846504,2026-05-06,19:30,2026,Rieleros de Aguascalientes,Dorados de Chihuahua,,,,,statsapi_schedule,0,0,0,0,0,0,0,0,0,0,0,0,0,0,0,0,No Line,0.0,none,-1,0,0,0,pre,Scheduled,Scheduled,,,,,,,,,,,,,0,,,,,,none,846504
846644,2026-05-06,19:30,2026,Saraperos de Saltillo,Acereros del Norte,,,,,statsapi_schedule,0,0,0,0,0,0,0,0,0,0,0,0,0,0,0,0,No Line,0.0,none,-1,0,0,0,pre,Scheduled,Scheduled,,,,,,,,,,,,,0,,,,,,none,846644
846788,2026-05-06,19:30,2026,Olmecas de Tabasco,Leones de Yucatan,,,,,statsapi_schedule,0,0,0,0,0,0,0,0,0,0,0,0,0,0,0,0,No Line,0.0,none,-1,0,0,0,pre,Scheduled,Scheduled,,,,,,,,,,,,,0,,,,,,none,846788
846833,2026-05-06,19:30,2026,Bravos de Leon,Piratas de Campeche,,,,,statsapi_schedule,0,0,0,0,0,0,0,0,0,0,0,0,0,0,0,0,No Line,0.0,none,-1,0,0,0,pre,Scheduled,Scheduled,,,,,,,,,,,,,0,,,,,,none,846833
846087,2026-05-06,21:35,2026,Toros de Tijuana,Sultanes de Monterrey,,,,,statsapi_schedule,0,0,0,0,0,0,0,0,0,0,0,0,0,0,0,0,No Line,0.0,none,-1,0,0,0,pre,Scheduled,Scheduled,,,,,,,,,,,,,0,,,,,,none,846087
