game_id,date,time,season,home_team,away_team,home_score,away_score,home_corners,away_corners,total_corners,goal_diff,total_goals,is_draw,home_win,away_win,attendance,venue,odds_details,odds_over_under,odds_data_quality,shootout,status_completed,status_state,status_description,status_detail,bookmaker,region,snapshot_date,home_price,draw_price,away_price,home_moneyline_odds,away_moneyline_odds,closing_moneyline_odds
746670,2026-04-10,11:00,2026,PSG,ASM,4,1,1,11,12,3,5,0,1,0,0,Stade Jean Bouin,N/A,0.0,fallback,0,1,post,,,,,,,,,,,
746661,2026-04-05,12:45,2026,ASM,OM,2,1,0,8,8,1,3,0,1,0,10495,Stade Louis II,N/A,0.0,fallback,0,1,post,,,FanDuel,us,2026-04-05T09:00:00.000Z,2.1,3.6,3.2,2.1,3.2,2.1
746663,2026-04-05,09:15,2026,FCL,PSG,1,1,5,6,11,0,2,1,0,0,16211,Stade du Moustoir - Yves Allainmat,N/A,0.0,fallback,0,1,post,,,,,,,,,,,
746660,2026-04-05,09:15,2026,FCM,FCN,0,0,6,3,9,0,0,1,0,0,20591,Stade Saint-Symphorien,N/A,0.0,fallback,0,1,post,,,FanDuel,us,2026-04-05T09:00:00.000Z,3.0,3.2,2.4,3.0,2.4,2.4
746657,2026-04-05,09:15,2026,HAC,AJA,1,1,5,5,10,0,2,1,0,0,21053,Stade Océane,N/A,0.0,fallback,0,1,post,,,FanDuel,us,2026-04-05T09:00:00.000Z,2.45,3.0,3.1,2.45,3.1,2.45
746655,2026-04-05,07:00,2026,SCO,OL,0,0,3,7,10,0,0,1,0,0,14674,Stade Raymond Kopa,N/A,0.0,fallback,0,1,post,,,FanDuel,us,2026-04-05T09:00:00.000Z,5.3,3.7,1.69,5.3,1.69,1.69
746659,2026-04-04,13:05,2026,LOSC,RCL,3,0,3,3,6,3,3,0,1,0,48491,Decathlon Arena - Stade Pierre-Mauroy,,0.0,fallback,0,1,post,,,FanDuel,us,2026-04-04T11:00:00.000Z,2.9,3.3,2.45,2.9,2.45,2.45
746656,2026-04-04,11:00,2026,SB29,REN,3,4,3,7,10,-1,7,0,0,1,15031,Stade Francis-Le Blé,,0.0,fallback,0,1,post,,,FanDuel,us,2026-04-04T11:00:00.000Z,3.0,3.5,2.3,3.0,2.3,2.3
746658,2026-04-04,09:00,2026,RCSA,OGCN,3,1,4,10,14,2,4,0,1,0,29000,Stade de la Meinau,,0.0,fallback,0,1,post,,,FanDuel,us,2026-04-04T11:00:00.000Z,1.91,3.6,3.9,1.91,3.9,1.91
746662,2026-04-03,12:45,2026,PSG,TFC,3,1,5,2,7,2,4,0,1,0,47710,Parc des Princes,,0.0,fallback,0,1,post,,,FanDuel,us,2026-04-03T14:45:00.000Z,1.25,6.0,10.0,1.25,10.0,1.25
746650,2026-03-22,13:45,2026,FCN,RCSA,2,3,3,6,9,-1,5,0,0,1,21878,Stade de la Beaujoire,,0.0,fallback,0,1,post,,,Fanatics,us,2026-03-22T10:00:00.000Z,3.6,3.5,2.0,3.6,2.0,2.0
746653,2026-03-22,10:15,2026,REN,FCM,0,0,8,2,10,0,0,1,0,0,28206,Roazhon Park,,0.0,fallback,0,1,post,,,BetMGM,us,2026-03-22T10:00:00.000Z,1.33,5.5,8.5,1.33,8.5,1.33
746652,2026-03-22,10:15,2026,PSG,HAC,3,2,9,5,14,1,5,0,1,0,15612,Stade Jean Bouin,,0.0,fallback,0,1,post,,,,,,,,,,,
746649,2026-03-22,10:15,2026,OM,LOSC,1,2,6,4,10,-1,3,0,0,1,59865,Stade Vélodrome,,0.0,fallback,0,1,post,,,BetMGM,us,2026-03-22T10:00:00.000Z,1.87,3.75,3.8,1.87,3.8,1.87
746648,2026-03-22,08:00,2026,OL,ASM,1,2,2,6,8,-1,3,0,0,1,56039,Groupama Stadium,,0.0,fallback,0,1,post,,,BetMGM,us,2026-03-22T10:00:00.000Z,2.8,3.4,2.45,2.8,2.45,2.45
746651,2026-03-21,14:05,2026,OGCN,PSG,0,4,2,5,7,-4,4,0,0,1,28815,Allianz Riviera,,0.0,fallback,0,1,post,,,BetMGM,us,2026-03-21T12:00:00.000Z,5.75,4.8,1.5,5.75,1.5,1.5
746646,2026-03-21,12:00,2026,AJA,SB29,3,0,6,3,9,3,3,0,1,0,15336,Stade de l'Abbé-Deschamps,,0.0,fallback,0,1,post,,,Fanatics,us,2026-03-21T12:00:00.000Z,2.35,3.2,3.2,2.35,3.2,2.35
746654,2026-03-21,10:00,2026,TFC,FCL,1,0,1,4,5,1,1,0,1,0,23011,Stadium Municipal de Toulouse,,0.0,fallback,0,1,post,,,BetMGM,us,2026-03-21T12:00:00.000Z,1.87,3.3,4.5,1.87,4.5,1.87
746647,2026-03-20,13:45,2026,RCL,SCO,5,1,7,3,10,4,6,0,1,0,37303,Stade Bollaert-Delelis,,0.0,fallback,0,1,post,,,Fanatics,us,2026-03-20T15:45:00.000Z,1.2,6.5,13.0,1.2,13.0,1.2
746644,2026-03-15,13:45,2026,REN,LOSC,1,2,5,2,7,-1,3,0,0,1,28219,Roazhon Park,,0.0,fallback,0,1,post,,,FanDuel,us,2026-03-15T10:00:00.000Z,2.2,3.4,3.2,2.2,3.2,2.2
746641,2026-03-15,10:15,2026,FCM,TFC,3,4,4,4,8,-1,7,0,0,1,19760,Stade Saint-Symphorien,,0.0,fallback,0,1,post,,,FanDuel,us,2026-03-15T10:00:00.000Z,4.0,3.3,1.95,4.0,1.95,1.95
746638,2026-03-15,10:15,2026,HAC,OL,0,0,2,2,4,0,0,1,0,0,22264,Stade Océane,,0.0,fallback,0,1,post,,,FanDuel,us,2026-03-15T10:00:00.000Z,3.8,3.4,2.05,3.8,2.05,2.05
746645,2026-03-15,08:00,2026,RCSA,PSG,0,0,12,4,16,0,0,1,0,0,29865,Stade de la Meinau,,0.0,fallback,0,1,post,,,,,,,,,,,
746642,2026-03-14,14:05,2026,ASM,SB29,2,0,3,8,11,2,2,0,1,0,5288,Stade Louis II,,0.0,fallback,0,1,post,,,FanDuel,us,2026-03-14T12:00:00.000Z,1.62,4.1,5.1,1.62,5.1,1.62
746637,2026-03-14,12:00,2026,SCO,OGCN,0,2,7,6,13,-2,2,0,0,1,12709,Stade Raymond Kopa,,0.0,fallback,0,1,post,,,FanDuel,us,2026-03-14T12:00:00.000Z,3.3,3.1,2.3,3.3,2.3,2.3
746639,2026-03-14,10:00,2026,FCL,RCL,2,1,1,10,11,1,3,0,1,0,15942,Stade du Moustoir - Yves Allainmat,,0.0,fallback,0,1,post,,,Fanatics,us,2026-03-14T12:00:00.000Z,5.0,4.0,1.69,5.0,1.69,1.69
746640,2026-03-13,13:45,2026,OM,AJA,1,0,9,2,11,1,1,0,1,0,55766,Stade Vélodrome,,0.0,fallback,0,1,post,,,FanDuel,us,2026-03-13T15:45:00.000Z,1.42,4.8,7.0,1.42,7.0,1.42
746632,2026-03-08,13:45,2026,OL,PSG,1,1,8,2,10,0,2,1,0,0,42148,Groupama Stadium,,0.0,fallback,0,1,post,,,,,,,,,,,
746634,2026-03-08,10:15,2026,OGCN,REN,0,4,7,1,8,-4,4,0,0,1,21134,Allianz Riviera,,0.0,fallback,0,1,post,,,FanDuel,us,2026-03-08T10:00:00.000Z,2.7,3.5,2.5,2.7,2.5,2.5
746631,2026-03-08,10:15,2026,LOSC,FCL,1,1,5,1,6,0,2,1,0,0,42082,Decathlon Arena - Stade Pierre-Mauroy,,0.0,fallback,0,1,post,,,Fanatics,us,2026-03-08T10:00:00.000Z,1.53,4.1,6.0,1.53,6.0,1.53
746629,2026-03-08,10:15,2026,SB29,HAC,2,0,1,3,4,2,2,0,1,0,14601,Stade Francis-Le Blé,,0.0,fallback,0,1,post,,,FanDuel,us,2026-03-08T10:00:00.000Z,1.87,3.5,4.2,1.87,4.2,1.87
746630,2026-03-08,08:00,2026,RCL,FCM,3,0,6,4,10,3,3,0,1,0,37381,Stade Bollaert-Delelis,,0.0,fallback,0,1,post,,,FanDuel,us,2026-03-08T10:00:00.000Z,1.25,6.0,10.0,1.25,10.0,1.25
746636,2026-03-07,14:05,2026,TFC,OM,0,1,4,2,6,-1,1,0,0,1,31788,Stadium Municipal de Toulouse,,0.0,fallback,0,1,post,,,FanDuel,us,2026-03-07T12:00:00.000Z,3.2,3.5,2.15,3.2,2.15,2.15
746628,2026-03-07,12:00,2026,AJA,RCSA,0,0,5,4,9,0,0,1,0,0,16237,Stade de l'Abbé-Deschamps,,0.0,fallback,0,1,post,,,FanDuel,us,2026-03-07T12:00:00.000Z,4.1,3.4,1.91,4.1,1.91,1.91
746633,2026-03-07,10:00,2026,FCN,SCO,0,1,3,4,7,-1,1,0,0,1,25042,Stade de la Beaujoire,,0.0,fallback,0,1,post,,,FanDuel,us,2026-03-07T12:00:00.000Z,2.3,3.0,3.5,2.3,3.5,2.3
746635,2026-03-06,13:45,2026,PSG,ASM,1,3,7,3,10,-2,4,0,0,1,46806,Parc des Princes,,0.0,fallback,0,1,post,,,FanDuel,us,2026-03-06T15:45:00.000Z,1.32,5.7,7.5,1.32,7.5,1.32
746623,2026-03-01,13:45,2026,OM,OL,3,2,8,1,9,1,5,0,1,0,66225,Stade Vélodrome,,0.0,fallback,0,1,post,,,FanDuel,us,2026-03-01T10:00:00.000Z,2.0,3.5,3.6,2.0,3.6,2.0
746627,2026-03-01,10:15,2026,FCM,SB29,0,1,12,4,16,-1,1,0,0,1,19705,Stade Saint-Symphorien,,0.0,fallback,0,1,post,,,FanDuel,us,2026-03-01T10:00:00.000Z,3.4,3.3,2.15,3.4,2.15,2.15
746621,2026-03-01,10:15,2026,FCL,AJA,2,2,3,7,10,0,4,1,0,0,16071,Stade du Moustoir - Yves Allainmat,,0.0,fallback,0,1,post,,,FanDuel,us,2026-03-01T10:00:00.000Z,2.05,3.2,3.8,2.05,3.8,2.05
746620,2026-03-01,10:15,2026,LOSC,FCN,1,0,4,1,5,1,1,0,1,0,39161,Decathlon Arena - Stade Pierre-Mauroy,,0.0,fallback,0,1,post,,,FanDuel,us,2026-03-01T10:00:00.000Z,1.5,4.3,6.5,1.5,6.5,1.5
746625,2026-03-01,08:00,2026,PSG,OGCN,1,0,8,6,14,1,1,0,1,0,14879,Stade Jean Bouin,,0.0,fallback,0,1,post,,,,,,,,,,,
746619,2026-02-28,14:05,2026,HAC,PSG,0,1,3,3,6,-1,1,0,0,1,23569,Stade Océane,,0.0,fallback,0,1,post,,,FanDuel,us,2026-02-28T12:00:00.000Z,8.5,6.0,1.27,8.5,1.27,1.27
746624,2026-02-28,12:00,2026,ASM,SCO,2,0,5,2,7,2,2,0,1,0,5186,Stade Louis II,,0.0,fallback,0,1,post,,,FanDuel,us,2026-02-28T12:00:00.000Z,1.45,4.4,7.0,1.45,7.0,1.45
746626,2026-02-28,10:00,2026,REN,TFC,1,0,6,1,7,1,1,0,1,0,28060,Roazhon Park,,0.0,fallback,0,1,post,,,FanDuel,us,2026-02-28T12:00:00.000Z,1.95,3.5,3.8,1.95,3.8,1.95
746622,2026-02-27,13:45,2026,RCSA,RCL,1,1,2,8,10,0,2,1,0,0,29000,Stade de la Meinau,,0.0,fallback,0,1,post,,,FanDuel,us,2026-02-27T15:45:00.000Z,2.25,3.5,3.0,2.25,3.0,2.25
746618,2026-02-22,13:45,2026,RCSA,OL,3,1,4,2,6,2,4,0,1,0,29000,Stade de la Meinau,,0.0,fallback,0,1,post,,,FanDuel,us,2026-02-22T10:00:00.000Z,2.2,3.5,3.1,2.2,3.1,2.2
746616,2026-02-22,10:15,2026,OGCN,FCL,3,3,3,7,10,0,6,1,0,0,18083,Allianz Riviera,,0.0,fallback,0,1,post,,,FanDuel,us,2026-02-22T10:00:00.000Z,2.1,3.5,3.4,2.1,3.4,2.1
746615,2026-02-22,10:15,2026,FCN,HAC,2,0,5,6,11,2,2,0,1,0,23341,Stade de la Beaujoire,,0.0,fallback,0,1,post,,,FanDuel,us,2026-02-22T10:00:00.000Z,2.35,3.1,3.1,2.35,3.1,2.35
746611,2026-02-22,10:15,2026,SCO,LOSC,0,1,1,7,8,-1,1,0,0,1,0,Stade Raymond Kopa,,0.0,fallback,0,1,post,,,FanDuel,us,2026-02-22T10:00:00.000Z,4.8,3.6,1.74,4.8,1.74,1.74
746612,2026-02-22,08:00,2026,AJA,REN,0,3,4,5,9,-3,3,0,0,1,15894,Stade de l'Abbé-Deschamps,,0.0,fallback,0,1,post,,,FanDuel,us,2026-02-22T10:00:00.000Z,3.0,3.3,2.35,3.0,2.35,2.35
746617,2026-02-21,14:05,2026,PSG,FCM,3,0,4,1,5,3,3,0,1,0,46841,Parc des Princes,,0.0,fallback,0,1,post,,,FanDuel,us,2026-02-21T12:00:00.000Z,1.12,8.5,15.0,1.12,15.0,1.12
746610,2026-02-21,12:00,2026,TFC,PSG,1,1,12,3,15,0,2,1,0,0,23200,Stadium Municipal de Toulouse,,0.0,fallback,0,1,post,,,,,,,,,,,
746614,2026-02-21,10:00,2026,RCL,ASM,2,3,7,2,9,-1,5,0,0,1,37727,Stade Bollaert-Delelis,,0.0,fallback,0,1,post,,,FanDuel,us,2026-02-21T12:00:00.000Z,1.67,4.3,4.5,1.67,4.5,1.67
746613,2026-02-20,13:45,2026,SB29,OM,2,0,3,2,5,2,2,0,1,0,14482,Stade Francis-Le Blé,,0.0,fallback,0,1,post,,,FanDuel,us,2026-02-20T15:45:00.000Z,3.9,3.7,1.87,3.9,1.87,1.87
746606,2026-02-15,13:45,2026,OL,OGCN,2,0,8,5,13,2,2,0,1,0,48618,Groupama Stadium,,0.0,fallback,0,1,post,,,FanDuel,us,2026-02-15T10:00:00.000Z,1.77,3.7,4.5,1.77,4.5,1.77
746608,2026-02-15,10:15,2026,FCM,AJA,1,3,4,3,7,-2,4,0,0,1,22931,Stade Saint-Symphorien,,0.0,fallback,0,1,post,,,FanDuel,us,2026-02-15T10:00:00.000Z,3.1,3.0,2.5,3.1,2.5,2.5
746605,2026-02-15,10:15,2026,FCL,SCO,2,0,3,2,5,2,2,0,1,0,13720,Stade du Moustoir - Yves Allainmat,,0.0,fallback,0,1,post,,,FanDuel,us,2026-02-15T10:00:00.000Z,1.95,3.1,4.6,1.95,4.6,1.95
746603,2026-02-15,08:00,2026,HAC,TFC,2,1,1,10,11,1,3,0,1,0,18345,Stade Océane,,0.0,fallback,0,1,post,,,FanDuel,us,2026-02-15T10:00:00.000Z,3.1,3.1,2.4,3.1,2.4,2.4
746602,2026-02-14,14:05,2026,PSG,RCL,0,5,3,5,8,-5,5,0,0,1,17536,Stade Jean Bouin,,0.0,fallback,0,1,post,,,,,,,,,,,
746604,2026-02-14,12:00,2026,LOSC,SB29,1,1,13,1,14,0,2,1,0,0,44145,Decathlon Arena - Stade Pierre-Mauroy,,0.0,fallback,0,1,post,,,Bovada,us,2026-02-14T12:00:00.000Z,1.65,3.75,5.2,1.65,5.2,1.65
746607,2026-02-14,10:00,2026,OM,RCSA,2,2,5,5,10,0,4,1,0,0,59238,Stade Vélodrome,,0.0,fallback,0,1,post,,,Bovada,us,2026-02-14T12:00:00.000Z,1.79,3.9,4.0,1.79,4.0,1.79
746609,2026-02-13,14:05,2026,ASM,FCN,3,1,9,3,12,2,4,0,1,0,5237,Stade Louis II,,0.0,fallback,0,1,post,,,Bovada,us,2026-02-13T14:00:00.000Z,1.46,4.65,6.0,1.46,6.0,1.46
746601,2026-02-13,12:00,2026,REN,PSG,3,1,5,8,13,2,4,0,1,0,28545,Roazhon Park,,0.0,fallback,0,1,post,,,BetRivers,us,2026-02-13T14:00:00.000Z,6.5,5.1,1.41,6.5,1.41,1.41
746595,2026-02-08,13:45,2026,PSG,OM,5,0,5,2,7,5,5,0,1,0,47926,Parc des Princes,,0.0,fallback,0,1,post,,,FanDuel,us,2026-02-08T10:00:00.000Z,1.45,5.0,6.0,1.45,6.0,1.45
746600,2026-02-08,10:15,2026,HAC,RCSA,2,1,9,3,12,1,3,0,1,0,18014,Stade Océane,,0.0,fallback,0,1,post,,,FanDuel,us,2026-02-08T10:00:00.000Z,4.3,3.6,1.83,4.3,1.83,1.83
746593,2026-02-08,10:15,2026,AJA,PSG,0,0,7,4,11,0,0,1,0,0,15834,Stade de l'Abbé-Deschamps,,0.0,fallback,0,1,post,,,,,,,,,,,
746592,2026-02-08,10:15,2026,SCO,TFC,1,0,3,5,8,1,1,0,1,0,11237,Stade Raymond Kopa,,0.0,fallback,0,1,post,,,FanDuel,us,2026-02-08T10:00:00.000Z,3.7,3.3,2.1,3.7,2.1,2.1
746599,2026-02-08,08:00,2026,OGCN,ASM,0,0,8,6,14,0,0,1,0,0,24243,Allianz Riviera,,0.0,fallback,0,1,post,,,FanDuel,us,2026-02-08T10:00:00.000Z,3.2,3.8,2.1,3.2,2.1,2.1
746598,2026-02-07,14:05,2026,FCN,OL,0,1,5,4,9,-1,1,0,0,1,30849,Stade de la Beaujoire,,0.0,fallback,0,1,post,,,FanDuel,us,2026-02-07T12:00:00.000Z,4.9,3.7,1.71,4.9,1.71,1.71
746594,2026-02-07,12:00,2026,SB29,FCL,2,0,7,7,14,2,2,0,1,0,14944,Stade Francis-Le Blé,,0.0,fallback,0,1,post,,,FanDuel,us,2026-02-07T12:00:00.000Z,2.35,3.2,3.2,2.35,3.2,2.35
746596,2026-02-07,10:00,2026,RCL,REN,3,1,4,4,8,2,4,0,1,0,38174,Stade Bollaert-Delelis,,0.0,fallback,0,1,post,,,FanDuel,us,2026-02-07T12:00:00.000Z,1.59,4.4,5.1,1.59,5.1,1.59
746597,2026-02-06,13:45,2026,FCM,LOSC,0,0,1,6,7,0,0,1,0,0,20378,Stade Saint-Symphorien,,0.0,fallback,0,1,post,,,FanDuel,us,2026-02-06T15:45:00.000Z,6.0,4.2,1.54,6.0,1.54,1.54
746591,2026-02-01,13:45,2026,RCSA,PSG,1,2,5,7,12,-1,3,0,0,1,31324,Stade de la Meinau,,0.0,fallback,0,1,post,,,FanDuel,us,2026-02-01T10:00:00.000Z,5.2,4.4,1.59,5.2,1.59,1.59
746590,2026-02-01,10:15,2026,SCO,FCM,1,0,4,3,7,1,1,0,1,0,10336,Stade Raymond Kopa,,0.0,fallback,0,1,post,,,FanDuel,us,2026-02-01T10:00:00.000Z,2.2,3.2,3.4,2.2,3.4,2.2
746588,2026-02-01,10:15,2026,TFC,AJA,0,0,5,4,9,0,0,1,0,0,23704,Stadium Municipal de Toulouse,,0.0,fallback,0,1,post,,,FanDuel,us,2026-02-01T10:00:00.000Z,1.77,3.4,5.3,1.77,5.3,1.77
746585,2026-02-01,10:15,2026,OGCN,SB29,2,2,6,5,11,0,4,1,0,0,18757,Allianz Riviera,,0.0,fallback,0,1,post,,,FanDuel,us,2026-02-01T10:00:00.000Z,2.15,3.3,3.4,2.15,3.4,2.15
746583,2026-02-01,08:00,2026,OL,LOSC,1,0,2,7,9,1,1,0,1,0,56150,Groupama Stadium,,0.0,fallback,0,1,post,,,FanDuel,us,2026-02-01T10:00:00.000Z,2.05,3.5,3.6,2.05,3.6,2.05
746584,2026-01-31,14:05,2026,ASM,REN,4,0,5,2,7,4,4,0,1,0,5319,Stade Louis II,,0.0,fallback,0,1,post,,,FanDuel,us,2026-01-31T12:00:00.000Z,1.91,3.9,3.7,1.91,3.7,1.91
746587,2026-01-31,12:00,2026,FCL,FCN,2,1,1,4,5,1,3,0,1,0,14237,Stade du Moustoir - Yves Allainmat,,0.0,fallback,0,1,post,,,FanDuel,us,2026-01-31T12:00:00.000Z,1.91,3.4,4.2,1.91,4.2,1.91
746586,2026-01-31,10:00,2026,PSG,OM,2,2,4,4,8,0,4,1,0,0,19209,Stade Jean Bouin,,0.0,fallback,0,1,post,,,,,,,,,,,
746589,2026-01-30,13:45,2026,RCL,HAC,1,0,4,3,7,1,1,0,1,0,38158,Stade Bollaert-Delelis,,0.0,fallback,0,1,post,,,FanDuel,us,2026-01-30T15:45:00.000Z,1.38,4.9,7.5,1.38,7.5,1.38
746577,2026-01-25,13:45,2026,LOSC,RCSA,1,4,8,1,9,-3,5,0,0,1,38551,Decathlon Arena - Stade Pierre-Mauroy,,0.0,fallback,0,1,post,,,FanDuel,us,2026-01-25T10:00:00.000Z,2.3,3.4,3.0,2.3,3.0,2.3
746581,2026-01-25,10:15,2026,PSG,SCO,0,0,2,1,3,0,0,1,0,0,15003,Stade Jean Bouin,,0.0,fallback,0,1,post,,,,,,,,,,,
746579,2026-01-25,10:15,2026,FCM,OL,2,5,6,4,10,-3,7,0,0,1,28244,Stade Saint-Symphorien,,0.0,fallback,0,1,post,,,Bovada,us,2026-01-25T10:00:00.000Z,4.55,3.9,1.69,4.55,1.69,1.69
746575,2026-01-25,10:15,2026,SB29,TFC,0,2,3,3,6,-2,2,0,0,1,13823,Stade Francis-Le Blé,,0.0,fallback,0,1,post,,,FanDuel,us,2026-01-25T10:00:00.000Z,2.8,2.85,2.75,2.8,2.75,2.75
746580,2026-01-25,08:00,2026,FCN,OGCN,1,4,4,2,6,-3,5,0,0,1,23112,Stade de la Beaujoire,,0.0,fallback,0,1,post,,,FanDuel,us,2026-01-25T10:00:00.000Z,2.85,3.4,2.4,2.85,2.4,2.4
746578,2026-01-24,14:05,2026,OM,RCL,3,1,2,2,4,2,4,0,1,0,52673,Stade Vélodrome,,0.0,fallback,0,1,post,,,FanDuel,us,2026-01-24T12:00:00.000Z,1.91,3.8,3.7,1.91,3.7,1.91
746576,2026-01-24,12:00,2026,HAC,ASM,0,0,5,6,11,0,0,1,0,0,19033,Stade Océane,,0.0,fallback,0,1,post,,,FanDuel,us,2026-01-24T12:00:00.000Z,4.3,3.8,1.8,4.3,1.8,1.8
746582,2026-01-24,10:00,2026,REN,FCL,0,2,9,3,12,-2,2,0,0,1,28659,Roazhon Park,,0.0,fallback,0,1,post,,,FanDuel,us,2026-01-24T12:00:00.000Z,1.74,3.8,4.8,1.74,4.8,1.74
746574,2026-01-23,13:00,2026,AJA,PSG,0,1,2,7,9,-1,1,0,0,1,17254,Stade de l'Abbé-Deschamps,,0.0,fallback,0,1,post,,,FanDuel,us,2026-01-23T15:00:00.000Z,9.0,5.8,1.27,9.0,1.27,1.27
746567,2026-01-18,13:45,2026,OL,SB29,2,1,5,0,5,1,3,0,1,0,46046,Groupama Stadium,,0.0,fallback,0,1,post,,,FanDuel,us,2026-01-18T10:00:00.000Z,1.62,3.9,5.4,1.62,5.4,1.62
746571,2026-01-18,10:15,2026,REN,HAC,1,1,10,6,16,0,2,1,0,0,27650,Roazhon Park,,0.0,fallback,0,1,post,,,FanDuel,us,2026-01-18T10:00:00.000Z,1.67,4.0,5.1,1.67,5.1,1.67
746569,2026-01-18,10:15,2026,FCN,PSG,1,2,1,2,3,-1,3,0,0,1,24768,Stade de la Beaujoire,,0.0,fallback,0,1,post,,,,,,,,,,,
746572,2026-01-18,08:00,2026,RCSA,FCM,2,1,4,1,5,1,3,0,1,0,30612,Stade de la Meinau,,0.0,fallback,0,1,post,,,FanDuel,us,2026-01-18T10:00:00.000Z,1.4,4.7,7.5,1.4,7.5,1.4
746565,2026-01-17,14:05,2026,SCO,OM,2,5,6,2,8,-3,7,0,0,1,15266,Stade Raymond Kopa,,0.0,fallback,0,1,post,,,FanDuel,us,2026-01-17T12:00:00.000Z,6.0,4.1,1.54,6.0,1.54,1.54
746573,2026-01-17,12:00,2026,TFC,OGCN,5,1,6,7,13,4,6,0,1,0,25284,Stadium Municipal de Toulouse,,0.0,fallback,0,1,post,,,FanDuel,us,2026-01-17T12:00:00.000Z,2.0,3.5,3.8,2.0,3.8,2.0
746566,2026-01-17,10:00,2026,RCL,AJA,1,0,2,5,7,1,1,0,1,0,38083,Stade Bollaert-Delelis,,0.0,fallback,0,1,post,,,FanDuel,us,2026-01-17T12:00:00.000Z,1.42,4.4,8.0,1.42,8.0,1.42
746570,2026-01-16,14:00,2026,PSG,LOSC,3,0,4,2,6,3,3,0,1,0,46909,Parc des Princes,,0.0,fallback,0,1,post,,,FanDuel,us,2026-01-16T14:00:00.000Z,1.29,5.8,8.0,1.29,8.0,1.29
746568,2026-01-16,12:00,2026,ASM,FCL,1,3,4,3,7,-2,4,0,0,1,4810,Stade Louis II,,0.0,fallback,0,1,post,,,FanDuel,us,2026-01-16T14:00:00.000Z,1.65,4.2,4.9,1.65,4.9,1.65
746563,2026-01-04,13:45,2026,PSG,PSG,2,1,7,1,8,1,3,0,1,0,47892,Parc des Princes,,0.0,fallback,0,1,post,,,,,,,,,,,
746559,2026-01-04,10:15,2026,FCL,FCM,1,1,4,4,8,0,2,1,0,0,12602,Stade du Moustoir - Yves Allainmat,,0.0,fallback,0,1,post,,,FanDuel,us,2026-01-04T10:00:00.000Z,1.83,3.6,4.4,1.83,4.4,1.83
746557,2026-01-04,10:15,2026,HAC,SCO,2,1,6,6,12,1,3,0,1,0,16099,Stade Océane,,0.0,fallback,0,1,post,,,FanDuel,us,2026-01-04T10:00:00.000Z,2.1,3.2,3.6,2.1,3.6,2.1
746556,2026-01-04,10:15,2026,SB29,AJA,2,0,7,6,13,2,2,0,1,0,13772,Stade Francis-Le Blé,,0.0,fallback,0,1,post,,,FanDuel,us,2026-01-04T10:00:00.000Z,1.87,3.4,4.4,1.87,4.4,1.87
746560,2026-01-04,08:00,2026,OM,FCN,0,2,6,3,9,-2,2,0,0,1,64780,Stade Vélodrome,,0.0,fallback,0,1,post,,,FanDuel,us,2026-01-04T10:00:00.000Z,1.22,6.5,11.0,1.22,11.0,1.22
746558,2026-01-03,14:05,2026,LOSC,REN,0,2,4,7,11,-2,2,0,0,1,41527,Decathlon Arena - Stade Pierre-Mauroy,,0.0,fallback,0,1,post,,,FanDuel,us,2026-01-03T12:00:00.000Z,1.74,3.8,4.6,1.74,4.6,1.74
746562,2026-01-03,12:00,2026,OGCN,RCSA,1,1,5,7,12,0,2,1,0,0,18365,Allianz Riviera,,0.0,fallback,0,1,post,,,FanDuel,us,2026-01-03T12:00:00.000Z,3.1,3.5,2.2,3.1,2.2,2.2
746561,2026-01-03,10:00,2026,ASM,OL,1,3,7,2,9,-2,4,0,0,1,11828,Stade Louis II,,0.0,fallback,0,1,post,,,FanDuel,us,2026-01-03T12:00:00.000Z,2.1,3.7,3.3,2.1,3.3,2.1
746564,2026-01-02,13:45,2026,TFC,RCL,0,3,2,8,10,-3,3,0,0,1,30266,Stadium Municipal de Toulouse,,0.0,fallback,0,1,post,,,FanDuel,us,2026-01-02T15:45:00.000Z,2.55,3.3,2.8,2.55,2.8,2.55
746555,2025-12-14,13:45,2025,OM,ASM,1,0,3,7,10,1,1,0,1,0,64509,Stade Vélodrome,,0.0,fallback,0,1,post,,,FanDuel,us,2025-12-14T10:00:00.000Z,1.95,3.7,3.6,1.95,3.6,1.95
746551,2025-12-14,10:15,2025,RCL,OGCN,2,0,2,5,7,2,2,0,1,0,37278,Stade Bollaert-Delelis,,0.0,fallback,0,1,post,,,FanDuel,us,2025-12-14T10:00:00.000Z,1.43,4.7,6.5,1.43,6.5,1.43
746549,2025-12-14,10:15,2025,RCSA,FCL,0,0,11,3,14,0,0,1,0,0,29951,Stade de la Meinau,,0.0,fallback,0,1,post,,,FanDuel,us,2025-12-14T10:00:00.000Z,1.77,3.7,4.5,1.77,4.5,1.77
746548,2025-12-14,10:15,2025,AJA,LOSC,3,4,10,3,13,-1,7,0,0,1,16124,Stade de l'Abbé-Deschamps,,0.0,fallback,0,1,post,,,FanDuel,us,2025-12-14T10:00:00.000Z,4.3,3.3,1.91,4.3,1.91,1.91
746550,2025-12-14,08:00,2025,OL,HAC,1,0,5,4,9,1,1,0,1,0,42168,Groupama Stadium,,0.0,fallback,0,1,post,,,FanDuel,us,2025-12-14T10:00:00.000Z,1.65,3.8,5.5,1.65,5.5,1.65
746553,2025-12-13,14:05,2025,PSG,TFC,0,3,7,4,11,-3,3,0,0,1,15822,Stade Jean Bouin,,0.0,fallback,0,1,post,,,,,,,,,,,
746552,2025-12-13,12:00,2025,FCM,PSG,2,3,4,4,8,-1,5,0,0,1,28500,Stade Saint-Symphorien,,0.0,fallback,0,1,post,,,FanDuel,us,2025-12-13T12:00:00.000Z,8.0,6.0,1.27,8.0,1.27,1.27
746554,2025-12-13,10:00,2025,REN,SB29,3,1,5,7,12,2,4,0,1,0,27959,Roazhon Park,,0.0,fallback,0,1,post,,,FanDuel,us,2025-12-13T12:00:00.000Z,1.83,3.7,4.1,1.83,4.1,1.83
746547,2025-12-12,13:45,2025,SCO,FCN,4,1,6,3,9,3,5,0,1,0,14308,Stade Raymond Kopa,,0.0,fallback,0,1,post,,,FanDuel,us,2025-12-12T15:45:00.000Z,2.15,3.2,3.6,2.15,3.6,2.15
746542,2025-12-07,13:45,2025,FCL,OL,1,0,1,7,8,1,1,0,1,0,16213,Stade du Moustoir - Yves Allainmat,,0.0,fallback,0,1,post,,,FanDuel,us,2025-12-07T10:00:00.000Z,3.5,3.4,2.1,3.5,2.1,2.1
746540,2025-12-07,10:15,2025,HAC,PSG,0,0,7,2,9,0,0,1,0,0,17460,Stade Océane,,0.0,fallback,0,1,post,,,,,,,,,,,
746538,2025-12-07,10:15,2025,AJA,FCM,3,1,5,3,8,2,4,0,1,0,15588,Stade de l'Abbé-Deschamps,,0.0,fallback,0,1,post,,,FanDuel,us,2025-12-07T10:00:00.000Z,1.91,3.5,4.0,1.91,4.0,1.91
746544,2025-12-07,08:00,2025,OGCN,SCO,0,1,4,1,5,-1,1,0,0,1,17630,Allianz Riviera,,0.0,fallback,0,1,post,,,FanDuel,us,2025-12-07T10:00:00.000Z,1.87,3.6,4.1,1.87,4.1,1.87
746543,2025-12-06,14:05,2025,PSG,REN,5,0,8,6,14,5,5,0,1,0,47823,Parc des Princes,,0.0,fallback,0,1,post,,,FanDuel,us,2025-12-06T12:00:00.000Z,1.26,6.5,8.5,1.26,8.5,1.26
746546,2025-12-06,12:00,2025,TFC,RCSA,1,0,1,2,3,1,1,0,1,0,22031,Stadium Municipal de Toulouse,,0.0,fallback,0,1,post,,,FanDuel,us,2025-12-06T12:00:00.000Z,2.55,3.3,2.75,2.55,2.75,2.55
746545,2025-12-06,10:00,2025,FCN,RCL,1,2,1,12,13,-1,3,0,0,1,26654,Stade de la Beaujoire,,0.0,fallback,0,1,post,,,FanDuel,us,2025-12-06T12:00:00.000Z,4.9,3.9,1.69,4.9,1.69,1.69
746539,2025-12-05,14:00,2025,LOSC,OM,1,0,2,5,7,1,1,0,1,0,48258,Decathlon Arena - Stade Pierre-Mauroy,,0.0,fallback,0,1,post,,,FanDuel,us,2025-12-05T14:00:00.000Z,2.4,3.5,2.8,2.4,2.8,2.4
746541,2025-12-05,12:00,2025,SB29,ASM,1,0,2,3,5,1,1,0,1,0,14522,Stade Francis-Le Blé,,0.0,fallback,0,1,post,,,FanDuel,us,2025-12-05T14:00:00.000Z,3.5,3.8,2.0,3.5,2.0,2.0
746536,2025-11-30,13:45,2025,OL,FCN,3,0,7,0,7,3,3,0,1,0,46449,Groupama Stadium,,0.0,fallback,0,1,post,,,FanDuel,us,2025-11-30T10:00:00.000Z,1.4,4.7,8.0,1.4,8.0,1.4
746534,2025-11-30,10:15,2025,HAC,LOSC,0,1,6,2,8,-1,1,0,0,1,20689,Stade Océane,,0.0,fallback,0,1,post,,,FanDuel,us,2025-11-30T10:00:00.000Z,4.5,3.6,1.8,4.5,1.8,1.8
746533,2025-11-30,10:15,2025,FCL,OGCN,3,1,3,7,10,2,4,0,1,0,15648,Stade du Moustoir - Yves Allainmat,,0.0,fallback,0,1,post,,,FanDuel,us,2025-11-30T10:00:00.000Z,2.4,3.4,2.85,2.4,2.85,2.4
746531,2025-11-30,10:15,2025,SCO,RCL,1,2,2,8,10,-1,3,0,0,1,12979,Stade Raymond Kopa,,0.0,fallback,0,1,post,,,FanDuel,us,2025-11-30T10:00:00.000Z,5.3,3.7,1.69,5.3,1.69,1.69
746537,2025-11-30,08:00,2025,RCSA,SB29,1,2,5,0,5,-1,3,0,0,1,30017,Stade de la Meinau,,0.0,fallback,0,1,post,,,FanDuel,us,2025-11-30T10:00:00.000Z,1.71,3.8,4.7,1.71,4.7,1.71
746529,2025-11-29,14:05,2025,OM,TFC,2,2,9,1,10,0,4,1,0,0,65163,Stade Vélodrome,,0.0,fallback,0,1,post,,,FanDuel,us,2025-11-29T12:00:00.000Z,1.61,4.0,5.7,1.61,5.7,1.61
746532,2025-11-29,12:00,2025,PSG,AJA,1,1,4,3,7,0,2,1,0,0,15007,Stade Jean Bouin,,0.0,fallback,0,1,post,,,,,,,,,,,
746535,2025-11-29,10:00,2025,ASM,PSG,1,0,4,4,8,1,1,0,1,0,11546,Stade Louis II,,0.0,fallback,0,1,post,,,FanDuel,us,2025-11-29T12:00:00.000Z,5.0,4.4,1.59,5.0,1.59,1.59
746530,2025-11-28,13:45,2025,FCM,REN,0,1,6,3,9,-1,1,0,0,1,20291,Stade Saint-Symphorien,,0.0,fallback,0,1,post,,,FanDuel,us,2025-11-28T15:45:00.000Z,3.9,3.8,1.87,3.9,1.87,1.87
746525,2025-11-23,13:45,2025,LOSC,PSG,4,2,9,4,13,2,6,0,1,0,39053,Decathlon Arena - Stade Pierre-Mauroy,,0.0,fallback,0,1,post,,,,,,,,,,,
746524,2025-11-23,10:15,2025,TFC,SCO,0,1,11,1,12,-1,1,0,0,1,19009,Stadium Municipal de Toulouse,,0.0,fallback,0,1,post,,,FanDuel,us,2025-11-23T10:00:00.000Z,1.62,3.8,5.8,1.62,5.8,1.62
746523,2025-11-23,10:15,2025,SB29,FCM,3,2,6,2,8,1,5,0,1,0,13938,Stade Francis-Le Blé,,0.0,fallback,0,1,post,,,FanDuel,us,2025-11-23T10:00:00.000Z,1.77,3.7,4.6,1.77,4.6,1.77
746520,2025-11-23,10:15,2025,FCN,FCL,1,1,1,1,2,0,2,1,0,0,25967,Stade de la Beaujoire,,0.0,fallback,0,1,post,,,FanDuel,us,2025-11-23T10:00:00.000Z,2.9,3.2,2.45,2.9,2.45,2.45
746526,2025-11-23,08:00,2025,AJA,OL,0,0,7,11,18,0,0,1,0,0,17359,Stade de l'Abbé-Deschamps,,0.0,fallback,0,1,post,,,FanDuel,us,2025-11-23T10:00:00.000Z,3.6,3.3,2.1,3.6,2.1,2.1
746522,2025-11-22,14:05,2025,PSG,HAC,3,0,6,4,10,3,3,0,1,0,47694,Parc des Princes,,0.0,fallback,0,1,post,,,FanDuel,us,2025-11-22T12:00:00.000Z,1.17,7.5,14.0,1.17,14.0,1.17
746527,2025-11-22,12:00,2025,REN,ASM,4,1,4,6,10,3,5,0,1,0,27681,Roazhon Park,,0.0,fallback,0,1,post,,,FanDuel,us,2025-11-22T12:00:00.000Z,2.5,3.6,2.65,2.5,2.65,2.5
746528,2025-11-22,10:00,2025,RCL,RCSA,1,0,3,1,4,1,1,0,1,0,38211,Stade Bollaert-Delelis,,0.0,fallback,0,1,post,,,FanDuel,us,2025-11-22T12:00:00.000Z,2.15,3.6,3.2,2.15,3.2,2.15
746521,2025-11-21,13:45,2025,OGCN,OM,1,5,8,6,14,-4,6,0,0,1,27089,Allianz Riviera,,0.0,fallback,0,1,post,,,FanDuel,us,2025-11-21T15:45:00.000Z,3.9,3.6,1.91,3.9,1.91,1.91
746514,2025-11-09,13:45,2025,OL,PSG,2,3,5,5,10,-1,5,0,0,1,58257,Groupama Stadium,,0.0,fallback,0,1,post,,,FanDuel,us,2025-11-09T10:00:00.000Z,4.6,3.8,1.74,4.6,1.74,1.74
746516,2025-11-09,10:15,2025,FCM,OGCN,2,1,6,3,9,1,3,0,1,0,20683,Stade Saint-Symphorien,,0.0,fallback,0,1,post,,,FanDuel,us,2025-11-09T10:00:00.000Z,3.1,3.5,2.25,3.1,2.25,2.25
746513,2025-11-09,10:15,2025,RCSA,LOSC,2,0,1,4,5,2,2,0,1,0,29000,Stade de la Meinau,,0.0,fallback,0,1,post,,,FanDuel,us,2025-11-09T10:00:00.000Z,2.7,3.5,2.5,2.7,2.5,2.5
746511,2025-11-09,10:15,2025,SCO,AJA,2,0,3,3,6,2,2,0,1,0,11428,Stade Raymond Kopa,,0.0,fallback,0,1,post,,,FanDuel,us,2025-11-09T10:00:00.000Z,2.65,3.0,2.9,2.65,2.9,2.65
746515,2025-11-09,08:00,2025,FCL,TFC,1,1,6,4,10,0,2,1,0,0,15562,Stade du Moustoir - Yves Allainmat,,0.0,fallback,0,1,post,,,FanDuel,us,2025-11-09T10:00:00.000Z,3.0,3.2,2.4,3.0,2.4,2.4
746517,2025-11-08,14:05,2025,ASM,RCL,1,4,5,4,9,-3,5,0,0,1,9456,Stade Louis II,,0.0,fallback,0,1,post,,,FanDuel,us,2025-11-08T12:00:00.000Z,2.05,3.7,3.4,2.05,3.4,2.05
746512,2025-11-08,12:00,2025,HAC,FCN,1,1,8,3,11,0,2,1,0,0,19747,Stade Océane,,0.0,fallback,0,1,post,,,FanDuel,us,2025-11-08T12:00:00.000Z,1.83,3.4,4.8,1.83,4.8,1.83
746519,2025-11-08,10:00,2025,OM,SB29,3,0,6,2,8,3,3,0,1,0,66279,Orange Vélodrome,,0.0,fallback,0,1,post,,,FanDuel,us,2025-11-08T12:00:00.000Z,1.43,4.6,7.0,1.43,7.0,1.43
746518,2025-11-07,13:45,2025,PSG,REN,0,1,8,9,17,-1,1,0,0,1,16587,Stade Jean Bouin,,0.0,fallback,0,1,post,,,,,,,,,,,
746503,2025-11-02,13:45,2025,SB29,OL,0,0,12,2,14,0,0,1,0,0,14534,Stade Francis-Le Blé,,0.0,fallback,0,1,post,,,FanDuel,us,2025-11-02T10:00:00.000Z,3.2,3.4,2.25,3.2,2.25,2.25
746510,2025-11-02,10:15,2025,TFC,HAC,0,0,10,2,12,0,0,1,0,0,20643,Stadium de Toulouse,,0.0,fallback,0,1,post,,,FanDuel,us,2025-11-02T10:00:00.000Z,1.77,3.6,4.9,1.77,4.9,1.77
746507,2025-11-02,10:15,2025,FCN,FCM,0,2,8,5,13,-2,2,0,0,1,27150,La Beaujoire-Louis-Fonteneau,,0.0,fallback,0,1,post,,,FanDuel,us,2025-11-02T10:00:00.000Z,2.1,3.4,3.5,2.1,3.5,2.1
746505,2025-11-02,10:15,2025,LOSC,SCO,1,0,9,2,11,1,1,0,1,0,38802,Decathlon Arena - Stade Pierre-Mauroy,,0.0,fallback,0,1,post,,,FanDuel,us,2025-11-02T10:00:00.000Z,1.29,5.7,8.5,1.29,8.5,1.29
746504,2025-11-02,10:15,2025,RCL,FCL,3,0,7,6,13,3,3,0,1,0,37373,Stade Félix Bollaert-Delélis,,0.0,fallback,0,1,post,,,FanDuel,us,2025-11-02T10:00:00.000Z,1.5,4.4,6.5,1.5,6.5,1.5
746509,2025-11-02,08:00,2025,REN,RCSA,4,1,6,5,11,3,5,0,1,0,27658,Roazhon Park,,0.0,fallback,0,1,post,,,FanDuel,us,2025-11-02T10:00:00.000Z,2.5,3.5,2.75,2.5,2.75,2.5
746502,2025-11-01,14:05,2025,AJA,OM,0,1,3,3,6,-1,1,0,0,1,16529,Stade de l'Abbé-Deschamps,,0.0,fallback,0,1,post,,,FanDuel,us,2025-11-01T12:00:00.000Z,5.1,3.8,1.69,5.1,1.69,1.69
746506,2025-11-01,12:00,2025,ASM,PSG,0,1,3,2,5,-1,1,0,0,1,10727,Stade Louis II,,0.0,fallback,0,1,post,,,,,,,,,,,
746508,2025-11-01,10:00,2025,PSG,OGCN,1,0,11,1,12,1,1,0,1,0,47629,Parc des Princes,,0.0,fallback,0,1,post,,,FanDuel,us,2025-11-01T12:00:00.000Z,1.18,7.5,12.0,1.18,12.0,1.18
746501,2025-10-29,14:05,2025,TFC,REN,2,2,5,8,13,0,4,1,0,0,25484,Stadium de Toulouse,,0.0,fallback,0,1,post,,,BetMGM,us,2025-10-29T14:00:00.000Z,2.15,3.4,3.4,2.15,3.4,2.15
746500,2025-10-29,14:05,2025,RCSA,AJA,3,0,4,3,7,3,3,0,1,0,22667,Stade de la Meinau,,0.0,fallback,0,1,post,,,BetMGM,us,2025-10-29T14:00:00.000Z,1.77,3.7,4.6,1.77,4.6,1.77
746499,2025-10-29,14:05,2025,PSG,OL,3,3,4,3,7,0,6,1,0,0,18445,Stade Jean Bouin,,0.0,fallback,0,1,post,,,,,,,,,,,
746497,2025-10-29,14:05,2025,FCN,ASM,3,5,1,3,4,-2,8,0,0,1,33653,La Beaujoire-Louis-Fonteneau,,0.0,fallback,0,1,post,,,FanDuel,us,2025-10-29T14:00:00.000Z,4.8,3.9,1.71,4.8,1.71,1.71
746495,2025-10-29,14:05,2025,OM,SCO,2,2,1,5,6,0,4,1,0,0,64599,Orange Vélodrome,,0.0,fallback,0,1,post,,,BetMGM,us,2025-10-29T14:00:00.000Z,1.25,6.25,11.0,1.25,11.0,1.25
746498,2025-10-29,12:00,2025,OGCN,LOSC,2,0,2,13,15,2,2,0,1,0,22441,Allianz Riviera,,0.0,fallback,0,1,post,,,BetMGM,us,2025-10-29T14:00:00.000Z,3.4,3.5,2.1,3.4,2.1,2.1
746496,2025-10-29,12:00,2025,FCM,RCL,2,0,2,5,7,2,2,0,1,0,20618,Stade Saint-Symphorien,,0.0,fallback,0,1,post,,,BetMGM,us,2025-10-29T14:00:00.000Z,6.25,4.6,1.48,6.25,1.48,1.48
746494,2025-10-29,12:00,2025,FCL,PSG,1,1,0,8,8,0,2,1,0,0,16706,Stade du Moustoir - Yves Allainmat,,0.0,fallback,0,1,post,,,BetMGM,us,2025-10-29T14:00:00.000Z,10.5,6.25,1.27,10.5,1.27,1.27
746493,2025-10-29,12:00,2025,HAC,SB29,1,0,5,1,6,1,1,0,1,0,18484,Stade Océane,,0.0,fallback,0,1,post,,,BetMGM,us,2025-10-29T14:00:00.000Z,2.5,3.3,2.8,2.5,2.8,2.5
746489,2025-10-26,13:45,2025,OL,RCSA,2,1,4,2,6,1,3,0,1,0,49058,Groupama Stadium,,0.0,fallback,0,1,post,,,FanDuel,us,2025-10-26T10:00:00.000Z,1.91,3.7,3.8,1.91,3.8,1.91
746487,2025-10-26,10:15,2025,REN,OGCN,1,2,7,3,10,-1,3,0,0,1,27658,Roazhon Park,,0.0,fallback,0,1,post,,,FanDuel,us,2025-10-26T10:00:00.000Z,2.1,3.4,3.4,2.1,3.4,2.1
746485,2025-10-26,10:15,2025,AJA,HAC,0,1,13,5,18,-1,1,0,0,1,16729,Stade de l'Abbé-Deschamps,,0.0,fallback,0,1,post,,,FanDuel,us,2025-10-26T10:00:00.000Z,2.1,3.3,3.5,2.1,3.5,2.1
746484,2025-10-26,10:15,2025,SCO,FCL,2,0,1,6,7,2,2,0,1,0,11682,Stade Raymond Kopa,,0.0,fallback,0,1,post,,,FanDuel,us,2025-10-26T10:00:00.000Z,2.7,3.0,2.8,2.7,2.8,2.7
746492,2025-10-26,08:00,2025,LOSC,FCM,6,1,7,8,15,5,7,0,1,0,42089,Decathlon Arena - Stade Pierre-Mauroy,,0.0,fallback,0,1,post,,,FanDuel,us,2025-10-26T10:00:00.000Z,1.28,5.8,9.0,1.28,9.0,1.28
746488,2025-10-25,13:05,2025,RCL,OM,2,1,4,8,12,1,3,0,1,0,38223,Stade Félix Bollaert-Delélis,,0.0,fallback,0,1,post,,,FanDuel,us,2025-10-25T11:00:00.000Z,2.75,3.4,2.5,2.75,2.5,2.5
746490,2025-10-25,11:00,2025,ASM,TFC,1,0,2,5,7,1,1,0,1,0,7086,Stade Louis II,,0.0,fallback,0,1,post,,,FanDuel,us,2025-10-25T11:00:00.000Z,1.83,3.7,4.1,1.83,4.1,1.83
746486,2025-10-25,09:00,2025,SB29,PSG,0,3,2,7,9,-3,3,0,0,1,14978,Stade Francis-Le Blé,,0.0,fallback,0,1,post,,,FanDuel,us,2025-10-25T11:00:00.000Z,8.0,5.5,1.31,8.0,1.31,1.31
746491,2025-10-24,12:45,2025,PSG,FCN,1,2,8,2,10,-1,3,0,0,1,17522,Stade Jean Bouin,,0.0,fallback,0,1,post,,,,,,,,,,,
746479,2025-10-19,12:45,2025,FCN,LOSC,0,2,5,9,14,-2,2,0,0,1,29845,Stade de la Beaujoire,,0.0,fallback,0,1,post,,,FanDuel,us,2025-10-19T09:00:00.000Z,4.5,3.5,1.83,4.5,1.83,1.83
746482,2025-10-19,09:15,2025,REN,AJA,2,2,6,3,9,0,4,1,0,0,27148,Roazhon Park,,0.0,fallback,0,1,post,,,BetRivers,us,2025-10-19T09:00:00.000Z,1.73,3.8,4.5,1.73,4.5,1.73
746481,2025-10-19,09:15,2025,TFC,FCM,4,0,5,1,6,4,4,0,1,0,26078,Stadium de Toulouse,,0.0,fallback,0,1,post,,,BetRivers,us,2025-10-19T09:00:00.000Z,1.56,4.1,5.5,1.56,5.5,1.56
746475,2025-10-19,09:15,2025,FCL,SB29,3,3,5,2,7,0,6,1,0,0,16607,Stade du Moustoir - Yves Allainmat,,0.0,fallback,0,1,post,,,FanDuel,us,2025-10-19T09:00:00.000Z,2.6,3.3,2.75,2.6,2.75,2.6
746476,2025-10-19,07:00,2025,RCL,PSG,2,1,11,3,14,1,3,0,1,0,33773,Stade Félix Bollaert-Delélis,,0.0,fallback,0,1,post,,,,,,,,,,,
746478,2025-10-18,13:05,2025,OM,HAC,6,2,2,1,3,4,8,0,1,0,64869,Orange Vélodrome,,0.0,fallback,0,1,post,,,BetRivers,us,2025-10-18T11:00:00.000Z,1.35,5.1,8.0,1.35,8.0,1.35
746477,2025-10-18,11:00,2025,SCO,ASM,1,1,10,3,13,0,2,1,0,0,13423,Stade Raymond Kopa,,0.0,fallback,0,1,post,,,FanDuel,us,2025-10-18T11:00:00.000Z,5.5,4.2,1.59,5.5,1.59,1.59
746480,2025-10-18,09:00,2025,OGCN,OL,3,2,1,16,17,1,5,0,1,0,24122,Allianz Riviera,,0.0,fallback,0,1,post,,,FanDuel,us,2025-10-18T11:00:00.000Z,2.35,3.4,2.9,2.35,2.9,2.35
746483,2025-10-17,12:45,2025,PSG,RCSA,3,3,4,1,5,0,6,1,0,0,47754,Parc des Princes,,0.0,fallback,0,1,post,,,BetRivers,us,2025-10-17T14:45:00.000Z,1.3,5.8,8.5,1.3,8.5,1.3
746469,2025-10-05,12:45,2025,LOSC,PSG,1,1,3,5,8,0,2,1,0,0,47355,Decathlon Arena - Stade Pierre-Mauroy,,0.0,fallback,0,1,post,,,FanDuel,us,2025-10-05T09:00:00.000Z,4.2,3.7,1.83,4.2,1.83,1.83
746474,2025-10-05,09:15,2025,RCSA,SCO,5,0,2,5,7,5,5,0,1,0,22171,Stade de la Meinau,,0.0,fallback,0,1,post,,,FanDuel,us,2025-10-05T09:00:00.000Z,1.77,3.5,4.9,1.77,4.9,1.77
746472,2025-10-05,09:15,2025,ASM,OGCN,2,2,6,7,13,0,4,1,0,0,8306,Stade Louis II,,0.0,fallback,0,1,post,,,FanDuel,us,2025-10-05T09:00:00.000Z,1.83,3.9,3.9,1.83,3.9,1.83
746468,2025-10-05,09:15,2025,HAC,REN,2,2,3,4,7,0,4,1,0,0,17802,Stade Océane,,0.0,fallback,0,1,post,,,FanDuel,us,2025-10-05T09:00:00.000Z,2.95,3.4,2.4,2.95,2.4,2.4
746470,2025-10-05,07:00,2025,OL,TFC,1,2,8,5,13,-1,3,0,0,1,51414,Groupama Stadium,,0.0,fallback,0,1,post,,,FanDuel,us,2025-10-05T09:00:00.000Z,2.0,3.4,3.9,2.0,3.9,2.0
746466,2025-10-04,13:05,2025,AJA,RCL,1,2,2,2,4,-1,3,0,0,1,17243,Stade de l'Abbé-Deschamps,,0.0,fallback,0,1,post,,,FanDuel,us,2025-10-04T11:00:00.000Z,3.5,3.6,2.0,3.5,2.0,2.0
746467,2025-10-04,11:00,2025,SB29,FCN,0,0,12,3,15,0,0,1,0,0,14941,Stade Francis-Le Blé,,0.0,fallback,0,1,post,,,FanDuel,us,2025-10-04T11:00:00.000Z,1.87,3.6,4.1,1.87,4.1,1.87
746471,2025-10-04,09:00,2025,FCM,OM,0,3,4,4,8,-3,3,0,0,1,28551,Stade Saint-Symphorien,,0.0,fallback,0,1,post,,,FanDuel,us,2025-10-04T11:00:00.000Z,6.5,4.5,1.45,6.5,1.45,1.45
746473,2025-10-03,12:45,2025,PSG,FCL,2,0,1,5,6,2,2,0,1,0,18084,Stade Jean Bouin,,0.0,fallback,0,1,post,,,,,,,,,,,
746463,2025-09-28,12:45,2025,REN,RCL,0,0,8,4,12,0,0,1,0,0,26414,Roazhon Park,,0.0,fallback,0,1,post,,,FanDuel,us,2025-09-28T09:00:00.000Z,2.5,3.5,2.75,2.5,2.75,2.5
746460,2025-09-28,09:15,2025,FCM,HAC,0,0,4,6,10,0,0,1,0,0,19976,Stade Saint-Symphorien,,0.0,fallback,0,1,post,,,FanDuel,us,2025-09-28T09:00:00.000Z,2.65,3.3,2.7,2.65,2.7,2.65
746458,2025-09-28,09:15,2025,LOSC,OL,0,1,3,4,7,-1,1,0,0,1,45287,Decathlon Arena - Stade Pierre-Mauroy,,0.0,fallback,0,1,post,,,FanDuel,us,2025-09-28T09:00:00.000Z,2.25,3.4,3.1,2.25,3.1,2.25
746457,2025-09-28,09:15,2025,SCO,SB29,0,2,11,4,15,-2,2,0,0,1,10210,Stade Raymond Kopa,,0.0,fallback,0,1,post,,,FanDuel,us,2025-09-28T09:00:00.000Z,3.2,3.3,2.25,3.2,2.25,2.25
746465,2025-09-28,07:00,2025,OGCN,PSG,1,1,5,5,10,0,2,1,0,0,20049,Allianz Riviera,,0.0,fallback,0,1,post,,,,,,,,,,,
746462,2025-09-27,13:05,2025,PSG,AJA,2,0,5,5,10,2,2,0,1,0,47792,Parc des Princes,,0.0,fallback,0,1,post,,,FanDuel,us,2025-09-27T11:00:00.000Z,1.15,8.0,14.0,1.15,14.0,1.15
746464,2025-09-27,11:00,2025,TFC,FCN,2,2,1,4,5,0,4,1,0,0,22822,Stadium de Toulouse,,0.0,fallback,0,1,post,,,FanDuel,us,2025-09-27T11:00:00.000Z,1.71,3.5,5.2,1.71,5.2,1.71
746459,2025-09-27,09:00,2025,FCL,ASM,3,1,2,4,6,2,4,0,1,0,15561,Stade du Moustoir - Yves Allainmat,,0.0,fallback,0,1,post,,,FanDuel,us,2025-09-27T11:00:00.000Z,4.5,4.0,1.71,4.5,1.71,1.71
746461,2025-09-26,12:45,2025,RCSA,OM,1,2,5,4,9,-1,3,0,0,1,23262,Stade de la Meinau,,0.0,fallback,0,1,post,,,FanDuel,us,2025-09-26T14:45:00.000Z,3.5,3.6,2.05,3.5,2.05,2.05
746453,2025-09-22,12:00,2025,OM,PSG,1,0,5,3,8,1,1,0,1,0,66190,Orange Vélodrome,,0.0,fallback,0,1,post,,,FanDuel,us,2025-09-22T14:00:00.000Z,4.3,4.1,1.74,4.3,1.74,1.74
746454,2025-09-21,09:15,2025,ASM,FCM,5,2,4,5,9,3,7,0,1,0,6080,Stade Louis II,,0.0,fallback,0,1,post,,,FanDuel,us,2025-09-21T09:00:00.000Z,1.3,6.0,7.5,1.3,7.5,1.3
746450,2025-09-21,09:15,2025,HAC,FCL,1,1,6,2,8,0,2,1,0,0,17483,Stade Océane,,0.0,fallback,0,1,post,,,FanDuel,us,2025-09-21T09:00:00.000Z,2.15,3.3,3.5,2.15,3.5,2.15
746448,2025-09-21,09:15,2025,AJA,TFC,1,0,3,4,7,1,1,0,1,0,15262,Stade de l'Abbé-Deschamps,,0.0,fallback,0,1,post,,,FanDuel,us,2025-09-21T09:00:00.000Z,3.1,3.2,2.35,3.1,2.35,2.35
746456,2025-09-21,07:00,2025,PSG,RCSA,2,3,4,2,6,-1,5,0,0,1,17912,Stade Jean Bouin,,0.0,fallback,0,1,post,,,,,,,,,,,
746451,2025-09-20,13:05,2025,RCL,LOSC,3,0,4,10,14,3,3,0,1,0,38223,Stade Félix Bollaert-Delélis,,0.0,fallback,0,1,post,,,FanDuel,us,2025-09-20T11:00:00.000Z,2.35,3.4,3.0,2.35,3.0,2.35
746449,2025-09-20,11:00,2025,SB29,OGCN,4,1,2,7,9,3,5,0,1,0,14158,Stade Francis-Le Blé,,0.0,fallback,0,1,post,,,FanDuel,us,2025-09-20T11:00:00.000Z,3.0,3.5,2.25,3.0,2.25,2.25
746455,2025-09-20,09:00,2025,FCN,REN,2,2,4,4,8,0,4,1,0,0,31337,La Beaujoire-Louis-Fonteneau,,0.0,fallback,0,1,post,,,FanDuel,us,2025-09-20T11:00:00.000Z,3.8,3.4,2.0,3.8,2.0,2.0
746452,2025-09-19,12:45,2025,OL,SCO,1,0,7,4,11,1,1,0,1,0,44437,Groupama Stadium,,0.0,fallback,0,1,post,,,FanDuel,us,2025-09-19T14:45:00.000Z,1.45,4.4,7.0,1.45,7.0,1.45
746446,2025-09-14,12:45,2025,REN,OL,3,1,5,4,9,2,4,0,1,0,27392,Roazhon Park,,0.0,fallback,0,1,post,,,BetMGM,us,2025-09-14T09:00:00.000Z,2.38,3.6,2.8,2.38,2.8,2.38
746447,2025-09-14,09:15,2025,RCSA,HAC,1,0,4,3,7,1,1,0,1,0,22250,Stade de la Meinau,,0.0,fallback,0,1,post,,,FanDuel,us,2025-09-14T09:00:00.000Z,1.74,3.7,4.7,1.74,4.7,1.74
746445,2025-09-14,09:15,2025,PSG,RCL,2,0,4,3,7,2,2,0,1,0,47642,Parc des Princes,,0.0,fallback,0,1,post,,,FanDuel,us,2025-09-14T09:00:00.000Z,1.33,5.8,7.5,1.33,7.5,1.33
746443,2025-09-14,09:15,2025,FCM,SCO,1,1,4,3,7,0,2,1,0,0,21107,Stade Saint-Symphorien,,0.0,fallback,0,1,post,,,FanDuel,us,2025-09-14T09:00:00.000Z,2.25,3.1,3.4,2.25,3.4,2.25
746440,2025-09-14,09:15,2025,SB29,PSG,1,2,6,1,7,-1,3,0,0,1,14594,Stade Francis-Le Blé,,0.0,fallback,0,1,post,,,,,,,,,,,
746441,2025-09-14,07:00,2025,LOSC,TFC,2,1,7,6,13,1,3,0,1,0,42576,Decathlon Arena - Stade Pierre-Mauroy,,0.0,fallback,0,1,post,,,FanDuel,us,2025-09-14T09:00:00.000Z,1.83,3.7,4.2,1.83,4.2,1.83
746439,2025-09-13,13:05,2025,AJA,ASM,1,2,5,8,13,-1,3,0,0,1,16703,Stade de l'Abbé-Deschamps,,0.0,fallback,0,1,post,,,BetMGM,us,2025-09-13T11:00:00.000Z,4.8,4.33,1.62,4.8,1.62,1.62
746444,2025-09-13,09:00,2025,OGCN,FCN,1,0,7,4,11,1,1,0,1,0,20096,Allianz Riviera,,0.0,fallback,0,1,post,,,BetMGM,us,2025-09-13T11:00:00.000Z,1.61,4.0,5.25,1.61,5.25,1.61
746442,2025-09-12,12:45,2025,OM,FCL,4,0,10,0,10,4,4,0,1,0,64098,Orange Vélodrome,,0.0,fallback,0,1,post,,,BetMGM,us,2025-09-12T14:45:00.000Z,1.33,5.5,8.5,1.33,8.5,1.33
746438,2025-08-31,12:45,2025,OL,OM,1,0,9,4,13,1,1,0,1,0,52095,Groupama Stadium,,0.0,fallback,0,1,post,,,FanDuel,us,2025-08-31T09:00:00.000Z,2.75,3.6,2.45,2.75,2.45,2.45
746435,2025-08-31,09:15,2025,ASM,RCSA,3,2,6,5,11,1,5,0,1,0,8718,Stade Louis II,,0.0,fallback,0,1,post,,,FanDuel,us,2025-08-31T09:00:00.000Z,1.56,4.4,5.4,1.56,5.4,1.56
746434,2025-08-31,09:15,2025,PSG,FCM,3,2,14,6,20,1,5,0,1,0,17345,Stade Jean Bouin,,0.0,fallback,0,1,post,,,,,,,,,,,
746431,2025-08-31,09:15,2025,HAC,OGCN,3,1,0,5,5,2,4,0,1,0,16513,Stade Océane,,0.0,fallback,0,1,post,,,FanDuel,us,2025-08-31T09:00:00.000Z,3.4,3.5,2.1,3.4,2.1,2.1
746430,2025-08-31,07:00,2025,SCO,REN,1,1,1,7,8,0,2,1,0,0,11512,Stade Raymond Kopa,,0.0,fallback,0,1,post,,,FanDuel,us,2025-08-31T09:00:00.000Z,4.2,3.4,1.91,4.2,1.91,1.91
746437,2025-08-30,13:05,2025,TFC,PSG,3,6,6,7,13,-3,9,0,0,1,31515,Stadium de Toulouse,,0.0,fallback,0,1,post,,,FanDuel,us,2025-08-30T11:00:00.000Z,8.5,5.6,1.3,8.5,1.3,1.3
746436,2025-08-30,11:00,2025,FCN,AJA,1,0,3,9,12,1,1,0,1,0,28784,La Beaujoire-Louis-Fonteneau,,0.0,fallback,0,1,post,,,FanDuel,us,2025-08-30T11:00:00.000Z,2.35,3.2,3.1,2.35,3.1,2.35
746433,2025-08-30,09:00,2025,FCL,LOSC,1,7,3,8,11,-6,8,0,0,1,15512,Stade du Moustoir - Yves Allainmat,,0.0,fallback,0,1,post,,,FanDuel,us,2025-08-30T11:00:00.000Z,3.5,3.4,2.1,3.5,2.1,2.1
746432,2025-08-29,12:45,2025,RCL,SB29,3,1,15,1,16,2,4,0,1,0,37232,Stade Félix Bollaert-Delélis,,0.0,fallback,0,1,post,,,FanDuel,us,2025-08-29T14:45:00.000Z,1.83,3.8,4.2,1.83,4.2,1.83
746422,2025-08-24,12:45,2025,LOSC,ASM,1,0,8,3,11,1,1,0,1,0,43549,Decathlon Arena - Stade Pierre-Mauroy,,0.0,fallback,0,1,post,,,FanDuel,us,2025-08-24T09:00:00.000Z,3.4,3.5,2.05,3.4,2.05,2.05
746429,2025-08-24,09:15,2025,TFC,SB29,2,0,3,9,12,2,2,0,1,0,23158,Stadium de Toulouse,,0.0,fallback,0,1,post,,,FanDuel,us,2025-08-24T09:00:00.000Z,2.2,3.4,3.3,2.2,3.3,2.2
746428,2025-08-24,09:15,2025,RCSA,FCN,1,0,7,6,13,1,1,0,1,0,22468,Stade de la Meinau,,0.0,fallback,0,1,post,,,FanDuel,us,2025-08-24T09:00:00.000Z,1.69,3.7,5.3,1.69,5.3,1.69
746421,2025-08-24,09:15,2025,HAC,RCL,1,2,7,0,7,-1,3,0,0,1,19375,Stade Océane,,0.0,fallback,0,1,post,,,FanDuel,us,2025-08-24T09:00:00.000Z,4.7,3.8,1.74,4.7,1.74,1.74
746423,2025-08-24,07:00,2025,FCL,REN,4,0,3,2,5,4,4,0,1,0,12343,Stade du Moustoir - Yves Allainmat,,0.0,fallback,0,1,post,,,FanDuel,us,2025-08-24T09:00:00.000Z,2.75,3.3,2.6,2.75,2.6,2.6
746424,2025-08-23,13:05,2025,OL,FCM,3,0,4,3,7,3,3,0,1,0,49853,Groupama Stadium,,0.0,fallback,0,1,post,,,FanDuel,us,2025-08-23T11:00:00.000Z,1.38,5.0,7.0,1.38,7.0,1.38
746426,2025-08-23,11:00,2025,OGCN,AJA,3,1,5,4,9,2,4,0,1,0,22175,Allianz Riviera,,0.0,fallback,0,1,post,,,FanDuel,us,2025-08-23T11:00:00.000Z,1.8,3.7,4.4,1.8,4.4,1.8
746425,2025-08-23,09:00,2025,OM,PSG,5,2,5,2,7,3,7,0,1,0,64074,Orange Vélodrome,,0.0,fallback,0,1,post,,,,,,,,,,,
746427,2025-08-22,12:45,2025,PSG,SCO,1,0,12,0,12,1,1,0,1,0,47401,Parc des Princes,,0.0,fallback,0,1,post,,,FanDuel,us,2025-08-22T14:45:00.000Z,1.07,11.0,23.0,1.07,23.0,1.07
746418,2025-08-17,12:45,2025,FCN,PSG,0,1,2,7,9,-1,1,0,0,1,34053,La Beaujoire-Louis-Fonteneau,,0.0,fallback,0,1,post,,,FanDuel,us,2025-08-17T09:00:00.000Z,8.5,6.0,1.29,8.5,1.29,1.29
746416,2025-08-17,09:15,2025,FCM,RCSA,0,1,3,3,6,-1,1,0,0,1,25009,Stade Saint-Symphorien,,0.0,fallback,0,1,post,,,FanDuel,us,2025-08-17T09:00:00.000Z,3.4,3.4,2.15,3.4,2.15,2.15
746413,2025-08-17,09:15,2025,AJA,FCL,1,0,4,5,9,1,1,0,1,0,16090,Stade de l'Abbé-Deschamps,,0.0,fallback,0,1,post,,,FanDuel,us,2025-08-17T09:00:00.000Z,2.45,3.2,3.0,2.45,3.0,2.45
746412,2025-08-17,09:15,2025,SCO,PSG,1,0,3,7,10,1,1,0,1,0,12168,Stade Raymond Kopa,,0.0,fallback,0,1,post,,,,,,,,,,,
746414,2025-08-17,07:00,2025,SB29,LOSC,3,3,2,2,4,0,6,1,0,0,14840,Stade Francis-Le Blé,,0.0,fallback,0,1,post,,,FanDuel,us,2025-08-17T09:00:00.000Z,2.65,3.1,2.8,2.65,2.8,2.65
746419,2025-08-16,13:05,2025,OGCN,TFC,0,1,9,4,13,-1,1,0,0,1,23212,Allianz Riviera,,0.0,fallback,0,1,post,,,FanDuel,us,2025-08-16T11:00:00.000Z,2.1,3.3,3.5,2.1,3.5,2.1
746417,2025-08-16,11:00,2025,ASM,HAC,3,1,5,4,9,2,4,0,1,0,11734,Stade Louis II,,0.0,fallback,0,1,post,,,FanDuel,us,2025-08-16T11:00:00.000Z,1.21,6.5,11.0,1.21,11.0,1.21
746415,2025-08-16,09:00,2025,RCL,OL,0,1,12,8,20,-1,1,0,0,1,38137,Stade Félix Bollaert-Delélis,,0.0,fallback,0,1,post,,,FanDuel,us,2025-08-16T11:00:00.000Z,2.35,3.5,2.85,2.35,2.85,2.35
746420,2025-08-15,12:45,2025,REN,OM,1,0,1,12,13,1,1,0,1,0,28360,Roazhon Park,,0.0,fallback,0,1,post,,,FanDuel,us,2025-08-15T14:45:00.000Z,3.7,3.5,2.0,3.7,2.0,2.0
706731,2025-05-17,13:00,2025,OL,SCO,2,0,8,8,16,2,2,0,1,0,56517,Groupama Stadium,,0.0,fallback,0,1,post,,,,,,,,,,,
706730,2025-05-17,13:00,2025,FCN,ASM,3,0,7,2,9,3,3,0,1,0,34780,La Beaujoire-Louis-Fonteneau,,0.0,fallback,0,1,post,,,,,,,,,,,
706729,2025-05-17,13:00,2025,RCL,ASM,4,0,5,0,5,4,4,0,1,0,38160,Stade Félix Bollaert-Delélis,,0.0,fallback,0,1,post,,,,,,,,,,,
706728,2025-05-17,13:00,2025,LOSC,SDR,2,1,10,3,13,1,3,0,1,0,45599,Decathlon Arena - Stade Pierre-Mauroy,,0.0,fallback,0,1,post,,,,,,,,,,,
706727,2025-05-17,13:00,2025,ASSE,TFC,2,3,7,6,13,-1,5,0,0,1,38725,Stade Geoffroy-Guichard,,0.0,fallback,0,1,post,,,,,,,,,,,
706726,2025-05-17,13:00,2025,OM,REN,4,2,5,5,10,2,6,0,1,0,57274,Orange Vélodrome,,0.0,fallback,0,1,post,,,,,,,,,,,
706725,2025-05-17,13:00,2025,RCSA,HAC,2,3,4,3,7,-1,5,0,0,1,19280,Stade de la Meinau,,0.0,fallback,0,1,post,,,,,,,,,,,
706724,2025-05-17,13:00,2025,PSG,AJA,3,1,5,2,7,2,4,0,1,0,47926,Parc des Princes,,0.0,fallback,0,1,post,,,,,,,,,,,
706723,2025-05-17,13:00,2025,OGCN,SB29,6,0,5,2,7,6,6,0,1,0,30298,Allianz Riviera,,0.0,fallback,0,1,post,,,,,,,,,,,
706722,2025-05-10,13:00,2025,SB29,LOSC,2,0,3,7,10,2,2,0,1,0,14556,Stade Francis-Le Blé,,0.0,fallback,0,1,post,,,,,,,,,,,
706721,2025-05-10,13:00,2025,SCO,RCSA,2,1,2,6,8,1,3,0,1,0,14391,Stade Raymond Kopa,,0.0,fallback,0,1,post,,,,,,,,,,,
706720,2025-05-10,13:00,2025,AJA,FCN,1,1,7,3,10,0,2,1,0,0,17277,Stade de l'Abbé-Deschamps,,0.0,fallback,0,1,post,,,,,,,,,,,
706719,2025-05-10,13:00,2025,HAC,OM,1,3,2,9,11,-2,4,0,0,1,23831,Stade Océane,,0.0,fallback,0,1,post,,,,,,,,,,,
706718,2025-05-10,13:00,2025,ASM,OL,2,0,3,5,8,2,2,0,1,0,13578,Stade Louis II,,0.0,fallback,0,1,post,,,,,,,,,,,
706717,2025-05-10,13:00,2025,TFC,RCL,1,1,2,1,3,0,2,1,0,0,27890,Stadium de Toulouse,,0.0,fallback,0,1,post,,,,,,,,,,,
706716,2025-05-10,13:00,2025,REN,OGCN,2,0,1,5,6,2,2,0,1,0,26118,Roazhon Park,,0.0,fallback,0,1,post,,,,,,,,,,,
706715,2025-05-10,13:00,2025,SDR,ASSE,0,2,4,5,9,-2,2,0,0,1,18630,Stade Auguste-Delaune II,,0.0,fallback,0,1,post,,,,,,,,,,,
706714,2025-05-10,13:00,2025,ASM,PSG,1,4,5,4,9,-3,5,0,0,1,16787,Stade de la Mosson,,0.0,fallback,0,1,post,,,,,,,,,,,
706713,2025-05-04,12:45,2025,LOSC,OM,1,1,2,5,7,0,2,1,0,0,48284,Decathlon Arena - Stade Pierre-Mauroy,,0.0,fallback,0,1,post,,,,,,,,,,,
706712,2025-05-04,09:15,2025,OL,RCL,1,2,8,2,10,-1,3,0,0,1,52020,Groupama Stadium,,0.0,fallback,0,1,post,,,,,,,,,,,
706710,2025-05-04,09:15,2025,SB29,ASM,1,0,4,6,10,1,1,0,1,0,13121,Stade Francis-Le Blé,,0.0,fallback,0,1,post,,,,,,,,,,,
706709,2025-05-04,09:15,2025,AJA,HAC,1,2,0,9,9,-1,3,0,0,1,17194,Stade de l'Abbé-Deschamps,,0.0,fallback,0,1,post,,,,,,,,,,,
706705,2025-05-04,07:00,2025,FCN,SCO,0,1,4,6,10,-1,1,0,0,1,34556,La Beaujoire-Louis-Fonteneau,,0.0,fallback,0,1,post,,,,,,,,,,,
706706,2025-05-03,13:05,2025,ASSE,ASM,1,3,6,5,11,-2,4,0,0,1,37757,Stade Geoffroy-Guichard,,0.0,fallback,0,1,post,,,,,,,,,,,
706708,2025-05-03,11:00,2025,TFC,REN,2,1,6,5,11,1,3,0,1,0,23922,Stadium de Toulouse,,0.0,fallback,0,1,post,,,,,,,,,,,
706711,2025-05-03,09:00,2025,RCSA,PSG,2,1,6,2,8,1,3,0,1,0,19522,Stade de la Meinau,,0.0,fallback,0,1,post,,,,,,,,,,,
706707,2025-05-02,12:45,2025,OGCN,SDR,1,0,5,3,8,1,1,0,1,0,24758,Allianz Riviera,,0.0,fallback,0,1,post,,,,,,,,,,,
706697,2025-04-27,12:45,2025,OM,SB29,4,1,4,3,7,3,5,0,1,0,62130,Orange Vélodrome,,0.0,fallback,0,1,post,,,,,,,,,,,
706703,2025-04-27,09:15,2025,FCN,TFC,0,0,3,5,8,0,0,1,0,0,31618,La Beaujoire-Louis-Fonteneau,,0.0,fallback,0,1,post,,,,,,,,,,,
706702,2025-04-27,09:15,2025,ASM,SDR,0,0,5,5,10,0,0,1,0,0,10806,Stade de la Mosson,,0.0,fallback,0,1,post,,,,,,,,,,,
706699,2025-04-27,09:15,2025,RCL,AJA,0,4,8,1,9,-4,4,0,0,1,38193,Stade Félix Bollaert-Delélis,,0.0,fallback,0,1,post,,,,,,,,,,,
706696,2025-04-27,07:00,2025,SCO,LOSC,0,2,7,2,9,-2,2,0,0,1,12782,Stade Raymond Kopa,,0.0,fallback,0,1,post,,,,,,,,,,,
706704,2025-04-26,13:05,2025,OL,REN,4,1,7,2,9,3,5,0,1,0,51034,Groupama Stadium,,0.0,fallback,0,1,post,,,,,,,,,,,
706698,2025-04-26,11:00,2025,HAC,ASM,1,1,3,6,9,0,2,1,0,0,21340,Stade Océane,,0.0,fallback,0,1,post,,,,,,,,,,,
706701,2025-04-26,09:00,2025,RCSA,ASSE,3,1,5,8,13,2,4,0,1,0,19603,Stade de la Meinau,,0.0,fallback,0,1,post,,,,,,,,,,,
706700,2025-04-25,12:45,2025,PSG,OGCN,1,3,17,0,17,-2,4,0,0,1,47597,Parc des Princes,,0.0,fallback,0,1,post,,,,,,,,,,,
706686,2025-04-22,12:45,2025,FCN,PSG,1,1,4,4,8,0,2,1,0,0,34420,La Beaujoire-Louis-Fonteneau,,0.0,fallback,0,1,post,,,,,,,,,,,
706693,2025-04-20,12:45,2025,ASSE,OL,2,1,8,6,14,1,3,0,1,0,40372,Stade Geoffroy-Guichard,,0.0,fallback,0,1,post,,,,,,,,,,,
706695,2025-04-20,09:15,2025,SB29,RCL,1,3,7,6,13,-2,4,0,0,1,15049,Stade Francis-Le Blé,,0.0,fallback,0,1,post,,,,,,,,,,,
706691,2025-04-20,09:15,2025,SDR,TFC,1,0,0,9,9,1,1,0,1,0,14908,Stade Auguste-Delaune II,,0.0,fallback,0,1,post,,,,,,,,,,,
706689,2025-04-20,09:15,2025,OGCN,SCO,2,1,4,2,6,1,3,0,1,0,25088,Allianz Riviera,,0.0,fallback,0,1,post,,,,,,,,,,,
706692,2025-04-20,07:00,2025,LOSC,AJA,3,1,8,4,12,2,4,0,1,0,45929,Decathlon Arena - Stade Pierre-Mauroy,,0.0,fallback,0,1,post,,,,,,,,,,,
706687,2025-04-19,13:05,2025,OM,ASM,5,1,7,2,9,4,6,0,1,0,66312,Orange Vélodrome,,0.0,fallback,0,1,post,,,,,,,,,,,
706688,2025-04-19,11:00,2025,ASM,RCSA,0,0,3,2,5,0,0,1,0,0,12825,Stade Louis II,,0.0,fallback,0,1,post,,,,,,,,,,,
706690,2025-04-19,09:00,2025,PSG,HAC,2,1,7,3,10,1,3,0,1,0,47113,Parc des Princes,,0.0,fallback,0,1,post,,,,,,,,,,,
706694,2025-04-18,12:45,2025,REN,FCN,2,1,10,2,12,1,3,0,1,0,27880,Roazhon Park,,0.0,fallback,0,1,post,,,,,,,,,,,
706678,2025-04-13,12:45,2025,AJA,OL,1,3,3,6,9,-2,4,0,0,1,17511,Stade de l'Abbé-Deschamps,,0.0,fallback,0,1,post,,,,,,,,,,,
706685,2025-04-13,09:15,2025,SCO,ASM,2,0,6,1,7,2,2,0,1,0,12514,Stade Raymond Kopa,,0.0,fallback,0,1,post,,,,,,,,,,,
706679,2025-04-13,09:15,2025,HAC,REN,1,5,4,3,7,-4,6,0,0,1,21582,Stade Océane,,0.0,fallback,0,1,post,,,,,,,,,,,
706683,2025-04-13,07:00,2025,ASSE,SB29,3,3,7,9,16,0,6,1,0,0,32834,Stade Geoffroy-Guichard,,0.0,fallback,0,1,post,,,,,,,,,,,
706684,2025-04-12,13:05,2025,RCSA,OGCN,2,2,2,9,11,0,4,1,0,0,19210,Stade de la Meinau,,0.0,fallback,0,1,post,,,,,,,,,,,
706682,2025-04-12,11:00,2025,TFC,LOSC,1,2,4,2,6,-1,3,0,0,1,25936,Stadium de Toulouse,,0.0,fallback,0,1,post,,,,,,,,,,,
706681,2025-04-12,09:00,2025,ASM,OM,3,0,4,4,8,3,3,0,1,0,13232,Stade Louis II,,0.0,fallback,0,1,post,,,,,,,,,,,
706680,2025-04-11,12:45,2025,RCL,SDR,0,2,9,2,11,-2,2,0,0,1,38157,Stade Félix Bollaert-Delélis,,0.0,fallback,0,1,post,,,,,,,,,,,
706677,2025-04-06,12:45,2025,OM,TFC,3,2,5,1,6,1,5,0,1,0,64320,Orange Vélodrome,,0.0,fallback,0,1,post,,,,,,,,,,,
706673,2025-04-06,09:15,2025,REN,AJA,0,1,8,5,13,-1,1,0,0,1,28268,Roazhon Park,,0.0,fallback,0,1,post,,,,,,,,,,,
706672,2025-04-06,09:15,2025,ASM,HAC,0,2,5,2,7,-2,2,0,0,1,10146,Stade de la Mosson,,0.0,fallback,0,1,post,,,,,,,,,,,
706669,2025-04-06,09:15,2025,SDR,RCSA,0,1,4,7,11,-1,1,0,0,1,16254,Stade Auguste-Delaune II,,0.0,fallback,0,1,post,,,,,,,,,,,
706675,2025-04-06,07:00,2025,RCL,ASSE,1,0,6,3,9,1,1,0,1,0,38223,Stade Félix Bollaert-Delélis,,0.0,fallback,0,1,post,,,,,,,,,,,
706674,2025-04-05,13:05,2025,OL,LOSC,2,1,1,3,4,1,3,0,1,0,53771,Groupama Stadium,,0.0,fallback,0,1,post,,,,,,,,,,,
706670,2025-04-05,11:00,2025,SB29,ASM,2,1,2,9,11,1,3,0,1,0,14713,Stade Francis-Le Blé,,0.0,fallback,0,1,post,,,,,,,,,,,
706676,2025-04-05,09:00,2025,PSG,SCO,1,0,5,1,6,1,1,0,1,0,47736,Parc des Princes,,0.0,fallback,0,1,post,,,,,,,,,,,
706671,2025-04-04,12:45,2025,OGCN,FCN,1,2,11,2,13,-1,3,0,0,1,20585,Allianz Riviera,,0.0,fallback,0,1,post,,,,,,,,,,,
706665,2025-03-30,12:45,2025,LOSC,RCL,1,0,6,2,8,1,1,0,1,0,48197,Decathlon Arena - Stade Pierre-Mauroy,,0.0,fallback,0,1,post,,,,,,,,,,,
706667,2025-03-30,09:15,2025,AJA,ASM,1,0,11,6,17,1,1,0,1,0,16558,Stade de l'Abbé-Deschamps,,0.0,fallback,0,1,post,,,,,,,,,,,
706666,2025-03-30,09:15,2025,HAC,FCN,3,2,3,4,7,1,5,0,1,0,20426,Stade Océane,,0.0,fallback,0,1,post,,,,,,,,,,,
706660,2025-03-30,09:15,2025,SCO,REN,0,3,6,5,11,-3,3,0,0,1,11700,Stade Raymond Kopa,,0.0,fallback,0,1,post,,,,,,,,,,,
706664,2025-03-30,07:00,2025,TFC,SB29,2,4,10,3,13,-2,6,0,0,1,24418,Stadium de Toulouse,,0.0,fallback,0,1,post,,,,,,,,,,,
706668,2025-03-29,14:05,2025,ASM,OGCN,2,1,7,4,11,1,3,0,1,0,11564,Stade Louis II,,0.0,fallback,0,1,post,,,,,,,,,,,
706662,2025-03-29,12:00,2025,ASSE,PSG,1,6,3,6,9,-5,7,0,0,1,37108,Stade Geoffroy-Guichard,,0.0,fallback,0,1,post,,,,,,,,,,,
706663,2025-03-29,10:00,2025,SDR,OM,3,1,0,13,13,2,4,0,1,0,20213,Stade Auguste-Delaune II,,0.0,fallback,0,1,post,,,,,,,,,,,
706661,2025-03-28,13:45,2025,RCSA,OL,4,2,6,5,11,2,6,0,1,0,19496,Stade de la Meinau,,0.0,fallback,0,1,post,,,,,,,,,,,
706654,2025-03-16,13:45,2025,PSG,OM,3,1,5,5,10,2,4,0,1,0,47926,Parc des Princes,,0.0,fallback,0,1,post,,,,,,,,,,,
706656,2025-03-16,10:15,2025,ASM,ASSE,0,2,4,6,10,-2,2,0,0,1,0,Stade de la Mosson,,0.0,fallback,0,1,post,,,,,,,,,,,
706653,2025-03-16,10:15,2025,RCSA,TFC,2,1,4,3,7,1,3,0,1,0,19128,Stade de la Meinau,,0.0,fallback,0,1,post,,,,,,,,,,,
706652,2025-03-16,10:15,2025,SB29,SDR,0,0,4,4,8,0,0,1,0,0,14517,Stade Francis-Le Blé,,0.0,fallback,0,1,post,,,,,,,,,,,
706659,2025-03-16,08:00,2025,OL,HAC,4,2,4,1,5,2,6,0,1,0,46492,Groupama Stadium,,0.0,fallback,0,1,post,,,,,,,,,,,
706655,2025-03-15,14:05,2025,RCL,REN,1,0,5,4,9,1,1,0,1,0,38182,Stade Félix Bollaert-Delélis,,0.0,fallback,0,1,post,,,,,,,,,,,
706651,2025-03-15,12:00,2025,SCO,ASM,0,2,0,9,9,-2,2,0,0,1,11116,Stade Raymond Kopa,,0.0,fallback,0,1,post,,,,,,,,,,,
706657,2025-03-15,10:00,2025,FCN,LOSC,1,0,3,5,8,1,1,0,1,0,28621,La Beaujoire-Louis-Fonteneau,,0.0,fallback,0,1,post,,,,,,,,,,,
706658,2025-03-14,13:45,2025,OGCN,AJA,1,1,7,3,10,0,2,1,0,0,18640,Allianz Riviera,,0.0,fallback,0,1,post,,,,,,,,,,,
706643,2025-03-09,13:45,2025,OGCN,OL,0,2,9,2,11,-2,2,0,0,1,23840,Allianz Riviera,,0.0,fallback,0,1,post,,,,,,,,,,,
706649,2025-03-09,10:15,2025,HAC,ASSE,1,1,5,6,11,0,2,1,0,0,22239,Stade Océane,,0.0,fallback,0,1,post,,,,,,,,,,,
706644,2025-03-09,10:15,2025,SDR,AJA,0,2,6,12,18,-2,2,0,0,1,15474,Stade Auguste-Delaune II,,0.0,fallback,0,1,post,,,,,,,,,,,
706642,2025-03-09,10:15,2025,FCN,RCSA,0,1,3,9,12,-1,1,0,0,1,27645,La Beaujoire-Louis-Fonteneau,,0.0,fallback,0,1,post,,,,,,,,,,,
706648,2025-03-09,08:00,2025,SB29,SCO,2,0,6,6,12,2,2,0,1,0,14612,Stade Francis-Le Blé,,0.0,fallback,0,1,post,,,,,,,,,,,
706646,2025-03-08,14:05,2025,OM,RCL,0,1,7,0,7,-1,1,0,0,1,64942,Orange Vélodrome,,0.0,fallback,0,1,post,,,,,,,,,,,
706650,2025-03-08,12:00,2025,LOSC,ASM,1,0,7,1,8,1,1,0,1,0,42467,Decathlon Arena - Stade Pierre-Mauroy,,0.0,fallback,0,1,post,,,,,,,,,,,
706645,2025-03-08,10:00,2025,REN,PSG,1,4,3,2,5,-3,5,0,0,1,28550,Roazhon Park,,0.0,fallback,0,1,post,,,,,,,,,,,
706647,2025-03-07,13:45,2025,TFC,ASM,1,1,3,5,8,0,2,1,0,0,25593,Stadium de Toulouse,,0.0,fallback,0,1,post,,,,,,,,,,,
706633,2025-03-02,13:45,2025,OM,FCN,2,0,3,2,5,2,2,0,1,0,61874,Orange Vélodrome,,0.0,fallback,0,1,post,,,,,,,,,,,
706640,2025-03-02,10:15,2025,SCO,TFC,0,4,4,9,13,-4,4,0,0,1,12758,Stade Raymond Kopa,,0.0,fallback,0,1,post,,,,,,,,,,,
706639,2025-03-02,10:15,2025,AJA,RCSA,0,1,5,3,8,-1,1,0,0,1,16495,Stade de l'Abbé-Deschamps,,0.0,fallback,0,1,post,,,,,,,,,,,
706635,2025-03-02,10:15,2025,ASM,REN,0,4,6,5,11,-4,4,0,0,1,11990,Stade de la Mosson,,0.0,fallback,0,1,post,,,,,,,,,,,
706637,2025-03-02,08:00,2025,OL,SB29,2,1,2,5,7,1,3,0,1,0,47804,Groupama Stadium,,0.0,fallback,0,1,post,,,,,,,,,,,
706636,2025-03-01,14:05,2025,PSG,LOSC,4,1,9,3,12,3,5,0,1,0,47838,Parc des Princes,,0.0,fallback,0,1,post,,,,,,,,,,,
706638,2025-03-01,12:00,2025,RCL,HAC,3,4,9,2,11,-1,7,0,0,1,38167,Stade Félix Bollaert-Delélis,,0.0,fallback,0,1,post,,,,,,,,,,,
706641,2025-03-01,10:00,2025,ASSE,OGCN,1,3,3,4,7,-2,4,0,0,1,30070,Stade Geoffroy-Guichard,,0.0,fallback,0,1,post,,,,,,,,,,,
706634,2025-02-28,13:45,2025,ASM,SDR,3,0,7,2,9,3,3,0,1,0,5517,Stade Louis II,,0.0,fallback,0,1,post,,,,,,,,,,,
706629,2025-02-23,13:45,2025,OL,PSG,2,3,5,4,9,-1,5,0,0,1,57777,Groupama Stadium,,0.0,fallback,0,1,post,,,,,,,,,,,
706632,2025-02-23,10:15,2025,RCSA,SB29,0,0,1,8,9,0,0,1,0,0,19108,Stade de la Meinau,,0.0,fallback,0,1,post,,,,,,,,,,,
706631,2025-02-23,10:15,2025,HAC,TFC,1,4,5,3,8,-3,5,0,0,1,17239,Stade Océane,,0.0,fallback,0,1,post,,,,,,,,,,,
706627,2025-02-23,10:15,2025,OGCN,ASM,2,0,8,5,13,2,2,0,1,0,18519,Allianz Riviera,,0.0,fallback,0,1,post,,,,,,,,,,,
706628,2025-02-23,08:00,2025,FCN,RCL,3,1,2,11,13,2,4,0,1,0,28169,La Beaujoire-Louis-Fonteneau,,0.0,fallback,0,1,post,,,,,,,,,,,
706624,2025-02-22,14:05,2025,AJA,OM,3,0,2,5,7,3,3,0,1,0,17183,Stade de l'Abbé-Deschamps,,0.0,fallback,0,1,post,,,,,,,,,,,
706625,2025-02-22,12:00,2025,ASSE,SCO,3,3,4,3,7,0,6,1,0,0,30566,Stade Geoffroy-Guichard,,0.0,fallback,0,1,post,,,,,,,,,,,
706630,2025-02-22,10:00,2025,LOSC,ASM,2,1,1,6,7,1,3,0,1,0,44177,Decathlon Arena - Stade Pierre-Mauroy,,0.0,fallback,0,1,post,,,,,,,,,,,
706626,2025-02-21,13:45,2025,REN,SDR,1,0,9,2,11,1,1,0,1,0,26818,Roazhon Park,,0.0,fallback,0,1,post,,,,,,,,,,,
706620,2025-02-16,13:45,2025,REN,LOSC,0,2,4,8,12,-2,2,0,0,1,27627,Roazhon Park,,0.0,fallback,0,1,post,,,,,,,,,,,
706622,2025-02-16,10:15,2025,HAC,OGCN,1,3,6,2,8,-2,4,0,0,1,17739,Stade Océane,,0.0,fallback,0,1,post,,,,,,,,,,,
706619,2025-02-16,10:15,2025,SDR,SCO,0,1,1,4,5,-1,1,0,0,1,11868,Stade Auguste-Delaune II,,0.0,fallback,0,1,post,,,,,,,,,,,
706615,2025-02-16,10:15,2025,RCL,RCSA,0,2,7,3,10,-2,2,0,0,1,38113,Stade Félix Bollaert-Delélis,,0.0,fallback,0,1,post,,,,,,,,,,,
706618,2025-02-16,08:00,2025,ASM,OL,1,4,7,4,11,-3,5,0,0,1,16573,Stade de la Mosson,,0.0,fallback,0,1,post,,,,,,,,,,,
706621,2025-02-15,14:05,2025,TFC,PSG,0,1,5,2,7,-1,1,0,0,1,31695,Stadium de Toulouse,,0.0,fallback,0,1,post,,,,,,,,,,,
706617,2025-02-15,12:00,2025,ASM,FCN,7,1,9,1,10,6,8,0,1,0,6080,Stade Louis II,,0.0,fallback,0,1,post,,,,,,,,,,,
706616,2025-02-15,10:00,2025,OM,ASSE,5,1,14,3,17,4,6,0,1,0,66199,Orange Vélodrome,,0.0,fallback,0,1,post,,,,,,,,,,,
706623,2025-02-14,13:45,2025,SB29,AJA,2,2,6,4,10,0,4,1,0,0,14539,Stade Francis-Le Blé,,0.0,fallback,0,1,post,,,,,,,,,,,
706613,2025-02-09,13:45,2025,SCO,OM,0,2,1,7,8,-2,2,0,0,1,17325,Stade Raymond Kopa,,0.0,fallback,0,1,post,,,,,,,,,,,
706612,2025-02-09,10:15,2025,AJA,TFC,2,2,3,5,8,0,4,1,0,0,15801,Stade de l'Abbé-Deschamps,,0.0,fallback,0,1,post,,,,,,,,,,,
706610,2025-02-09,10:15,2025,RCSA,ASM,2,0,6,2,8,2,2,0,1,0,19042,Stade de la Meinau,,0.0,fallback,0,1,post,,,,,,,,,,,
706614,2025-02-09,08:00,2025,OL,SDR,4,0,6,6,12,4,4,0,1,0,43489,Groupama Stadium,,0.0,fallback,0,1,post,,,,,,,,,,,
706606,2025-02-08,14:05,2025,ASSE,REN,0,2,2,4,6,-2,2,0,0,1,30385,Stade Geoffroy-Guichard,,0.0,fallback,0,1,post,,,,,,,,,,,
706611,2025-02-08,12:00,2025,LOSC,HAC,1,2,8,10,18,-1,3,0,0,1,39515,Decathlon Arena - Stade Pierre-Mauroy,,0.0,fallback,0,1,post,,,,,,,,,,,
706608,2025-02-08,10:00,2025,OGCN,RCL,2,0,7,3,10,2,2,0,1,0,22586,Allianz Riviera,,0.0,fallback,0,1,post,,,,,,,,,,,
706607,2025-02-07,14:05,2025,PSG,ASM,4,1,1,1,2,3,5,0,1,0,47926,Parc des Princes,,0.0,fallback,0,1,post,,,,,,,,,,,
706609,2025-02-07,12:00,2025,FCN,SB29,0,2,12,4,16,-2,2,0,0,1,25050,La Beaujoire-Louis-Fonteneau,,0.0,fallback,0,1,post,,,,,,,,,,,
706598,2025-02-02,13:45,2025,OM,OL,3,2,0,0,0,1,5,0,1,0,66096,Orange Vélodrome,,0.0,fallback,0,1,post,,,,,,,,,,,
706605,2025-02-02,10:15,2025,SDR,FCN,1,2,9,3,12,-1,3,0,0,1,12712,Stade Auguste-Delaune II,,0.0,fallback,0,1,post,,,,,,,,,,,
706599,2025-02-02,10:15,2025,SCO,HAC,1,1,4,2,6,0,2,1,0,0,11267,Stade Raymond Kopa,,0.0,fallback,0,1,post,,,,,,,,,,,
706597,2025-02-02,10:15,2025,REN,RCSA,1,0,6,2,8,1,1,0,1,0,26621,Roazhon Park,,0.0,fallback,0,1,post,,,,,,,,,,,
706602,2025-02-02,08:00,2025,TFC,OGCN,1,1,7,2,9,0,2,1,0,0,23516,Stadium de Toulouse,,0.0,fallback,0,1,post,,,,,,,,,,,
706601,2025-02-01,14:05,2025,LOSC,ASSE,4,1,7,1,8,3,5,0,1,0,38924,Decathlon Arena - Stade Pierre-Mauroy,,0.0,fallback,0,1,post,,,,,,,,,,,
706603,2025-02-01,12:00,2025,ASM,AJA,4,2,5,4,9,2,6,0,1,0,5336,Stade Louis II,,0.0,fallback,0,1,post,,,,,,,,,,,
706600,2025-02-01,10:00,2025,SB29,PSG,2,5,4,7,11,-3,7,0,0,1,15040,Stade Francis-Le Blé,,0.0,fallback,0,1,post,,,,,,,,,,,
706604,2025-01-31,13:45,2025,ASM,RCL,0,2,4,5,9,-2,2,0,0,1,15330,Stade de la Mosson,,0.0,fallback,0,1,post,,,,,,,,,,,
706591,2025-01-26,13:45,2025,OGCN,OM,2,0,6,12,18,2,2,0,1,0,31017,Allianz Riviera,,0.0,fallback,0,1,post,,,,,,,,,,,
706596,2025-01-26,10:15,2025,TFC,ASM,1,2,6,2,8,-1,3,0,0,1,28382,Stadium de Toulouse,,0.0,fallback,0,1,post,,,,,,,,,,,
706594,2025-01-26,10:15,2025,RCL,SCO,1,0,4,4,8,1,1,0,1,0,37321,Stade Félix Bollaert-Delélis,,0.0,fallback,0,1,post,,,,,,,,,,,
706592,2025-01-26,10:15,2025,FCN,OL,1,1,4,8,12,0,2,1,0,0,32690,La Beaujoire-Louis-Fonteneau,,0.0,fallback,0,1,post,,,,,,,,,,,
706595,2025-01-26,08:00,2025,HAC,SB29,0,1,6,6,12,-1,1,0,0,1,17898,Stade Océane,,0.0,fallback,0,1,post,,,,,,,,,,,
706590,2025-01-25,14:05,2025,PSG,SDR,1,1,8,1,9,0,2,1,0,0,47862,Parc des Princes,,0.0,fallback,0,1,post,,,,,,,,,,,
706589,2025-01-25,12:00,2025,RCSA,LOSC,2,1,6,7,13,1,3,0,1,0,19428,Stade de la Meinau,,0.0,fallback,0,1,post,,,,,,,,,,,
706593,2025-01-25,10:00,2025,ASM,REN,3,2,4,2,6,1,5,0,1,0,5725,Stade Louis II,,0.0,fallback,0,1,post,,,,,,,,,,,
706588,2025-01-24,13:45,2025,AJA,ASSE,1,1,3,4,7,0,2,1,0,0,16805,Stade de l'Abbé-Deschamps,,0.0,fallback,0,1,post,,,,,,,,,,,
706585,2025-01-19,13:45,2025,OM,RCSA,1,1,9,3,12,0,2,1,0,0,63992,Orange Vélodrome,,0.0,fallback,0,1,post,,,,,,,,,,,
706583,2025-01-19,10:15,2025,SDR,HAC,1,1,6,6,12,0,2,1,0,0,11278,Stade Auguste-Delaune II,,0.0,fallback,0,1,post,,,,,,,,,,,
706579,2025-01-19,10:15,2025,SCO,AJA,2,0,4,2,6,2,2,0,1,0,9938,Stade Raymond Kopa,,0.0,fallback,0,1,post,,,,,,,,,,,
706581,2025-01-19,08:00,2025,ASSE,FCN,1,1,7,7,14,0,2,1,0,0,14094,Stade Geoffroy-Guichard,,0.0,fallback,0,1,post,,,,,,,,,,,
706586,2025-01-18,14:05,2025,OL,TFC,0,0,8,5,13,0,0,1,0,0,42592,Groupama Stadium,,0.0,fallback,0,1,post,,,,,,,,,,,
706582,2025-01-18,12:00,2025,REN,SB29,1,2,4,4,8,-1,3,0,0,1,28238,Roazhon Park,,0.0,fallback,0,1,post,,,,,,,,,,,
706580,2025-01-18,10:00,2025,RCL,PSG,1,2,6,1,7,-1,3,0,0,1,38120,Stade Félix Bollaert-Delélis,,0.0,fallback,0,1,post,,,,,,,,,,,
706587,2025-01-17,14:05,2025,LOSC,OGCN,2,1,8,7,15,1,3,0,1,0,38325,Decathlon Arena - Stade Pierre-Mauroy,,0.0,fallback,0,1,post,,,,,,,,,,,
706584,2025-01-17,12:00,2025,ASM,ASM,2,1,4,16,20,1,3,0,1,0,11371,Stade de la Mosson,,0.0,fallback,0,1,post,,,,,,,,,,,
706574,2025-01-12,13:45,2025,PSG,ASSE,2,1,7,3,10,1,3,0,1,0,47580,Parc des Princes,,0.0,fallback,0,1,post,,,,,,,,,,,
706573,2025-01-12,10:15,2025,TFC,RCSA,1,2,3,2,5,-1,3,0,0,1,22042,Stadium de Toulouse,,0.0,fallback,0,1,post,,,,,,,,,,,
706572,2025-01-12,10:15,2025,ASM,SCO,1,3,3,3,6,-2,4,0,0,1,11719,Stade de la Mosson,,0.0,fallback,0,1,post,,,,,,,,,,,
706571,2025-01-12,08:00,2025,HAC,RCL,1,2,3,8,11,-1,3,0,0,1,19617,Stade Océane,,0.0,fallback,0,1,post,,,,,,,,,,,
706576,2025-01-11,14:05,2025,REN,OM,1,2,2,3,5,-1,3,0,0,1,26837,Roazhon Park,,0.0,fallback,0,1,post,,,,,,,,,,,
706575,2025-01-11,12:00,2025,SDR,OGCN,2,4,6,3,9,-2,6,0,0,1,12270,Stade Auguste-Delaune II,,0.0,fallback,0,1,post,,,,,,,,,,,
706570,2025-01-11,10:00,2025,SB29,OL,2,1,4,7,11,1,3,0,1,0,14735,Stade Francis-Le Blé,,0.0,fallback,0,1,post,,,,,,,,,,,
706577,2025-01-10,14:05,2025,AJA,LOSC,0,0,6,10,16,0,0,1,0,0,15599,Stade de l'Abbé-Deschamps,,0.0,fallback,0,1,post,,,,,,,,,,,
706578,2025-01-10,12:00,2025,FCN,ASM,2,2,3,11,14,0,4,1,0,0,25380,La Beaujoire-Louis-Fonteneau,,0.0,fallback,0,1,post,,,,,,,,,,,
706562,2025-01-05,13:45,2025,OM,HAC,5,1,4,0,4,4,6,0,1,0,64092,Orange Vélodrome,,0.0,fallback,0,1,post,,,,,,,,,,,
706568,2025-01-05,08:00,2025,SCO,SB29,2,0,2,4,6,2,2,0,1,0,12691,Stade Raymond Kopa,,0.0,fallback,0,1,post,,,,,,,,,,,
706567,2025-01-05,08:00,2025,RCL,TFC,0,1,7,1,8,-1,1,0,0,1,37461,Stade Félix Bollaert-Delélis,,0.0,fallback,0,1,post,,,,,,,,,,,
706566,2025-01-05,08:00,2025,RCSA,AJA,3,1,4,3,7,2,4,0,1,0,19500,Stade de la Meinau,,0.0,fallback,0,1,post,,,,,,,,,,,
706561,2025-01-04,14:00,2025,OL,ASM,1,0,3,5,8,1,1,0,1,0,48162,Groupama Stadium,,0.0,fallback,0,1,post,,,,,,,,,,,
706565,2025-01-04,12:00,2025,LOSC,FCN,1,1,2,0,2,0,2,1,0,0,41635,Decathlon Arena - Stade Pierre-Mauroy,,0.0,fallback,0,1,post,,,,,,,,,,,
706569,2025-01-04,10:00,2025,ASSE,SDR,3,1,6,9,15,2,4,0,1,0,14201,Stade Geoffroy-Guichard,,0.0,fallback,0,1,post,,,,,,,,,,,
706564,2025-01-03,14:00,2025,OGCN,REN,3,2,3,3,6,1,5,0,1,0,21332,Allianz Riviera,,0.0,fallback,0,1,post,,,,,,,,,,,
